"","County","Type","Grouping","LowerBound","Median","UpperBound","COD","COV","PRD","PRB","Sales"
"1","Adams","Industrial Vacant","Countywide",NA,NA,NA,NA,NA,NA,NA,0
"2","Adams","Industrial Improved","Countywide",NA,NA,NA,NA,NA,NA,NA,0
"3","Adams","Commercial Vacant","Countywide",NA,NA,NA,NA,NA,NA,NA,0
"2.5%","Adams","Commercial Improved","Countywide",0.87,0.98,1.04,12.34,14.77,1.03,0,26
"df_sp","Adams","Residential Vacant","Countywide",0.53,1.1,1.42,42.16,59.86,3.41,0,7
"2.5%1","Adams","Residential Improved","Countywide",0.92,0.94,0.95,14.47,19,1.03,0,707
"2.5%2","Adams","Residential Improved","Blue Creek",0.91,0.95,0.97,15.44,19.86,1.03,0,137
"2.5%3","Adams","Residential Improved","Hartford",0.88,0.93,0.97,15.68,20.76,1.03,0,122
"2.5%4","Adams","Residential Improved","Preble",0.82,0.91,1.01,16.46,23.19,1.02,0,30
"2.5%5","Adams","Residential Improved","Washington",0.9,0.92,0.96,15.24,18.8,1.03,0,206
"2.5%6","Adams","Residential Improved","Root",0.91,0.94,0.96,12.35,16.95,1.02,0,212
"df_sp1","Allen","Industrial Vacant","Countywide",0.84,0.95,1.02,22.18,31.16,1.49,0,12
"2.5%7","Allen","Industrial Improved","Countywide",0.82,0.9,0.93,15.67,27.59,1.3,0,23
"df_sp2","Allen","Commercial Vacant","Countywide",0.91,0.93,0.99,6.04,7.47,1.03,0,12
"2.5%8","Allen","Commercial Improved","Countywide",0.89,0.93,0.95,14.97,24.2,1.21,0,104
"df_sp3","Allen","Commercial Improved","Aboite",0.93,0.99,1.03,5.41,6.92,1.03,0,6
"2.5%9","Allen","Commercial Improved","Adams",0.85,0.92,0.94,12.6,20.97,1.11,0,42
"2.5%10","Allen","Commercial Improved","Perry",0.89,0.96,0.98,11.07,17.87,1.12,0,20
"2.5%11","Allen","Commercial Improved","Washington",0.83975,0.9,0.97,19.76,29.16,1.19,0,30
"2.5%12","Allen","Residential Vacant","Countywide",0.76,0.94,1.06,37.78,56.67,2.05,0,68
"df_sp4","Allen","Residential Vacant","Aboite",0.6,1.06,1.13,28.93,53.6,2.52,0,14
"df_sp5","Allen","Residential Vacant","Adams",0.66,0.75,1.05,40.13,50.14,1.32,0,9
"df_sp6","Allen","Residential Vacant","Cedar Creek",0.93,1.13,1.16,14.16,21.09,1.11,0,13
"df_sp7","Allen","Residential Vacant","Eel River",0.03,0.75,0.93,55.23,84.15,2.04,0,14
"df_sp8","Allen","Residential Vacant","Perry",0.52,1.05,1.1,30.45,53.53,1.17,0,13
"11","Allen","Residential Vacant","St. Joseph",NA,NA,NA,NA,NA,NA,NA,2
"2.5%13","Allen","Residential Improved","Countywide",0.99,0.99,0.99,15.58,49.73,1.05,0,6142
"2.5%14","Allen","Residential Improved","Aboite",0.99,1,1,15.69,54.11,1.07,0,948
"2.5%15","Allen","Residential Improved","Adams",0.95,0.97,0.98,10.9,21.95,1.01,0,410
"2.5%16","Allen","Residential Improved","Cedar Creek",0.99,1,1.01,60.71,86.8,1.35,0,236
"2.5%17","Allen","Residential Improved","Eel River",0.99,1,1,15.55,55.47,1.09,0,104
"df_sp9","Allen","Residential Improved","Jackson",0.92,0.98,1.02,10.03,13.52,1,0,13
"2.5%18","Allen","Residential Improved","Lafayette",0.95,0.98,1,8.26,10.52,1.01,0,82
"2.5%19","Allen","Residential Improved","Lake",0.92975,0.99,1.04,9.06,11.33,1,0,28
"2.5%20","Allen","Residential Improved","Maumee",0.9,0.95,1.02,8.85,10.79,0.99,0,35
"df_sp10","Allen","Residential Improved","Milan",0.89,0.96,1.01,18.28,34.97,1.07,0,19
"df_sp11","Allen","Residential Improved","Monroe",0.91,0.95,0.99,9.97,14.03,1.02,0,17
"2.5%21","Allen","Residential Improved","Perry",0.99,0.99,1,18.25,56.1,1.09,0,1024
"2.5%22","Allen","Residential Improved","Pleasant",0.91,0.96,0.99,12.78,20.12,1,0,41
"2.5%23","Allen","Residential Improved","Scipio",0.93,0.98,1.03,9.44,13.12,1.02,0,30
"2.5%24","Allen","Residential Improved","St. Joseph",0.98,0.98,0.99,14.78,52.37,1.06,0,1188
"2.5%25","Allen","Residential Improved","Washington",0.99,1,1,9.26,31.07,1.02,0,564
"2.5%26","Allen","Residential Improved","Wayne",0.99,1,1,11.37,16.51,1.01,0,1403
"12","Bartholomew","Industrial Vacant","Countywide",NA,NA,NA,NA,NA,NA,NA,0
"13","Bartholomew","Industrial Improved","Countywide",NA,NA,NA,NA,NA,NA,NA,0
"14","Bartholomew","Commercial Vacant","Countywide",NA,NA,NA,NA,NA,NA,NA,0
"df_sp12","Bartholomew","Commercial Improved","Countywide",0.79,0.95,0.97,22.48,40.26,1.12,0,16
"2.5%27","Bartholomew","Residential Vacant","Countywide",1.03,1.1,1.14,9.34,11.38,1.12,0,34
"df_sp13","Bartholomew","Residential Vacant","Columbus",0.99,1.08,1.15,9.44,11.24,1.08,0,14
"df_sp14","Bartholomew","Residential Vacant","Harrison",1.05,1.14,1.24,7.93,9.91,1.18,0,8
"df_sp15","Bartholomew","Residential Vacant","Clay",0.96,1.08,1.15,9.89,12.55,1.15,0,12
"2.5%28","Bartholomew","Residential Improved","Countywide",0.9,0.9,0.91,9.74,14.62,1,0,1085
"2.5%29","Bartholomew","Residential Improved","Clay",0.87,0.91,0.96,9.28,12.81,0.99,0,38
"df_sp16","Bartholomew","Residential Improved","Clifty",0.86,0.91,1,9.17,11.06,1,0,9
"2.5%30","Bartholomew","Residential Improved","Columbus",0.89,0.9,0.91,9.4,14.7,1,0,749
"2.5%31","Bartholomew","Residential Improved","Flatrock",0.9,0.93,1,13.86,19.12,1.01,0,29
"2.5%32","Bartholomew","Residential Improved","German",0.84975,0.9,0.92,8.33,10.84,1,0,69
"2.5%33","Bartholomew","Residential Improved","Harrison",0.9,0.93,0.95,9.71,14.96,1,0,66
"2.5%34","Bartholomew","Residential Improved","Hawcreek",0.86,0.91,0.96,13.29,17.48,1.01,0,44
"df_sp17","Bartholomew","Residential Improved","Jackson",0.77,0.91,0.98,14.4,17.02,1,0,10
"df_sp18","Bartholomew","Residential Improved","Ohio",0.85,0.9,0.93,8.67,11.74,1.01,0,18
"2.5%35","Bartholomew","Residential Improved","Rockcreek",0.85,0.9,0.99,10.9,13.73,1.02,0,30
"2.5%36","Bartholomew","Residential Improved","Wayne",0.8,0.9,0.94,8.83,10.85,0.98,0,23
"15","Benton","Industrial Vacant","Countywide",NA,NA,NA,NA,NA,NA,NA,0
"16","Benton","Industrial Improved","Countywide",NA,NA,NA,NA,NA,NA,NA,0
"17","Benton","Commercial Vacant","Countywide",NA,NA,NA,NA,NA,NA,NA,0
"df_sp19","Benton","Commercial Improved","Countywide",0.97,0.99,1.07,13.07,29.46,1.07,0,9
"18","Benton","Residential Vacant","Countywide",NA,NA,NA,NA,NA,NA,NA,0
"2.5%37","Benton","Residential Improved","Countywide",0.94,0.97,1,15.96,22.66,1.05,0,157
"2.5%38","Benton","Residential Improved","Bolivar",0.88,0.95,1.02,18.61,29.27,1.06,0,26
"2.5%39","Benton","Residential Improved","Center",0.94,1,1.02,11.34,14.62,1.03,0,50
"df_sp20","Benton","Residential Improved","Grant",0.86,0.92,0.97,14.04,17.91,1.03,0,17
"2.5%40","Benton","Residential Improved","Oak Grove",0.90975,1,1.08,21.23,26.91,1.07,0,40
"df_sp21","Benton","Residential Improved","Richland",0.92,0.95,1.01,9.14,12.84,1.01,0,10
"df_sp22","Benton","Residential Improved","Gilboa",0.84,0.98,1.12,16.38,22.5,1.06,0,14
"19","Blackford","Industrial Vacant","Countywide",NA,NA,NA,NA,NA,NA,NA,0
"110","Blackford","Industrial Improved","Countywide",NA,NA,NA,NA,NA,NA,NA,0
"111","Blackford","Commercial Vacant","Countywide",NA,NA,NA,NA,NA,NA,NA,0
"df_sp23","Blackford","Commercial Improved","Countywide",0.34,0.5,0.71,25.38,30.39,1.12,0,5
"df_sp24","Blackford","Residential Vacant","Countywide",0.75,1.09,1.53,42.43,54.16,1.18,0,11
"2.5%41","Blackford","Residential Improved","Countywide",0.99,1,1.02,15.38,26.36,1.05,0,235
"2.5%42","Blackford","Residential Improved","Harrison",0.99,1,1.05,12.86,21.88,1.05,0,33
"df_sp25","Blackford","Residential Improved","Jackson",0.95,1,1.11,19.2,28.28,1.08,0,9
"2.5%43","Blackford","Residential Improved","Licking",0.99,1,1.03,15.75,27.34,1.05,0,187
"df_sp26","Blackford","Residential Improved","Washington",0.9,0.98,1.01,11.37,18.84,1.01,0,6
"112","Boone","Industrial Vacant","Countywide",NA,NA,NA,NA,NA,NA,NA,0
"df_sp27","Boone","Industrial Improved","Countywide",0.5,0.55,0.55,9.48,16.18,1.02,0,6
"df_sp28","Boone","Commercial Vacant","Countywide",0.03,0.36,1,80.71,88.65,0.87,0,5
"2.5%44","Boone","Commercial Improved","Countywide",0.9,0.96,0.99,16.03,29.03,1.06,0,26
"2.5%45","Boone","Residential Vacant","Countywide",1,1,1,23.92,48.7,0.89,0,91
"2.5%46","Boone","Residential Improved","Countywide",1,1,1,6.21,16.07,1.01,0,1762
"2.5%47","Boone","Residential Improved","Center",0.99,1,1,5.44,9.01,1,0,426
"2.5%48","Boone","Residential Improved","Clinton",0.93,0.94,0.96,5.89,8.15,1,0,34
"2.5%49","Boone","Residential Improved","Eagle",1,1,1.01,7.88,24.3,1.02,0,603
"2.5%50","Boone","Residential Improved","Harrison",0.97,0.98,1.02,8.45,15.15,1.03,0,58
"2.5%51","Boone","Residential Improved","Jefferson",0.93,0.98,1.06,7.57,8.85,1,0,23
"2.5%52","Boone","Residential Improved","Perry",0.99,1,1.01,4.53,7.39,1.01,0,186
"2.5%53","Boone","Residential Improved","Sugar Creek",0.92,0.99,1.04,6.99,9.14,1.01,0,23
"2.5%54","Boone","Residential Improved","Union",0.98,1.01,1.02,6.36,10.12,1.01,0,57
"2.5%55","Boone","Residential Improved","Worth",1,1,1.01,4.45,6.33,1,0,352
"113","Brown","Industrial Vacant","Countywide",NA,NA,NA,NA,NA,NA,NA,0
"114","Brown","Industrial Improved","Countywide",NA,NA,NA,NA,NA,NA,NA,0
"115","Brown","Commercial Vacant","Countywide",NA,NA,NA,NA,NA,NA,NA,0
"df_sp29","Brown","Commercial Improved","Countywide",0.79,0.93,0.98,19.54,33.04,1.25,0,14
"2.5%56","Brown","Residential Vacant","Countywide",0.95,0.99,1.05025,19.36,28.8,1.25,0,60
"2.5%57","Brown","Residential Vacant","Hamblen",0.78,1,1.07,21.62,30.25,1.38,0,22
"df_sp30","Brown","Residential Vacant","Jackson",0.65,0.95,1,22.3,38.97,1.42,0,6
"df_sp31","Brown","Residential Vacant","Van Buren",0.68,0.96,1.08,23.41,35.64,1.16,0,11
"2.5%58","Brown","Residential Vacant","Washington",0.97,1.03,1.13,13.62,21.35,1.08,0,21
"2.5%59","Brown","Residential Improved","Countywide",0.92,0.94,0.95,15.47,26.62,1.05,0,272
"2.5%60","Brown","Residential Improved","Hamblen",0.87,0.91,0.95,16.9,29.11,1.06,0,103
"2.5%61","Brown","Residential Improved","Jackson",0.92,0.98,1.01,16.76,27.1,1.08,0,61
"df_sp32","Brown","Residential Improved","Van Buren",0.85,0.93,1,10.08,13.18,0.99,0,19
"2.5%62","Brown","Residential Improved","Washington",0.89,0.94,0.97,13.47,25.25,1.03,0,89
"116","Carroll","Industrial Vacant","Countywide",NA,NA,NA,NA,NA,NA,NA,0
"117","Carroll","Industrial Improved","Countywide",NA,NA,NA,NA,NA,NA,NA,0
"118","Carroll","Commercial Vacant","Countywide",NA,NA,NA,NA,NA,NA,NA,0
"2.5%63","Carroll","Commercial Improved","Countywide",0.79,0.91,0.96,45.45,103.29,1.16,0,38
"2.5%64","Carroll","Residential Vacant","Countywide",0.53,0.64,0.86,51.96,57.68,1.55,0,68
"2.5%65","Carroll","Residential Improved","Countywide",0.94,0.95,0.96,27.94,70.46,1.12,0,933
"2.5%66","Carroll","Residential Improved","Adams",0.89,0.95,1.01,46.77,96.71,1.29,0,58
"2.5%67","Carroll","Residential Improved","Burlington",0.93,0.96,1,32.6,76.17,1.17,0,71
"2.5%68","Carroll","Residential Improved","Clay",0.83,0.94,1,36.64,106.38,1.17,0,39
"2.5%69","Carroll","Residential Improved","Deer Creek",0.92,0.97,1,28.93,73.42,1.14,0,192
"2.5%70","Carroll","Residential Improved","Democrat",0.87,0.98,1.1,35.5,86.6,1.17,0,27
"2.5%71","Carroll","Residential Improved","Jackson",0.88,0.96,1.01,35.45,101.36,1.15,0,45
"2.5%72","Carroll","Residential Improved","Jefferson",0.9,0.93,0.95,23.3,57.6,1.09,0,204
"2.5%73","Carroll","Residential Improved","Madison",0.88,0.95,1.1,26.57,55.13,1.1,0,22
"2.5%74","Carroll","Residential Improved","Monroe",0.91,0.95,1.01025,20.99,30.56,1.06,0,148
"119","Cass","Industrial Vacant","Countywide",NA,NA,NA,NA,NA,NA,NA,0
"df_sp33","Cass","Industrial Improved","Countywide",0.69,0.99,1.02,22.27,32.04,0.99,0,9
"df_sp34","Cass","Commercial Vacant","Countywide",0.15,0.59,1.04,97.52,115.98,1.73,0,7
"2.5%75","Cass","Commercial Improved","Countywide",0.83,1,1.08,29.47,43.84,1.21,0,65
"2.5%76","Cass","Residential Vacant","Countywide",0.87,1.1,1.2,34.78,49.72,1.3,0,36
"2.5%77","Cass","Residential Improved","Countywide",0.94,0.95,0.96,19.42,33.27,1.06,0,1061
"df_sp35","Cass","Residential Improved","Adams",0.62,0.8,1.02,24.27,27.89,1.07,0,11
"df_sp36","Cass","Residential Improved","Bethlehem",0.84,0.99,1.11,16.33,21.09,1.04,0,18
"2.5%78","Cass","Residential Improved","Boone",0.91,0.94,0.99,25.64,45.98,1.09,0,95
"2.5%79","Cass","Residential Improved","Clay",0.91,0.94,0.97025,13.82,19.53,1.02,0,80
"2.5%80","Cass","Residential Improved","Deer Creek",0.93,0.95,0.97,13.38,20.02,1.03,0,91
"2.5%81","Cass","Residential Improved","Eel",0.93,0.95,0.98,21.11,35.93,1.08,0,601
"2.5%82","Cass","Residential Improved","Miami",0.86,0.93,1.04,14.64,16.91,1.01,0,28
"2.5%83","Cass","Residential Improved","Noble",0.89,0.95,1.03,14.65,20.24,1.02,0,39
"2.5%84","Cass","Residential Improved","Tipton",0.85,0.95,0.99,15.68,19.19,1.04,0,71
"2.5%85","Cass","Residential Improved","Washington",0.82,0.95,1.02,19.52,29.3,1.03,0,27
"120","Clark","Industrial Vacant","Countywide",NA,NA,NA,NA,NA,NA,NA,0
"121","Clark","Industrial Improved","Countywide",NA,NA,NA,NA,NA,NA,NA,0
"df_sp37","Clark","Commercial Vacant","Countywide",0.12,0.17,0.27,204.17,164.55,11.84,0,6
"2.5%86","Clark","Commercial Improved","Countywide",0.95975,0.98,0.99,11.41,20.92,1.09,0,77
"2.5%87","Clark","Residential Vacant","Countywide",0.99,1.02,1.08,35.49,55.88,4.08,0,119
"df_sp38","Clark","Residential Vacant","Carr",0.98,1.18,1.3,21.37,38.09,1.33,0,14
"2.5%88","Clark","Residential Vacant","Charlestown",0.98,1.08,1.19,26.71,42.09,1.49,0,28
"2.5%89","Clark","Residential Vacant","Jeffersonville",0.1,0.1,0.78,406.45,98.99,4.25,0,38
"df_sp39","Clark","Residential Vacant","Monroe",1.04,1.08,1.23,6.78,9.14,1.09,0,7
"df_sp40","Clark","Residential Vacant","Union",0.07,1.15,1.15,27.49,63.07,1.1,0,7
"2.5%90","Clark","Residential Vacant","Utica",1.01,1.05,1.13,14,18.51,1.13,0,21
"122","Clark","Residential Vacant","Bethlehem",NA,NA,NA,NA,NA,NA,NA,4
"2.5%91","Clark","Residential Improved","Countywide",0.98,0.98,0.99,13.97,28.76,1.04,0,2587
"2.5%92","Clark","Residential Improved","Bethlehem",0.89,0.95,1,14.46,21.38,0.98,0,28
"2.5%93","Clark","Residential Improved","Carr",0.96,0.98,0.99,11.83,27.24,1.02,0,97
"2.5%94","Clark","Residential Improved","Charlestown",0.97,0.98,1,9.69,19.86,1.01,0,391
"2.5%95","Clark","Residential Improved","Jeffersonville",0.98,0.99,0.99,18.58,35.22,1.06,0,1173
"2.5%96","Clark","Residential Improved","Monroe",0.95,0.99,1,15.11,27.54,1.06,0,92
"df_sp41","Clark","Residential Improved","Oregon",0.86,0.92,0.97,9.3,12.79,1.01,0,17
"2.5%97","Clark","Residential Improved","Silver Creek",0.95,0.97,0.98,9.6,15.71,1.01,0,275
"2.5%98","Clark","Residential Improved","Union",0.97,0.99,1,10.78,18.03,1.01,0,115
"2.5%99","Clark","Residential Improved","Utica",0.98,0.99,0.99,6.26,9.83,1.01,0,336
"2.5%100","Clark","Residential Improved","Washington",0.86,0.92,1.01,10.67,13.14,1,0,21
"2.5%101","Clark","Residential Improved","Wood",0.88,0.96,0.99025,25.59,52.03,1.09,0,41
"123","Clay","Industrial Vacant","Countywide",NA,NA,NA,NA,NA,NA,NA,0
"124","Clay","Industrial Improved","Countywide",NA,NA,NA,NA,NA,NA,NA,0
"125","Clay","Commercial Vacant","Countywide",NA,NA,NA,NA,NA,NA,NA,0
"df_sp42","Clay","Commercial Improved","Countywide",0.91,0.99,1.04,7.15,10.59,1,0,7
"126","Clay","Residential Vacant","Countywide",NA,NA,NA,NA,NA,NA,NA,0
"2.5%102","Clay","Residential Improved","Countywide",0.9,0.92,0.93,14.03,18.72,1.04,0,315
"2.5%103","Clay","Residential Improved","Brazil",0.89,0.92,0.94,14.9,19.15,1.03,0,128
"2.5%104","Clay","Residential Improved","Dick Johnson",0.85,0.96,0.99,15.15,23.15,1.11,0,31
"2.5%105","Clay","Residential Improved","Cass",0.86,0.91,0.93,12.19,15.32,1.04,0,65
"2.5%106","Clay","Residential Improved","Harrison",0.88,0.95,1.04,16.76,25.22,1.05,0,22
"2.5%107","Clay","Residential Improved","Perry",0.88,0.9,0.95,12.55,14.97,1.02,0,69
"127","Clinton","Industrial Vacant","Countywide",NA,NA,NA,NA,NA,NA,NA,0
"128","Clinton","Industrial Improved","Countywide",NA,NA,NA,NA,NA,NA,NA,0
"129","Clinton","Commercial Vacant","Countywide",NA,NA,NA,NA,NA,NA,NA,0
"df_sp43","Clinton","Commercial Improved","Countywide",0.45,0.86,1.09,31.46,43.34,1.15,0,6
"df_sp44","Clinton","Residential Vacant","Countywide",0.3,0.65,1.23,70.96,70.82,2.12,0,9
"2.5%108","Clinton","Residential Improved","Countywide",0.89,0.92,0.95,22.97,30.59,1.08,0,360
"2.5%109","Clinton","Residential Improved","Center",0.88,0.93,0.97,25.84,32.75,1.09,0,228
"2.5%110","Clinton","Residential Improved","Union",0.87,0.9,0.99,11.82,15.65,1.03,0,27
"2.5%111","Clinton","Residential Improved","Perry",0.87,0.91,0.97,15.85,22.14,1.01,0,38
"2.5%112","Clinton","Residential Improved","Madison",0.84,0.91,0.99,25.88,34.68,1.14,0,27
"2.5%113","Clinton","Residential Improved","Ross",0.92,0.97,1.02,12.82,17.18,1.01,0,26
"df_sp45","Clinton","Residential Improved","Michigan",0.52,0.8,0.95,24.01,30.05,1.05,0,14
"130","Crawford","Industrial Vacant","Countywide",NA,NA,NA,NA,NA,NA,NA,0
"131","Crawford","Industrial Improved","Countywide",NA,NA,NA,NA,NA,NA,NA,0
"132","Crawford","Commercial Vacant","Countywide",NA,NA,NA,NA,NA,NA,NA,0
"df_sp46","Crawford","Commercial Improved","Countywide",0.81,0.92,1.05,12.77,16.55,1.04,0,6
"df_sp47","Crawford","Residential Vacant","Countywide",0.78,0.98,1.12,24.57,40.05,1.06,0,13
"df_sp48","Crawford","Residential Vacant","Boone",0.68,1.07,1.16,23.83,37.45,1.04,0,8
"df_sp49","Crawford","Residential Vacant","Patoka",0.12,0.96,1.03,20.91,47.82,1.06,0,5
"2.5%114","Crawford","Residential Improved","Countywide",0.9,0.91,0.94,10.24,15.82,1.02,0,57
"df_sp50","Crawford","Residential Improved","Boone",0.84,0.94,0.96,12.52,19.51,1.05,0,6
"df_sp51","Crawford","Residential Improved","Jennings",0.72,0.9,0.91,15.41,22.88,0.99,0,13
"df_sp52","Crawford","Residential Improved","Johnson",0.88,0.94,0.98,11.68,16.35,1.03,0,15
"df_sp53","Crawford","Residential Improved","Liberty",0.9,0.93,0.96,6,8.82,1.01,0,15
"df_sp54","Crawford","Residential Improved","Whiskey Run",0.87,0.91,0.95,3.59,5.11,1.01,0,8
"133","Daviess","Industrial Vacant","Countywide",NA,NA,NA,NA,NA,NA,NA,0
"134","Daviess","Industrial Improved","Countywide",NA,NA,NA,NA,NA,NA,NA,0
"135","Daviess","Commercial Vacant","Countywide",NA,NA,NA,NA,NA,NA,NA,0
"136","Daviess","Commercial Improved","Countywide",NA,NA,NA,NA,NA,NA,NA,0
"df_sp55","Daviess","Residential Vacant","Countywide",0.4,0.72,0.94,41.3,60.07,0.93,0,11
"2.5%115","Daviess","Residential Improved","Countywide",0.94,0.97,1,15.74,29.39,1.03,0,167
"2.5%116","Daviess","Residential Improved","Madison",0.83,0.94,1.08,13.54,14.79,1.02,0,20
"2.5%117","Daviess","Residential Improved","Washington",0.94,0.96,1.01,18.1,35.48,1.05,0,103
"df_sp56","Daviess","Residential Improved","Elmore",0.84,0.9,0.96,12.28,17.95,1.03,0,15
"2.5%118","Daviess","Residential Improved","Barr",0.92,1.02,1.06,9.08,12.23,1,0,29
"137","Dearborn","Industrial Vacant","Countywide",NA,NA,NA,NA,NA,NA,NA,0
"138","Dearborn","Industrial Improved","Countywide",NA,NA,NA,NA,NA,NA,NA,0
"139","Dearborn","Commercial Vacant","Countywide",NA,NA,NA,NA,NA,NA,NA,0
"2.5%119","Dearborn","Commercial Improved","Countywide",0.85,0.91,0.96,21.63,34.2,1.04,0,44
"2.5%120","Dearborn","Residential Vacant","Countywide",0.87,0.94,1.03,41.21,54.34,2.09,0,111
"2.5%121","Dearborn","Residential Improved","Countywide",0.88,0.9,0.91,21.07,39.45,1.08,0,897
"2.5%122","Dearborn","Residential Improved","Caesar Creek",0.86,0.89,0.94,22.86,50.66,1.1,0,43
"2.5%123","Dearborn","Residential Improved","Hogan",0.79,0.9,0.94,28.47,48.06,1.16,0,35
"2.5%124","Dearborn","Residential Improved","Center",0.85,0.91,0.96,31.44,54.65,1.16,0,108
"2.5%125","Dearborn","Residential Improved","Harrison",0.83,0.89,0.94,18.68,27.92,1.07,0,57
"df_sp57","Dearborn","Residential Improved","Jackson",0.71,0.84,0.91,16.14,19.89,1.03,0,16
"2.5%126","Dearborn","Residential Improved","Kelso",0.81,0.9,0.95,16.01,22.62,1.05,0,32
"2.5%127","Dearborn","Residential Improved","Lawrenceburg",0.87,0.89,0.91,16.42,23.34,1.04,0,275
"2.5%128","Dearborn","Residential Improved","Logan",0.86,0.89,0.92,22.41,36.47,1.1,0,48
"2.5%129","Dearborn","Residential Improved","Miller",0.88,0.91,0.93,15.33,26.52,1.04,0,245
"2.5%130","Dearborn","Residential Improved","Sparta",0.69,0.83,1.06,72.63,85.26,1.53,0,28
"df_sp58","Dearborn","Residential Improved","York",0.73,0.94,1.35,37.04,49.22,1.21,0,10
"140","Decatur","Industrial Vacant","Countywide",NA,NA,NA,NA,NA,NA,NA,0
"141","Decatur","Industrial Improved","Countywide",NA,NA,NA,NA,NA,NA,NA,0
"142","Decatur","Commercial Vacant","Countywide",NA,NA,NA,NA,NA,NA,NA,0
"2.5%131","Decatur","Commercial Improved","Countywide",0.72,0.84,0.92,22.53,30.12,0.99,0,38
"2.5%132","Decatur","Residential Vacant","Countywide",0.71,0.87,1.06,48.58,63.07,1.14,0,41
"2.5%133","Decatur","Residential Improved","Countywide",0.91,0.93,0.94,14.86,33.44,1.03,0,776
"2.5%134","Decatur","Residential Improved","Adams",0.85,0.95,0.97,15.07,19.32,1.01,0,42
"2.5%135","Decatur","Residential Improved","Clay",0.82,0.92,0.99,15.63,23.26,1.02,0,24
"df_sp59","Decatur","Residential Improved","Clinton",0.8,0.87,0.93,19.53,30.94,1.08,0,18
"2.5%136","Decatur","Residential Improved","Fugit",0.85,0.92,0.96,14.96,18.75,1.01,0,80
"2.5%137","Decatur","Residential Improved","Marion",0.85,0.93,1.03,19.34,32.71,1.08,0,25
"2.5%138","Decatur","Residential Improved","Saltcreek",0.86,0.97,1.02,13.74,18.73,1.04,0,21
"2.5%139","Decatur","Residential Improved","Sandcreek",0.91,0.94,1,14.2,19.89,1.03,0,58
"2.5%140","Decatur","Residential Improved","Washington",0.91,0.93,0.94,14.42,38.16,1.03,0,508
"143","Dekalb","Industrial Vacant","Countywide",NA,NA,NA,NA,NA,NA,NA,0
"144","Dekalb","Industrial Improved","Countywide",NA,NA,NA,NA,NA,NA,NA,0
"145","Dekalb","Commercial Vacant","Countywide",NA,NA,NA,NA,NA,NA,NA,0
"df_sp60","Dekalb","Commercial Improved","Countywide",0.83,0.88,1.03,16.85,22.02,1,0,15
"df_sp61","Dekalb","Commercial Improved","Union",0.83,0.96,1.08,13.29,16.08,0.99,0,8
"df_sp62","Dekalb","Commercial Improved","Butler",0.73,0.86,0.98,18.29,29.05,1.09,0,7
"2.5%141","Dekalb","Residential Vacant","Countywide",0.72,1.15,1.29025,28.84,36.55,1.23,0,20
"df_sp63","Dekalb","Residential Vacant","Keyser",0.72,0.86,1.27,38.28,38.9,1.3,0,9
"146","Dekalb","Residential Vacant","Union",NA,NA,NA,NA,NA,NA,NA,2
"df_sp64","Dekalb","Residential Vacant","Butler",0.64,1.07,1.24,30.83,40.17,1.28,0,9
"2.5%142","Dekalb","Residential Improved","Countywide",0.96,0.98,0.99,17.3,36.51,1.05,0,647
"2.5%143","Dekalb","Residential Improved","Butler",0.94,0.98,1,10.56,15.74,1.02,0,73
"2.5%144","Dekalb","Residential Improved","Concord",0.9,0.99,1.05,13.89,16.87,1,0,33
"2.5%145","Dekalb","Residential Improved","Fairfield",0.81,0.93,1.01,13.54,16.39,1.03,0,22
"2.5%146","Dekalb","Residential Improved","Franklin",0.89,0.95,1.03,16.65,20.94,1.02,0,68
"2.5%147","Dekalb","Residential Improved","Grant",0.91,0.96,1,13.3,18.87,1.02,0,62
"2.5%148","Dekalb","Residential Improved","Keyser",0.95,0.98,1,22.31,47.51,1.09,0,142
"2.5%149","Dekalb","Residential Improved","Union",0.98,0.99,1.01,18.41,39.97,1.06,0,247
"147","Delaware","Industrial Vacant","Countywide",NA,NA,NA,NA,NA,NA,NA,0
"df_sp65","Delaware","Industrial Improved","Countywide",0.25,0.96,1,24.17,44.78,0.94,0,5
"df_sp66","Delaware","Commercial Vacant","Countywide",0.15,0.79,1,44.19,71.63,1.28,0,7
"2.5%150","Delaware","Commercial Improved","Countywide",0.83,0.9,0.97,28.51,41.9,1.53,0,107
"2.5%151","Delaware","Commercial Improved","Center",0.83,0.89,0.96025,29.03,41.53,1.54,0,81
"df_sp67","Delaware","Commercial Improved","Mt. Pleasant",0.38,0.82,0.99,37.39,51.79,1.79,0,10
"df_sp68","Delaware","Commercial Improved","Delaware",0.78,0.97,0.99,20.5,39.41,1.06,0,16
"2.5%152","Delaware","Residential Vacant","Countywide",0.93,1.12,1.2,31.32,53.91,1.87,0,31
"df_sp69","Delaware","Residential Vacant","Center",0.04,0.51,1.12,83.17,91.45,4.91,0,6
"df_sp70","Delaware","Residential Vacant","Mt. Pleasant",1.12,1.2,1.25,14.07,33.37,1.4,0,11
"df_sp71","Delaware","Residential Vacant","Delaware",0.81,1,1.24,35.87,56.77,1.63,0,14
"2.5%153","Delaware","Residential Improved","Countywide",0.91,0.92,0.93,17.82,25.75,1.3,0,1590
"2.5%154","Delaware","Residential Improved","Center",0.9,0.91,0.92,19.95,28.31,1.59,0,1016
"2.5%155","Delaware","Residential Improved","Delaware",0.86,0.92,0.96,11.76,16.15,0.99,0,33
"2.5%156","Delaware","Residential Improved","Hamilton",0.89,0.92,0.95,12.67,17.76,1,0,90
"2.5%157","Delaware","Residential Improved","Harrison",0.91,0.93,1.01,10.29,12.88,1.03,0,31
"2.5%158","Delaware","Residential Improved","Liberty",0.83,0.95,1,25.06,37.23,1.11,0,50
"2.5%159","Delaware","Residential Improved","Monroe",0.89,0.94,1,11.69,14.81,1,0,33
"2.5%160","Delaware","Residential Improved","Mt. Pleasant",0.88,0.91,0.92,13.93,19.11,1.02,0,235
"df_sp72","Delaware","Residential Improved","Niles",0.89,0.94,0.99,11.44,17.54,1.01,0,13
"df_sp73","Delaware","Residential Improved","Perry",0.92,0.94,1.07,10.98,14.05,1.01,0,18
"2.5%161","Delaware","Residential Improved","Salem",0.9,0.94,1,12.76,17.78,1.04,0,38
"2.5%162","Delaware","Residential Improved","Union",0.93,0.95,1.02,9.52,16.52,0.99,0,21
"df_sp74","Delaware","Residential Improved","Washington",0.92,1.01,1.18,20.26,26.83,1.03,0,12
"148","Dubois","Industrial Vacant","Countywide",NA,NA,NA,NA,NA,NA,NA,0
"149","Dubois","Industrial Improved","Countywide",NA,NA,NA,NA,NA,NA,NA,0
"150","Dubois","Commercial Vacant","Countywide",NA,NA,NA,NA,NA,NA,NA,0
"df_sp75","Dubois","Commercial Improved","Countywide",0.87,0.91,0.96,19.41,32.6,1.39,0,18
"df_sp76","Dubois","Commercial Improved","Bainbridge",0.87,0.95,0.98,15.55,29.81,1.26,0,10
"df_sp77","Dubois","Commercial Improved","Boone",0.53,0.89,0.95,22.52,37.52,2.02,0,8
"2.5%163","Dubois","Residential Vacant","Countywide",0.96,1.03,1.09,14.69,21.54,1.18,0,40
"df_sp78","Dubois","Residential Vacant","Bainbridge",0.87,1.02,1.12,14.33,18.19,1.17,0,19
"151","Dubois","Residential Vacant","Cass",NA,NA,NA,NA,NA,NA,NA,4
"df_sp79","Dubois","Residential Vacant","Columbia",0.95,1.05,1.11,17.62,27.18,1.23,0,17
"2.5%164","Dubois","Residential Improved","Countywide",0.9,0.91,0.92,28.65,91.76,1.17,0,512
"2.5%165","Dubois","Residential Improved","Bainbridge",0.89,0.91,0.92,12.47,20.99,1.02,0,248
"2.5%166","Dubois","Residential Improved","Boone",0.89,0.91,0.92,46.15,121.93,1.33,0,56
"df_sp80","Dubois","Residential Improved","Cass",0.87,0.92,1,12.34,19.33,1.03,0,18
"df_sp81","Dubois","Residential Improved","Columbia",0.89,0.91,0.92,9.47,25.36,1.04,0,16
"df_sp82","Dubois","Residential Improved","Jackson",0.87,0.95,1,39.92,91.55,1.29,0,19
"2.5%167","Dubois","Residential Improved","Patoka",0.89,0.91,0.93,32.31,95.41,1.19,0,108
"2.5%168","Dubois","Residential Improved","Ferdinand",0.88,0.91,0.94,92.9,124.25,1.65,0,47
"152","Elkhart","Industrial Vacant","Countywide",NA,NA,NA,NA,NA,NA,NA,0
"2.5%169","Elkhart","Industrial Improved","Countywide",0.78,0.84,0.92,25.37,32.06,1.36,0,58
"153","Elkhart","Commercial Vacant","Countywide",NA,NA,NA,NA,NA,NA,NA,0
"2.5%170","Elkhart","Commercial Improved","Countywide",0.83,0.9,0.98,22.16,28.16,1.2,0,79
"2.5%171","Elkhart","Residential Vacant","Countywide",0.86,0.97,1.05,30.54,46.88,1.16,0,60
"2.5%172","Elkhart","Residential Improved","Countywide",0.93,0.93,0.94,15.6,22.59,1.03,0,2687
"2.5%173","Elkhart","Residential Improved","Baugo",0.89,0.93,0.95,16.81,25.04,1.04,0,160
"2.5%174","Elkhart","Residential Improved","Cleveland",0.89,0.91,0.94,16.08,22.66,1.04,0,164
"2.5%175","Elkhart","Residential Improved","Locke",0.85,0.89,1.01,17.05,21.97,1.04,0,51
"2.5%176","Elkhart","Residential Improved","Concord",0.93,0.94,0.95,17.7,24.78,1.05,0,653
"2.5%177","Elkhart","Residential Improved","Elkhart",0.93,0.94,0.95,13.54,18.84,1.01,0,481
"2.5%178","Elkhart","Residential Improved","York",0.91,0.94,0.97,12.64,19.25,1.03,0,57
"2.5%179","Elkhart","Residential Improved","Jefferson",0.92,0.93,0.95,9.04,12.06,1,0,115
"2.5%180","Elkhart","Residential Improved","Middlebury",0.88,0.91,0.97,14.23,18.95,1,0,118
"2.5%181","Elkhart","Residential Improved","Olive",0.92,0.94,0.98,11.31,20.15,1,0,43
"2.5%182","Elkhart","Residential Improved","Osolo",0.92,0.94,0.96,16.28,24.08,1.04,0,434
"2.5%183","Elkhart","Residential Improved","Union",0.9,0.93,0.95,15.24,21.88,1.01,0,101
"2.5%184","Elkhart","Residential Improved","Benton",0.84,0.91,1.03,15.89,22.36,1.03,0,29
"2.5%185","Elkhart","Residential Improved","Clinton",0.87,0.91,0.98025,19.1,27.93,1.05,0,47
"2.5%186","Elkhart","Residential Improved","Harrison",0.89,0.92,1.01,15.87,20.64,1.01,0,35
"2.5%187","Elkhart","Residential Improved","Jackson",0.9,0.94,0.96,15.3,21.47,1.04,0,92
"2.5%188","Elkhart","Residential Improved","Washington",0.91,0.94,0.97,16.41,25.57,1.03,0,107
"154","Fayette","Industrial Vacant","Countywide",NA,NA,NA,NA,NA,NA,NA,0
"155","Fayette","Industrial Improved","Countywide",NA,NA,NA,NA,NA,NA,NA,0
"156","Fayette","Commercial Vacant","Countywide",NA,NA,NA,NA,NA,NA,NA,0
"2.5%189","Fayette","Commercial Improved","Countywide",0.86,0.91,0.96,19.26,24.6,1.24,0,31
"2.5%190","Fayette","Residential Vacant","Countywide",0.6185,0.79,1.19,47.86,50.48,1.17,0,23
"2.5%191","Fayette","Residential Improved","Countywide",0.93,0.94,0.96,21.04,31.13,1.08,0,668
"2.5%192","Fayette","Residential Improved","Columbia",0.85975,0.91,1.00025,24.07,37.13,1.15,0,34
"2.5%193","Fayette","Residential Improved","Jackson",0.88,0.91,0.95,14.92,18.67,1.02,0,60
"2.5%194","Fayette","Residential Improved","Connersville",0.93,0.94,0.97,20.87,30.18,1.07,0,391
"2.5%195","Fayette","Residential Improved","Harrison",0.94,0.97,1,22.5,34.3,1.08,0,183
"157","Floyd","Industrial Vacant","Countywide",NA,NA,NA,NA,NA,NA,NA,0
"158","Floyd","Industrial Improved","Countywide",NA,NA,NA,NA,NA,NA,NA,0
"159","Floyd","Commercial Vacant","Countywide",NA,NA,NA,NA,NA,NA,NA,0
"df_sp83","Floyd","Commercial Improved","Countywide",0.46,0.65,0.98,42.65,45.81,1.22,0,18
"2.5%196","Floyd","Residential Vacant","Countywide",0.71,0.89,1.12,33.63,40.46,1.59,0,26
"2.5%197","Floyd","Residential Improved","Countywide",0.85,0.86,0.88,23.78,34.93,1.1,0,1013
"df_sp84","Floyd","Residential Improved","Franklin",0.63,0.78,0.91,23.85,32.81,1.05,0,12
"2.5%198","Floyd","Residential Improved","Georgetown",0.86,0.89,0.91,21.92,33.42,1.09,0,152
"2.5%199","Floyd","Residential Improved","Greenville",0.82,0.87,0.91,23.12,33.09,1.04,0,81
"2.5%200","Floyd","Residential Improved","Lafayette",0.84,0.86,0.91,23.11,34.79,1.11,0,70
"2.5%201","Floyd","Residential Improved","New Albany",0.84,0.86,0.87,24.24,35.55,1.11,0,698
"160","Fountain","Industrial Vacant","Countywide",NA,NA,NA,NA,NA,NA,NA,0
"161","Fountain","Industrial Improved","Countywide",NA,NA,NA,NA,NA,NA,NA,0
"162","Fountain","Commercial Vacant","Countywide",NA,NA,NA,NA,NA,NA,NA,0
"df_sp85","Fountain","Commercial Improved","Countywide",0.8,0.96,1.07,15.04,21.21,1.05,0,9
"df_sp86","Fountain","Residential Vacant","Countywide",0.65,0.9,1.08,35.76,47.03,1.23,0,17
"2.5%202","Fountain","Residential Improved","Countywide",0.89,0.91,0.94,13.04,16.9,1.01,0,210
"df_sp87","Fountain","Residential Improved","Cain",0.88,0.92,1.02,13.17,17.09,1.04,0,15
"df_sp88","Fountain","Residential Improved","Davis",0.72,0.91,1,7.75,11.64,1.03,0,5
"2.5%203","Fountain","Residential Improved","Logan",0.86,0.94,0.97,13.42,18.46,1.02,0,40
"df_sp89","Fountain","Residential Improved","Richland",0.85,0.93,0.99,11.15,13.31,1,0,12
"df_sp90","Fountain","Residential Improved","Shawnee",0.69,1.01,1.06,10.74,16.78,1.03,0,5
"2.5%204","Fountain","Residential Improved","Troy",0.87,0.9,0.93,12.87,16.92,1,0,82
"2.5%205","Fountain","Residential Improved","Van Buren",0.77,0.9,0.96,12.98,15.7,1.01,0,23
"2.5%206","Fountain","Residential Improved","Millcreek",0.88975,0.93,1.02,13.74,18.04,1.01,0,28
"163","Franklin","Industrial Vacant","Countywide",NA,NA,NA,NA,NA,NA,NA,0
"164","Franklin","Industrial Improved","Countywide",NA,NA,NA,NA,NA,NA,NA,0
"165","Franklin","Commercial Vacant","Countywide",NA,NA,NA,NA,NA,NA,NA,0
"df_sp91","Franklin","Commercial Improved","Countywide",0.57,0.73,1.06,32.94,36.64,1.29,0,6
"df_sp92","Franklin","Residential Vacant","Countywide",0.21,0.31,0.43,86.04,103.27,1.62,0,16
"2.5%207","Franklin","Residential Improved","Countywide",0.92,0.93,0.95,11.06,16.49,1.02,0,203
"2.5%208","Franklin","Residential Improved","Brookville",0.88,0.92,0.95,13.41,20.02,1.02,0,89
"2.5%209","Franklin","Residential Improved","Ray",0.93,0.98,0.99,7.46,10.23,1,0,61
"2.5%210","Franklin","Residential Improved","Bath",0.91,0.93,0.94,8.34,11.09,1.02,0,38
"df_sp93","Franklin","Residential Improved","Blooming Grove",0.92,0.95,0.97,12.53,24.43,1.07,0,13
"166","Fulton","Industrial Vacant","Countywide",NA,NA,NA,NA,NA,NA,NA,0
"df_sp94","Fulton","Industrial Improved","Countywide",0.67,0.91,1.07,11.45,16.77,0.96,0,5
"167","Fulton","Commercial Vacant","Countywide",NA,NA,NA,NA,NA,NA,NA,0
"2.5%211","Fulton","Commercial Improved","Countywide",0.84,0.93,1,22.11,30.12,1.09,0,39
"2.5%212","Fulton","Residential Vacant","Countywide",0.83,1.08,1.17,35.46,47.63,1.6,0,32
"2.5%213","Fulton","Residential Improved","Countywide",0.94,0.96,0.97,15.3,28.5,1.04,0,634
"2.5%214","Fulton","Residential Improved","Aubbeenaubbee",0.83,0.91,0.98025,17.75,23.59,1.06,0,32
"2.5%215","Fulton","Residential Improved","Henry",0.93,0.97,0.99,11.97,18.61,1.03,0,68
"2.5%216","Fulton","Residential Improved","Liberty",0.93,0.96,0.99,22.43,47.48,1.06,0,60
"2.5%217","Fulton","Residential Improved","Newcastle",0.88,0.95,1.02,13.05,17.17,1.02,0,24
"2.5%218","Fulton","Residential Improved","Richland",0.85,0.92,1.03,25.43,47.95,1.12,0,27
"2.5%219","Fulton","Residential Improved","Rochester",0.94,0.95,0.97,13.21,20.21,1.03,0,368
"2.5%220","Fulton","Residential Improved","Union",0.92,0.96,0.98,17.93,35.22,1.07,0,53
"168","Gibson","Industrial Vacant","Countywide",NA,NA,NA,NA,NA,NA,NA,0
"169","Gibson","Industrial Improved","Countywide",NA,NA,NA,NA,NA,NA,NA,0
"170","Gibson","Commercial Vacant","Countywide",NA,NA,NA,NA,NA,NA,NA,0
"df_sp95","Gibson","Commercial Improved","Countywide",0.85,0.98,1.08,15.71,19.52,0.99,0,12
"df_sp96","Gibson","Residential Vacant","Countywide",1.07,1.17,1.27,11.81,18.04,1.13,1e-04,6
"2.5%221","Gibson","Residential Improved","Countywide",0.86,0.9,0.91,13.01,16.95,1.02,0,293
"df_sp97","Gibson","Residential Improved","Barton",0.81,0.93,0.94,11.17,15.98,1.03,0,9
"2.5%222","Gibson","Residential Improved","Columbia",0.85,0.9,0.95,12.36,16.01,1.03,0,28
"2.5%223","Gibson","Residential Improved","Johnson",0.81,0.9,0.93,13.7,19.32,1.03,0,34
"2.5%224","Gibson","Residential Improved","Montgomery",0.82,0.91,0.92,12.23,16.84,1,0,38
"2.5%225","Gibson","Residential Improved","Patoka",0.85,0.9,0.93,13.31,17.1,1.02,0,132
"2.5%226","Gibson","Residential Improved","Union",0.79,0.9,0.92,13.08,16.22,1.03,0,52
"171","Grant","Industrial Vacant","Countywide",NA,NA,NA,NA,NA,NA,NA,0
"172","Grant","Industrial Improved","Countywide",NA,NA,NA,NA,NA,NA,NA,0
"173","Grant","Commercial Vacant","Countywide",NA,NA,NA,NA,NA,NA,NA,0
"2.5%227","Grant","Commercial Improved","Countywide",0.95,0.96,1,7.86,11.6,1.04,0,22
"174","Grant","Residential Vacant","Countywide",NA,NA,NA,NA,NA,NA,NA,0
"2.5%228","Grant","Residential Improved","Countywide",0.93,0.94,0.96,11.01,14.85,1.03,0,631
"2.5%229","Grant","Residential Improved","Jefferson",0.9,0.94,1,9.7,12.05,1.03,0,51
"2.5%230","Grant","Residential Improved","Center",0.93,0.95,0.97,11.7,15.9,1.03,0,182
"2.5%231","Grant","Residential Improved","Fairmount",0.87,0.94,0.99,10.93,14.47,1.02,0,30
"2.5%232","Grant","Residential Improved","Franklin",0.92,0.96,0.98,9.73,12.76,1.01,0,63
"2.5%233","Grant","Residential Improved","Mill",0.93,0.95,0.97,11.96,16.65,1.03,0,121
"2.5%234","Grant","Residential Improved","Pleasant",0.92,0.93,0.95,10.02,13.02,1.02,0,113
"2.5%235","Grant","Residential Improved","Sims",0.9,0.93,0.98,8.19,10.8,1.02,0,24
"2.5%236","Grant","Residential Improved","Van Buren",0.92,0.99,1.07,12.47,16.69,1.03,0,21
"2.5%237","Grant","Residential Improved","Washington",0.88,0.98,1.02,10.82,15.42,1.03,0,26
"175","Greene","Industrial Vacant","Countywide",NA,NA,NA,NA,NA,NA,NA,0
"176","Greene","Industrial Improved","Countywide",NA,NA,NA,NA,NA,NA,NA,0
"177","Greene","Commercial Vacant","Countywide",NA,NA,NA,NA,NA,NA,NA,0
"df_sp98","Greene","Commercial Improved","Countywide",0.78,0.91,1.1,19.35,27.55,1.6,0,14
"df_sp99","Greene","Residential Vacant","Countywide",0.73,1.02,1.15,13.41,18.26,1.19,0,8
"2.5%238","Greene","Residential Improved","Countywide",0.91,0.92,0.94,11.45,14.83,1.03,0,248
"2.5%239","Greene","Residential Improved","Beech Creek",0.87,0.93,0.97025,10.49,13.16,1.05,0,50
"df_sp100","Greene","Residential Improved","Cass",0.92,0.99,1.02,6.29,7.8,1.03,0,8
"2.5%240","Greene","Residential Improved","Fairplay",0.87,0.91,0.95,12.37,16.31,1.03,0,96
"2.5%241","Greene","Residential Improved","Highland",0.91,0.93,0.96,11.34,14.84,1.04,0,56
"2.5%242","Greene","Residential Improved","Richland",0.86,0.91,0.97,10.99,14.47,1.03,0,37
"178","Hamilton","Industrial Vacant","Countywide",NA,NA,NA,NA,NA,NA,NA,0
"df_sp101","Hamilton","Industrial Improved","Countywide",0.53,0.62,0.7,15.91,20.49,1.07,0,10
"2.5%243","Hamilton","Commercial Vacant","Countywide",0.11,0.24,0.32,135.44,104.23,1.16,0,52
"2.5%244","Hamilton","Commercial Improved","Countywide",0.66,0.75,0.82,32.12,66.64,1.43,0,103
"2.5%245","Hamilton","Residential Vacant","Countywide",0.02,0.02,0.03,1598.38,127,0.76,0,629
"2.5%246","Hamilton","Residential Vacant","Adams",0.449500000000001,0.73,1,55.98,74.58,1.15,0,23
"2.5%247","Hamilton","Residential Vacant","Clay",0.02,0.28,0.63,147.18,100.63,0.72,0,125
"2.5%248","Hamilton","Residential Vacant","Fall Creek",0.02,0.02,0.02,1525.65,146.17,0.67,0,111
"2.5%249","Hamilton","Residential Vacant","Noblesville",0.03,0.61,0.83,72.28,91.39,1.17,0,48
"2.5%250","Hamilton","Residential Vacant","Westfield Washington",0.02,0.02,0.02,1354.68,147.74,0.78,0,320
"2.5%251","Hamilton","Residential Improved","Countywide",0.9,0.9,0.9,7.97,12.85,1.01,0,8438
"2.5%252","Hamilton","Residential Improved","Adams",0.90975,0.93,0.94,13.99,31.5,1.05,0,160
"2.5%253","Hamilton","Residential Improved","Clay",0.89,0.9,0.9,9.54,13.77,1.02,0,1775
"2.5%254","Hamilton","Residential Improved","Delaware",0.9,0.9,0.91,7.9,11.97,1.01,0,606
"2.5%255","Hamilton","Residential Improved","Fall Creek",0.89,0.9,0.9,6.98,9.51,1,0,1705
"2.5%256","Hamilton","Residential Improved","Jackson",0.9,0.91,0.92,8,11.15,1.01,0,275
"2.5%257","Hamilton","Residential Improved","Noblesville",0.9,0.91,0.91,9.15,16.92,1.01,0,1384
"2.5%258","Hamilton","Residential Improved","Wayne",0.89,0.9,0.91,5.96,9.67,1,0,170
"2.5%259","Hamilton","Residential Improved","Westfield Washington",0.9,0.9,0.91,6.37,8.51,1,0,2341
"df_sp102","Hamilton","Residential Improved","White River",0.77,0.93,0.99,17.76,23.44,1.06,0,18
"179","Hancock","Industrial Vacant","Countywide",NA,NA,NA,NA,NA,NA,NA,0
"180","Hancock","Industrial Improved","Countywide",NA,NA,NA,NA,NA,NA,NA,0
"181","Hancock","Commercial Vacant","Countywide",NA,NA,NA,NA,NA,NA,NA,0
"2.5%260","Hancock","Commercial Improved","Countywide",0.74,0.8,0.94,17.42,22.01,1.04,0,24
"2.5%261","Hancock","Residential Vacant","Countywide",1.12,1.12,1.14,13.13,20.97,1.26,0,139
"2.5%262","Hancock","Residential Vacant","Brandywine",1.12,1.15,1.15,10.8,19.67,1.29,0,35
"2.5%263","Hancock","Residential Vacant","Buck Creek",0.89,1.08,1.14,19.02,26.19,1.25,0,48
"2.5%264","Hancock","Residential Vacant","Green",1.12,1.12,1.15,9.44,16.08,1.24,0,56
"182","Hancock","Residential Vacant","Blue River",NA,NA,NA,NA,NA,NA,NA,0
"2.5%265","Hancock","Residential Improved","Countywide",0.89,0.9,0.9,10.59,24.99,1.03,0,2477
"2.5%266","Hancock","Residential Improved","Blue River",0.8,0.84,0.89,29.63,65.5,1.19,0,71
"2.5%267","Hancock","Residential Improved","Brandywine",0.89,0.9,0.9,7.87,16.67,1.01,0,549
"2.5%268","Hancock","Residential Improved","Buck Creek",0.87,0.89,0.9,10.02,16.58,1.01,0,277
"2.5%269","Hancock","Residential Improved","Center",0.89,0.9,0.9,13.71,30.53,1.05,0,735
"2.5%270","Hancock","Residential Improved","Vernon",0.89,0.9,0.9,8.29,16.91,1.01,0,845
"183","Harrison","Industrial Vacant","Countywide",NA,NA,NA,NA,NA,NA,NA,0
"184","Harrison","Industrial Improved","Countywide",NA,NA,NA,NA,NA,NA,NA,0
"185","Harrison","Commercial Vacant","Countywide",NA,NA,NA,NA,NA,NA,NA,0
"2.5%271","Harrison","Commercial Improved","Countywide",0.95,0.99,1.04,9.43,12.31,0.99,0,28
"2.5%272","Harrison","Residential Vacant","Countywide",1.03,1.1,1.15,23.7,38.98,1.29,0,52
"2.5%273","Harrison","Residential Vacant","Harrison",1,1.09,1.13,24.42,41.33,1.33,0,30
"df_sp103","Harrison","Residential Vacant","Blue River",0.83,1.12,1.17,23.5,38.33,1.19,0,16
"2.5%274","Harrison","Residential Improved","Countywide",0.94,0.95,0.96,12.89,20.38,1.02,0,517
"2.5%275","Harrison","Residential Improved","Heth",0.85,0.88,0.97,10.66,14.11,1.01,0,25
"2.5%276","Harrison","Residential Improved","Harrison",0.96,0.98,1,11.6,18.5,1.03,0,182
"2.5%277","Harrison","Residential Improved","Posey",0.86,0.96,1.02,13.88,17.72,1.01,0,29
"2.5%278","Harrison","Residential Improved","Blue River",0.83,0.91,1,18.31,34.24,1.07,0,25
"2.5%279","Harrison","Residential Improved","Jackson",0.94,0.97,1.01,12.41,17.81,1.02,0,76
"2.5%280","Harrison","Residential Improved","Morgan",0.88,0.92,1,16.47,27.5,1.04,0,52
"2.5%281","Harrison","Residential Improved","Spencer",0.89,0.94,1.01,12.97,16.68,1.02,0,26
"df_sp104","Harrison","Residential Improved","Boone",0.91,0.94,1,6.2,7.49,1.02,0,12
"df_sp105","Harrison","Residential Improved","Taylor",0.9,0.96,1.02,6.16,6.78,1,0,6
"2.5%282","Harrison","Residential Improved","Webster",0.91,0.94,0.96,11.23,19,1.01,0,23
"186","Hendricks","Industrial Vacant","Countywide",NA,NA,NA,NA,NA,NA,NA,0
"187","Hendricks","Industrial Improved","Countywide",NA,NA,NA,NA,NA,NA,NA,0
"df_sp106","Hendricks","Commercial Vacant","Countywide",0.3,0.43,0.78,81.51,78.79,1.09,0,16
"df_sp107","Hendricks","Commercial Improved","Countywide",0.57,0.91,0.94,8.68,18.38,0.93,0,5
"2.5%283","Hendricks","Residential Vacant","Countywide",0.15,0.28,0.36,117.43,100.85,1.66,0,137
"2.5%284","Hendricks","Residential Improved","Countywide",0.91,0.92,0.92,10.18,15.84,1,0,2563
"2.5%285","Hendricks","Residential Improved","Brown",0.93,0.95,0.96,7.17,9.58,1,0,255
"2.5%286","Hendricks","Residential Improved","Center",0.87,0.89,0.9,12.32,19.77,1.01,0,211
"2.5%287","Hendricks","Residential Improved","Guilford",0.88,0.89,0.91,11.13,16.8,0.99,0,396
"2.5%288","Hendricks","Residential Improved","Liberty",0.91,0.94,0.97,10.29,18.23,1.02,0,89
"2.5%289","Hendricks","Residential Improved","Lincoln",0.92,0.93,0.94,9.95,16.1,1,0,569
"2.5%290","Hendricks","Residential Improved","Middle",0.91,0.93,0.97,10.04,13.4,1,0,85
"2.5%291","Hendricks","Residential Improved","Eel River",0.87,0.91,1.02,18.68,27.38,1.06,0,39
"2.5%292","Hendricks","Residential Improved","Washington",0.9,0.91,0.91,9.35,14.24,0.99,0,905
"188","Henry","Industrial Vacant","Countywide",NA,NA,NA,NA,NA,NA,NA,0
"df_sp108","Henry","Industrial Improved","Countywide",0.5,0.92,1.68,32.55,48.41,1.33,0,5
"df_sp109","Henry","Commercial Vacant","Countywide",0.08,0.71,1.56,54.97,72.23,1.44,0,5
"2.5%293","Henry","Commercial Improved","Countywide",0.52,0.62,0.79025,42.27,53.05,1.94,0,44
"df_sp110","Henry","Residential Vacant","Countywide",0.17,0.4,0.65,70.79,90.77,1.21,0,14
"2.5%294","Henry","Residential Improved","Countywide",0.95,0.96,0.98,21.06,29.71,1.08,0,797
"df_sp111","Henry","Residential Improved","Blue River",0.94,0.97,1.07,15.23,25.89,1.12,0,13
"df_sp112","Henry","Residential Improved","Dudley",0.87,0.98,1.15,26.15,38.04,1.17,0,13
"2.5%295","Henry","Residential Improved","Fall Creek",0.9,0.95,0.97,16.64,23.26,1.02,0,79
"2.5%296","Henry","Residential Improved","Franklin",0.78,0.95,0.99,19.62,26.41,1.03,0,23
"df_sp113","Henry","Residential Improved","Greensboro",0.77,0.95,1.07,15.94,20.22,0.99,0,10
"df_sp114","Henry","Residential Improved","Harrison",0.81,0.89,0.96,21.71,40.89,0.89,0,12
"df_sp115","Henry","Residential Improved","Jefferson",0.88,0.97,1.05,15.48,23.71,1.03,0,19
"df_sp116","Henry","Residential Improved","Liberty",0.91,1.05,1.26,26.24,37.09,1.08,0,9
"2.5%297","Henry","Residential Improved","Prairie",0.87975,0.95,1,15.55,22.17,1.07,0,46
"2.5%298","Henry","Residential Improved","Spiceland",0.92,0.94,1.06,17.97,30.13,1.08,0,25
"2.5%299","Henry","Residential Improved","Wayne",0.92,0.97,1.01,18.19,27.17,1.05,0,63
"2.5%300","Henry","Residential Improved","Henry",0.95,0.97,1,22.51,30.49,1.1,0,483
"189","Howard","Industrial Vacant","Countywide",NA,NA,NA,NA,NA,NA,NA,0
"df_sp117","Howard","Industrial Improved","Countywide",0.62,0.75,0.75,14.41,22.56,1.03,0,9
"190","Howard","Commercial Vacant","Countywide",NA,NA,NA,NA,NA,NA,NA,0
"2.5%301","Howard","Commercial Improved","Countywide",0.84,0.91,0.94,23.91,34.34,1.44,0,113
"2.5%302","Howard","Residential Vacant","Countywide",0.82,1,1.08,41.6,57.93,1.66,0,82
"2.5%303","Howard","Residential Improved","Countywide",0.92,0.93,0.93,18.46,32.97,1.06,0,3110
"2.5%304","Howard","Residential Improved","Center",0.92,0.93,0.94,21.02,36.46,1.07,0,1836
"2.5%305","Howard","Residential Improved","Clay",0.9,0.91,0.93,9.18,13.57,1.01,0,119
"2.5%306","Howard","Residential Improved","Ervin",0.88,0.91,0.97,9.14,11.61,1.01,0,32
"2.5%307","Howard","Residential Improved","Harrison",0.91,0.92,0.93,11.12,18.26,1.02,0,378
"2.5%308","Howard","Residential Improved","Honey Creek",0.88,0.91,0.99,13.5,16.76,1.02,0,57
"2.5%309","Howard","Residential Improved","Howard",0.9,0.93,0.95,12.63,21.61,1.03,0,72
"df_sp118","Howard","Residential Improved","Jackson",0.82,0.92,1.05,12.54,14.41,1.02,0,13
"2.5%310","Howard","Residential Improved","Liberty",0.91,0.93,0.96,20.64,37.41,1.08,0,151
"2.5%311","Howard","Residential Improved","Monroe",0.92,0.97,1.03025,16.72,22.89,1.02,0,32
"2.5%312","Howard","Residential Improved","Taylor",0.91,0.93,0.95,18.23,32.23,1.06,0,391
"2.5%313","Howard","Residential Improved","Union",0.89,0.94,1.04,16.46,19.38,1.05,0,29
"191","Huntington","Industrial Vacant","Countywide",NA,NA,NA,NA,NA,NA,NA,0
"192","Huntington","Industrial Improved","Countywide",NA,NA,NA,NA,NA,NA,NA,0
"193","Huntington","Commercial Vacant","Countywide",NA,NA,NA,NA,NA,NA,NA,0
"2.5%314","Huntington","Commercial Improved","Countywide",0.76,0.89,0.92,17.89,25.19,1.05,0,34
"2.5%315","Huntington","Residential Vacant","Countywide",0.06,0.14,0.29,237.42,116.31,2.51,0,40
"2.5%316","Huntington","Residential Improved","Countywide",0.93,0.94,0.95,18.83,29.33,1.06,0,1033
"df_sp119","Huntington","Residential Improved","Jefferson",0.85,0.93,1.02,10.99,13.35,1.01,0,13
"df_sp120","Huntington","Residential Improved","Warren",0.84,0.96,1.02,14.93,19.55,1.05,0,15
"2.5%317","Huntington","Residential Improved","Clear Creek",0.86,0.92,0.96,9.38,11.72,1,0,24
"2.5%318","Huntington","Residential Improved","Dallas",0.9,0.95,0.96,11.53,28.36,1.07,0,38
"2.5%319","Huntington","Residential Improved","Huntington",0.93,0.94,0.96,20.08,30,1.06,0,679
"2.5%320","Huntington","Residential Improved","Jackson",0.89,0.93,0.95,17.13,26.82,1.03,0,152
"2.5%321","Huntington","Residential Improved","Lancaster",0.88,0.93,0.96,11.67,16.41,1.01,0,20
"2.5%322","Huntington","Residential Improved","Rock Creek",0.79,0.9,1.01,19.99,31.37,1.04,0,28
"2.5%323","Huntington","Residential Improved","Salamonie",0.9,0.96,1.03,25.37,36.99,1.13,0,48
"df_sp121","Huntington","Residential Improved","Union",0.89,0.93,0.96,7.57,10.28,1.02,0,15
"194","Jackson","Industrial Vacant","Countywide",NA,NA,NA,NA,NA,NA,NA,0
"195","Jackson","Industrial Improved","Countywide",NA,NA,NA,NA,NA,NA,NA,0
"196","Jackson","Commercial Vacant","Countywide",NA,NA,NA,NA,NA,NA,NA,0
"df_sp122","Jackson","Commercial Improved","Countywide",0.69,0.77,0.97,23.43,25.7,1.01,0,19
"2.5%324","Jackson","Residential Vacant","Countywide",0.86,0.97,1.04,33.08,47.2,1.33,0,58
"2.5%325","Jackson","Residential Improved","Countywide",0.89,0.91,0.92,12.6,21.05,1.03,0,622
"2.5%326","Jackson","Residential Improved","Brownstown",0.88,0.91,0.95,14.56,25.72,1.04,0,55
"df_sp123","Jackson","Residential Improved","Carr",0.84,0.89,1.07,13.71,16.33,1.03,0,9
"df_sp124","Jackson","Residential Improved","Owen",0.89,0.92,1.09,12.46,16.18,1.01,0,9
"2.5%327","Jackson","Residential Improved","Jackson",0.89,0.9,0.91,12.16,20.09,1.02,0,415
"df_sp125","Jackson","Residential Improved","Pershing",0.73,0.93,1,12.25,16.32,1.02,0,6
"2.5%328","Jackson","Residential Improved","Redding",0.89,0.91,0.93,11.91,17.13,1.02,0,87
"2.5%329","Jackson","Residential Improved","Vernon",0.85,0.93,0.97,18.7,34.67,1.08,0,29
"df_sp126","Jackson","Residential Improved","Washington",0.86,0.9,0.93,6.13,8.4,1,0,12
"197","Jasper","Industrial Vacant","Countywide",NA,NA,NA,NA,NA,NA,NA,0
"df_sp127","Jasper","Industrial Improved","Countywide",0.48,0.91,1.35,22.3,34.13,0.83,0,5
"198","Jasper","Commercial Vacant","Countywide",NA,NA,NA,NA,NA,NA,NA,0
"2.5%330","Jasper","Commercial Improved","Countywide",0.83,0.92,0.98,22.07,33.81,1.38,0,29
"df_sp128","Jasper","Commercial Improved","Keener",0.83,0.91,0.96,19.93,37.09,1.27,0,9
"df_sp129","Jasper","Commercial Improved","Marion",0.84,0.92,1.12,27.5,39.47,1.77,0,13
"df_sp130","Jasper","Commercial Improved","Barkley",0.77,0.96,1,12.97,17.43,1.08,0,7
"2.5%331","Jasper","Residential Vacant","Countywide",0.96,0.99,1.03,16.43,24.39,1.15,0,97
"2.5%332","Jasper","Residential Vacant","Keener",0.97,1.03,1.07,11.54,16.4,1.15,0,38
"199","Jasper","Residential Vacant","Marion",NA,NA,NA,NA,NA,NA,NA,4
"1100","Jasper","Residential Vacant","Newton",NA,NA,NA,NA,NA,NA,NA,4
"1101","Jasper","Residential Vacant","Union",NA,NA,NA,NA,NA,NA,NA,4
"2.5%333","Jasper","Residential Vacant","Walker",0.89,0.94,1.01,18.33,27.38,1.09,0,31
"df_sp131","Jasper","Residential Vacant","Wheatfield",0.91,1.01,1.11,7.27,9.75,1.11,0,8
"df_sp132","Jasper","Residential Vacant","Barkley",0.54,0.76,1.19,33.38,35.74,1.23,0,8
"2.5%334","Jasper","Residential Improved","Countywide",0.96,0.97,0.98,53.49,136.01,1.35,0,1000
"2.5%335","Jasper","Residential Improved","Carpenter",0.88975,0.94,1,12.32,15.1,1.03,0,48
"2.5%336","Jasper","Residential Improved","Kankakee",0.89,0.99,1.07,48.57,112.42,1.32,0,24
"2.5%337","Jasper","Residential Improved","Keener",0.98,0.99,1,42.5,129.85,1.28,0,383
"2.5%338","Jasper","Residential Improved","Marion",0.95,0.97,0.99,23.83,75.4,1.12,0,217
"df_sp133","Jasper","Residential Improved","Jordan",0.9,0.96,1.04,19.01,39.75,1.1,0,13
"df_sp134","Jasper","Residential Improved","Newton",0.87,0.95,1.01,10.21,12.26,1.02,0,18
"2.5%339","Jasper","Residential Improved","Union",0.88,0.93,1.01,79.23,144.86,1.49,0,24
"2.5%340","Jasper","Residential Improved","Walker",0.92,0.94,0.96,113.15,152.15,1.75,0,131
"2.5%341","Jasper","Residential Improved","Wheatfield",0.93,0.96,1,95.13,147.37,1.63,0,142
"1102","Jay","Industrial Vacant","Countywide",NA,NA,NA,NA,NA,NA,NA,0
"1103","Jay","Industrial Improved","Countywide",NA,NA,NA,NA,NA,NA,NA,0
"1104","Jay","Commercial Vacant","Countywide",NA,NA,NA,NA,NA,NA,NA,0
"df_sp135","Jay","Commercial Improved","Countywide",0.69,0.82,1.01,37.69,50.86,1.92,0,18
"df_sp136","Jay","Residential Vacant","Countywide",0.18,0.29,0.39,58.73,69.94,1.55,0,10
"2.5%342","Jay","Residential Improved","Countywide",0.92,0.93,0.96,15.58,20.47,1.06,0,442
"2.5%343","Jay","Residential Improved","Jefferson",0.86,0.9,1.01,17.31,24.59,1.06,0,30
"2.5%344","Jay","Residential Improved","Bearcreek",0.90975,0.95,1.04,15.43,23.8,1.16,0,25
"2.5%345","Jay","Residential Improved","Knox",0.78,0.91,1.02,20.06,27.71,1.12,0,24
"df_sp137","Jay","Residential Improved","Greene",0.84,0.89,1.01,12.4,15.41,1.06,0,19
"2.5%346","Jay","Residential Improved","Richland",0.89,0.92,0.99,17.02,21.45,1.05,0,110
"2.5%347","Jay","Residential Improved","Wayne",0.92,0.95,0.96,14.39,18.56,1.03,0,234
"1105","Jefferson","Industrial Vacant","Countywide",NA,NA,NA,NA,NA,NA,NA,0
"1106","Jefferson","Industrial Improved","Countywide",NA,NA,NA,NA,NA,NA,NA,0
"1107","Jefferson","Commercial Vacant","Countywide",NA,NA,NA,NA,NA,NA,NA,0
"2.5%348","Jefferson","Commercial Improved","Countywide",0.56,0.76,0.91025,36.04,45.19,1.18,0,26
"2.5%349","Jefferson","Residential Vacant","Countywide",0.65,0.69,0.76,37.01,45.86,1.32,0,72
"2.5%350","Jefferson","Residential Improved","Countywide",0.82,0.84,0.86,21.92,29.85,1.06,0,601
"2.5%351","Jefferson","Residential Improved","Lancaster",0.73,0.84,0.93,21.41,28.48,1.07,0,26
"df_sp138","Jefferson","Residential Improved","Milton",0.59,0.88,0.99,28.52,43.47,1.17,0,14
"df_sp139","Jefferson","Residential Improved","Republican",0.57,0.84,0.97,25.32,30.35,1.17,0,18
"df_sp140","Jefferson","Residential Improved","Graham",0.64,0.78,0.93,33.8,43.67,1.29,0,16
"2.5%352","Jefferson","Residential Improved","Hanover",0.77,0.81,0.86,21.15,26.81,1.04,0,112
"2.5%353","Jefferson","Residential Improved","Madison",0.84,0.85,0.87025,20.55,28.71,1.07,0,396
"df_sp141","Jefferson","Residential Improved","Saluda",0.44,0.58,0.82,37.31,41.77,1.09,0,19
"1108","Jennings","Industrial Vacant","Countywide",NA,NA,NA,NA,NA,NA,NA,0
"1109","Jennings","Industrial Improved","Countywide",NA,NA,NA,NA,NA,NA,NA,0
"1110","Jennings","Commercial Vacant","Countywide",NA,NA,NA,NA,NA,NA,NA,0
"df_sp142","Jennings","Commercial Improved","Countywide",0.8,0.98,1.06,25.94,39.04,1.33,0,18
"2.5%354","Jennings","Residential Vacant","Countywide",0.46925,0.69,0.99,52.42,60.38,2.1,0,26
"2.5%355","Jennings","Residential Improved","Countywide",0.9,0.91,0.93,17.39,29.23,1.06,0,287
"2.5%356","Jennings","Residential Improved","Bigger",0.84,0.92,0.97,18.01,31.54,1.06,0,53
"df_sp143","Jennings","Residential Improved","Columbia",0.81,0.89,0.94,10.59,14.33,1.04,0,9
"df_sp144","Jennings","Residential Improved","Campbell",0.82,0.98,2.17,40.03,48.67,1.13,0,8
"2.5%357","Jennings","Residential Improved","Center",0.88,0.91,0.93,15.81,23.94,1.04,0,107
"2.5%358","Jennings","Residential Improved","Geneva",0.88,0.91,0.95,19.38,28.92,1.05,0,63
"df_sp145","Jennings","Residential Improved","Lovett",0.8,0.93,0.96,9.35,13.57,1.02,0,7
"df_sp146","Jennings","Residential Improved","Montgomery",0.81,0.91,1.02,32.91,59.56,1.24,0,8
"2.5%359","Jennings","Residential Improved","Spencer",0.84,0.91,0.94,10.53,13.44,1.02,0,32
"df_sp147","Johnson","Industrial Vacant","Countywide",0.28,0.88,1,19.91,37.53,1.54,0,5
"df_sp148","Johnson","Industrial Improved","Countywide",0.42,0.75,0.85,20.79,30.67,0.93,0,5
"df_sp149","Johnson","Commercial Vacant","Countywide",0.02,0.15,0.7,185.42,108.43,9.95,0,9
"2.5%360","Johnson","Commercial Improved","Countywide",0.48,0.73,0.85,36.74,45.3,1.34,0,42
"2.5%361","Johnson","Residential Vacant","Countywide",0.17,0.52,0.82,86.48,89.12,1.21,0,131
"df_sp150","Johnson","Residential Vacant","Blue River",0.62,0.88,1.11,28.29,38.65,1.32,0,19
"2.5%362","Johnson","Residential Vacant","Needham",0.02,0.03,0.88,1272.42,110.42,0.8,0,23
"2.5%363","Johnson","Residential Vacant","White River",0.03,0.36,0.8,125.12,97.23,1.23,0,89
"2.5%364","Johnson","Residential Improved","Countywide",0.91,0.91,0.91,8.12,24.46,1.02,0,2368
"2.5%365","Johnson","Residential Improved","Blue River",0.87,0.9,0.94,10.29,15.76,1.03,0,30
"df_sp151","Johnson","Residential Improved","Clark",0.85,0.92,0.97,7.78,11.41,1.02,0,10
"2.5%366","Johnson","Residential Improved","Franklin",0.89,0.9,0.92,7.85,16.38,1.01,0,241
"2.5%367","Johnson","Residential Improved","Hensley",0.89,0.91,0.93,6.32,8.83,1.01,0,45
"2.5%368","Johnson","Residential Improved","Needham",0.9,0.91,0.93,11.29,42.85,1.04,0,103
"2.5%369","Johnson","Residential Improved","Nineveh",0.89,0.91,0.94,7.95,12.27,1,0,43
"2.5%370","Johnson","Residential Improved","Pleasant",0.9,0.91,0.91,6.87,10.8,1.01,0,1030
"df_sp152","Johnson","Residential Improved","Union",0.9,0.91,0.95,5.46,7,1,0,17
"2.5%371","Johnson","Residential Improved","White River",0.91,0.91,0.92,9.39,33.99,1.03,0,849
"1111","Knox","Industrial Vacant","Countywide",NA,NA,NA,NA,NA,NA,NA,0
"1112","Knox","Industrial Improved","Countywide",NA,NA,NA,NA,NA,NA,NA,0
"1113","Knox","Commercial Vacant","Countywide",NA,NA,NA,NA,NA,NA,NA,0
"2.5%372","Knox","Commercial Improved","Countywide",0.82,0.91,1.01,20.12,26.86,1.05,0,23
"df_sp153","Knox","Commercial Improved","Busseron",0.71,0.91,1.01,10.25,14.01,0.99,0,5
"df_sp154","Knox","Commercial Improved","Vincennes",0.82,0.93,1.09,22.61,28.58,1.07,0,18
"2.5%373","Knox","Residential Vacant","Countywide",0.85,0.97,1.04,24.77,40.64,1.25,0,25
"df_sp155","Knox","Residential Vacant","Busseron",0.52,1.04,1.24,31.31,48.53,1.26,0,7
"df_sp156","Knox","Residential Vacant","Vincennes",0.88,0.97,1,21.06,38.78,1.24,0,18
"2.5%374","Knox","Residential Improved","Countywide",0.9,0.91,0.93,18.2,27.69,1.06,0,385
"df_sp157","Knox","Residential Improved","Busseron",0.85,0.92,0.99,7.46,9.62,1.03,0,10
"df_sp158","Knox","Residential Improved","Decker",0.85,0.92,1.01,6.61,8.46,0.99,0,8
"2.5%375","Knox","Residential Improved","Harrison",0.85,0.92,0.94,13.39,17.64,1.01,0,21
"df_sp159","Knox","Residential Improved","Palmyra",0.85,0.94,1.04,15.69,20.19,1,0,18
"df_sp160","Knox","Residential Improved","Steen",0.82,0.94,1.03,10.9,14.09,1.02,0,9
"2.5%376","Knox","Residential Improved","Vigo",0.9,0.94,1.02025,19.23,27.11,1.06,0,42
"2.5%377","Knox","Residential Improved","Vincennes",0.89,0.91,0.93,19.83,30.25,1.07,0,257
"2.5%378","Knox","Residential Improved","Washington",0.83,0.9,0.95,14.16,20.67,1.05,0,20
"df_sp161","Kosciusko","Industrial Vacant","Countywide",1.15,1.28,1.56,13.95,18.79,1.31,0,6
"df_sp162","Kosciusko","Industrial Improved","Countywide",0.83,1,1.06,17.24,22.69,1.05,0,13
"df_sp163","Kosciusko","Industrial Improved","Plain",0.84,0.99,1.29,18.38,21.09,0.99,0,6
"df_sp164","Kosciusko","Industrial Improved","Clay",0.65,1,1.06,16.46,22.93,1.03,0,7
"df_sp165","Kosciusko","Commercial Vacant","Countywide",0.4,0.77,1.09,36.71,46.3,1.37,0,7
"2.5%379","Kosciusko","Commercial Improved","Countywide",0.91,0.94,0.98,23,30.76,1.23,0,174
"2.5%380","Kosciusko","Commercial Improved","Wayne",0.91,0.96,0.99,22.77,30.21,1.24,0,119
"df_sp166","Kosciusko","Commercial Improved","Tippecanoe",0.67,0.94,1.03,21.31,30.53,1.24,0,14
"2.5%381","Kosciusko","Commercial Improved","Turkey Creek",0.81,0.89,1.05,26.51,37.02,1.23,0,26
"df_sp167","Kosciusko","Commercial Improved","Clay",0.81,0.93,1.06,18.33,24.13,1.14,0,14
"2.5%382","Kosciusko","Residential Vacant","Countywide",1.08,1.13,1.15,14.25,20.34,1.13,0,154
"df_sp168","Kosciusko","Residential Vacant","Plain",0.98,1.15,1.21,12.03,19.55,1.15,0,10
"df_sp169","Kosciusko","Residential Vacant","Van Buren",1.08,1.12,1.16,4.57,5.77,1.1,0,10
"2.5%383","Kosciusko","Residential Vacant","Turkey Creek",0.94,1.12,1.19,20.27,26.28,1.11,0,32
"2.5%384","Kosciusko","Residential Vacant","Tippecanoe",0.95,1.04,1.17,18.68,23.7,1.09,0,29
"2.5%385","Kosciusko","Residential Vacant","Wayne",1.08,1.15,1.16,10.68,14.67,1.17,0,62
"df_sp170","Kosciusko","Residential Vacant","Clay",0.98,1.1,1.16,18.46,31.34,1.13,0,10
"2.5%386","Kosciusko","Residential Improved","Countywide",1,1,1,10.69,18.35,1.02,0,1355
"2.5%387","Kosciusko","Residential Improved","Clay",0.91,1.01,1.03,7.18,9.58,1.03,0,24
"df_sp171","Kosciusko","Residential Improved","Monroe",0.97,1,1,7.88,12.21,1.02,0,18
"2.5%388","Kosciusko","Residential Improved","Harrison",0.91,1,1.01,8.33,11.21,1.01,0,43
"df_sp172","Kosciusko","Residential Improved","Franklin",0.92,1,1.03,5.54,8.31,1,0,11
"2.5%389","Kosciusko","Residential Improved","Lake",0.9,1,1.03,13.41,19.75,1.01,0,30
"2.5%390","Kosciusko","Residential Improved","Plain",0.96,1,1,9.3,13.05,0.99,0,137
"df_sp173","Kosciusko","Residential Improved","Prairie",0.86,1,1.01,10.09,14.6,1.01,0,14
"2.5%391","Kosciusko","Residential Improved","Tippecanoe",0.93,1,1.01,13.22,16.87,1.04,0,159
"2.5%392","Kosciusko","Residential Improved","Turkey Creek",0.99,1,1,12.28,18.54,1.03,0,210
"2.5%393","Kosciusko","Residential Improved","Van Buren",0.91,1,1.01,11.49,16.42,1,0,57
"2.5%394","Kosciusko","Residential Improved","Washington",0.87,1,1.01,17.63,41.1,1.08,0,35
"2.5%395","Kosciusko","Residential Improved","Wayne",0.99,1,1,9.46,18.87,1.01,0,545
"df_sp174","Kosciusko","Residential Improved","Etna",0.98,1,1.02,9.12,16.85,1,0,13
"2.5%396","Kosciusko","Residential Improved","Seward",0.94,1,1.02,12.57,18.2,1.04,0,39
"df_sp175","Kosciusko","Residential Improved","Scott",0.87,1,1.04,10.51,13.77,1.03,0,19
"1114","Lagrange","Industrial Vacant","Countywide",NA,NA,NA,NA,NA,NA,NA,0
"df_sp176","Lagrange","Industrial Improved","Countywide",0.48,0.52,0.56,13.59,22.19,1.03,0,8
"1115","Lagrange","Commercial Vacant","Countywide",NA,NA,NA,NA,NA,NA,NA,0
"2.5%397","Lagrange","Commercial Improved","Countywide",0.73,0.84,0.94,25.57,35.22,1.04,0,20
"2.5%398","Lagrange","Residential Vacant","Countywide",0.87,1.02,1.21,23.62,31.66,1.22,0,22
"df_sp177","Lagrange","Residential Vacant","Johnson",0.87,1.02,1.25,17.98,22.42,1.05,0,10
"df_sp178","Lagrange","Residential Vacant","Bloomfield",0.78,1.03,1.21,28.06,38.97,1.41,0,12
"2.5%399","Lagrange","Residential Improved","Countywide",0.93,0.94,0.96,12.6,15.67,1.02,0,616
"2.5%400","Lagrange","Residential Improved","Bloomfield",0.91,0.94,0.99,12.99,15.96,1.02,0,110
"2.5%401","Lagrange","Residential Improved","Clay",0.91975,0.94,1,12.4,15.99,1.02,0,45
"2.5%402","Lagrange","Residential Improved","Clearspring",0.86,0.93,0.98,12.78,16.47,1.02,0,45
"df_sp179","Lagrange","Residential Improved","Eden",0.86,0.95,0.99,12.42,15.42,1.02,0,18
"2.5%403","Lagrange","Residential Improved","Greenfield",0.87,0.95,1.03,12.58,15.82,1.03,0,22
"2.5%404","Lagrange","Residential Improved","Johnson",0.91,0.94,0.98,12.3,15.18,1.02,0,120
"2.5%405","Lagrange","Residential Improved","Lima",0.83,0.95,1.01,13.68,16.31,1.01,0,38
"2.5%406","Lagrange","Residential Improved","Milford",0.88,0.93,0.97,12.5,15.58,1.02,0,100
"2.5%407","Lagrange","Residential Improved","Newbury",0.92,0.96,0.98,12.84,16.89,1.01,0,75
"df_sp180","Lagrange","Residential Improved","Springfield",0.81,0.95,1,11.21,13.76,1.02,0,12
"2.5%408","Lagrange","Residential Improved","Van Buren",0.89,0.94,0.99,11.08,13.14,1.02,0,31
"df_sp181","Lake","Industrial Vacant","Countywide",1,1.01,1.14,30.65,48.26,1.15,0,9
"2.5%409","Lake","Industrial Improved","Countywide",0.95,0.96,0.98,13.18,40.98,1.09,0,49
"df_sp182","Lake","Industrial Improved","Calumet",0.79,0.98,1,12.85,22.12,1.11,0,11
"df_sp183","Lake","Industrial Improved","Center",0.95,0.97,1.17,43.7,72.79,1.33,0,7
"df_sp184","Lake","Industrial Improved","North",0.95,0.98,0.99,5.32,9.1,0.98,0,19
"df_sp185","Lake","Industrial Improved","Ross",0.89,0.91,0.95,6.47,9.67,1.01,0,9
"1116","Lake","Industrial Improved","Cedar Creek",NA,NA,NA,NA,NA,NA,NA,3
"2.5%410","Lake","Commercial Vacant","Countywide",0.89,0.99,1,15.07,26.37,1.06,0,29
"df_sp186","Lake","Commercial Vacant","Center",0.87,0.98,1.01,7.49,11.87,1.01,0,7
"df_sp187","Lake","Commercial Vacant","North",0.98,1,1.04,16.99,36.3,1.34,0,9
"1117","Lake","Commercial Vacant","Ross",NA,NA,NA,NA,NA,NA,NA,3
"df_sp188","Lake","Commercial Vacant","Calumet",0.62,0.89,0.99,17.82,24.38,0.89,0,9
"2.5%411","Lake","Commercial Improved","Countywide",0.98,0.98,0.99,10.72,24.45,1.07,0,572
"2.5%412","Lake","Commercial Improved","Calumet",0.94,0.97,0.99025,10.56,19.4,1.12,0,55
"df_sp189","Lake","Commercial Improved","Cedar Creek",0.91,0.97,1.02,9.99,15.79,1.01,0,15
"2.5%413","Lake","Commercial Improved","Center",0.91,0.97,1,10.37,15.94,1.07,0,37
"2.5%414","Lake","Commercial Improved","Hanover",0.95,0.98,0.99,6.26,11.66,1.01,0,20
"2.5%415","Lake","Commercial Improved","Hobart",0.95,0.98,0.99,6.95,14.21,1.05,0,47
"2.5%416","Lake","Commercial Improved","North",0.98,0.99,0.99,10.65,23.53,1.06,0,317
"2.5%417","Lake","Commercial Improved","Ross",0.85,0.93,0.96,18.81,51.23,1.18,0,43
"2.5%418","Lake","Commercial Improved","St. John",0.95,0.99,1.03,10.6,14.92,1.04,0,32
"df_sp190","Lake","Commercial Improved","Eagle Creek",0.96,0.98,0.99,2.14,3.33,1,0,6
"2.5%419","Lake","Residential Vacant","Countywide",1.03,1.06,1.08,21.55,36.63,1.1,0,301
"2.5%420","Lake","Residential Vacant","Calumet",1,1.09,1.16,22.12,33.65,1.13,0,27
"2.5%421","Lake","Residential Vacant","Cedar Creek",1.13,1.15,1.16,12.53,28.15,1.1,0,26
"2.5%422","Lake","Residential Vacant","Center",0.96,1.05,1.1,16.51,22.81,1.12,0,49
"df_sp191","Lake","Residential Vacant","Hanover",1.05,1.07,1.23,13.43,22.66,1.13,0,10
"df_sp192","Lake","Residential Vacant","Hobart",0.87,0.95,1.14,13.36,18.62,1.12,0,6
"2.5%423","Lake","Residential Vacant","North",1,1.05,1.09,18.44,32.6,1.14,0,56
"2.5%424","Lake","Residential Vacant","St. John",1.04,1.09,1.13,15.74,25.82,1.25,0,58
"2.5%425","Lake","Residential Vacant","Winfield",0.5,1.01,1.14,37.8,63.38,1.07,0,24
"2.5%426","Lake","Residential Vacant","Eagle Creek",0.91,1,1.03,34.21,60.85,0.84,0,45
"2.5%427","Lake","Residential Improved","Countywide",0.99,0.99,0.99,12.81,32.19,1.04,0,14854
"2.5%428","Lake","Residential Improved","Calumet",0.99,0.99,1,22.07,48.82,1.11,0,1590
"2.5%429","Lake","Residential Improved","Cedar Creek",0.98,0.99,1,9.21,21.98,1.02,0,481
"2.5%430","Lake","Residential Improved","Center",0.96,0.97,0.97,12.66,36.01,1.03,0,1845
"2.5%431","Lake","Residential Improved","Eagle Creek",0.97,1,1.05,6.93,8.8,1.01,0,22
"2.5%432","Lake","Residential Improved","Hanover",0.98,0.98,0.99,8.18,21.8,1.01,0,1472
"2.5%433","Lake","Residential Improved","Hobart",1,1,1,7.88,16.99,1.02,0,1293
"2.5%434","Lake","Residential Improved","North",0.98,0.98,0.98,15.45,34.37,1.05,0,4422
"2.5%435","Lake","Residential Improved","Ross",0.99,1,1,18.24,40.88,1.07,0,852
"2.5%436","Lake","Residential Improved","St. John",0.99,1,1,6.79,11.9,1.01,0,1946
"2.5%437","Lake","Residential Improved","West Creek",0.99,0.99,1,9.31,18.69,1.02,0,323
"2.5%438","Lake","Residential Improved","Winfield",0.99,1,1,7.66,18.02,1.01,0,607
"1118","Laporte","Industrial Vacant","Countywide",NA,NA,NA,NA,NA,NA,NA,0
"1119","Laporte","Industrial Improved","Countywide",NA,NA,NA,NA,NA,NA,NA,0
"1120","Laporte","Commercial Vacant","Countywide",NA,NA,NA,NA,NA,NA,NA,0
"2.5%439","Laporte","Commercial Improved","Countywide",0.8,0.93,0.99,15.46,20.58,1.14,0,28
"2.5%440","Laporte","Residential Vacant","Countywide",1.04,1.07,1.13,7.51,9.42,1.13,0,42
"df_sp193","Laporte","Residential Vacant","Center",0.9,1.1,1.24,8.79,12.29,1.1,0,5
"df_sp194","Laporte","Residential Vacant","Coolspring",0.91,1.05,1.13,5.07,7.72,1.11,0,5
"df_sp195","Laporte","Residential Vacant","Kankakee",1.03,1.12,1.13,3.54,4.73,1.15,0,5
"df_sp196","Laporte","Residential Vacant","Michigan",1.04,1.08,1.15,8.57,10.9,1.13,0,9
"df_sp197","Laporte","Residential Vacant","New Durham",0.88,1.15,1.25,7.97,12.72,1.12,0,5
"df_sp198","Laporte","Residential Vacant","Galena",0.99,1.03,1.19,6.95,9.4,1.14,0,8
"df_sp199","Laporte","Residential Vacant","Lincoln",0.96,1.07,1.15,5.72,7.66,1.13,0,5
"2.5%441","Laporte","Residential Improved","Countywide",0.87,0.89,0.9,11.42,15.25,1.01,0,1029
"df_sp200","Laporte","Residential Improved","Clinton",0.74,0.83,0.93,14.03,15.54,1.02,0,12
"df_sp201","Laporte","Residential Improved","Cass",0.6,0.78,0.93,15.27,18.39,1.07,0,8
"2.5%442","Laporte","Residential Improved","Center",0.87,0.9,0.9,10.7,14.77,1.01,0,300
"2.5%443","Laporte","Residential Improved","Coolspring",0.85,0.87,0.9,11.77,15.37,1,0,110
"df_sp202","Laporte","Residential Improved","Galena",0.64,0.86,0.93,16.76,21.42,1.08,0,9
"df_sp203","Laporte","Residential Improved","Hanna",0.82,0.91,0.92,8.91,13.61,1,0,12
"df_sp204","Laporte","Residential Improved","Hudson",0.72,0.91,0.96,10.31,14.47,1.11,0,8
"2.5%444","Laporte","Residential Improved","Kankakee",0.78,0.86,0.91,10.18,12.26,0.98,0,24
"df_sp205","Laporte","Residential Improved","Lincoln",0.8,0.91,0.98,8.48,12.36,1.02,0,14
"2.5%445","Laporte","Residential Improved","Michigan",0.85,0.88,0.9,12.69,16.7,1.01,0,330
"2.5%446","Laporte","Residential Improved","New Durham",0.84,0.88,0.9,9.18,12.09,1,0,43
"df_sp206","Laporte","Residential Improved","Noble",0.67,0.87,0.98,13.55,19.02,1.01,0,11
"2.5%447","Laporte","Residential Improved","Pleasant",0.81,0.89,0.9,8.88,13.17,1,0,26
"2.5%448","Laporte","Residential Improved","Scipio",0.81,0.87,0.9,9.16,11.94,1.01,0,38
"2.5%449","Laporte","Residential Improved","Springfield",0.78,0.9,0.94,12.05,16.01,0.98,0,29
"2.5%450","Laporte","Residential Improved","Union",0.79,0.86,0.91,10.59,12.75,1.02,0,35
"df_sp207","Laporte","Residential Improved","Washington",0.71,0.92,0.95,14,18.26,1.02,0,13
"df_sp208","Laporte","Residential Improved","Wills",0.84,0.9,0.92,3.76,5.2,1,0,7
"1121","Lawrence","Industrial Vacant","Countywide",NA,NA,NA,NA,NA,NA,NA,0
"1122","Lawrence","Industrial Improved","Countywide",NA,NA,NA,NA,NA,NA,NA,0
"1123","Lawrence","Commercial Vacant","Countywide",NA,NA,NA,NA,NA,NA,NA,0
"2.5%451","Lawrence","Commercial Improved","Countywide",0.88,0.96,1.08,21.76,29.4,1.45,0,51
"2.5%452","Lawrence","Commercial Improved","Shawswick",0.86,0.91,1.06025,24.04,32.52,1.51,0,36
"df_sp209","Lawrence","Commercial Improved","Indian Creek",0.98,1.08,1.1,13.57,21.62,1.15,0,15
"2.5%453","Lawrence","Residential Vacant","Countywide",0.66,0.93,1.12,34.33,40.42,1.42,0,54
"2.5%454","Lawrence","Residential Vacant","Shawswick",0.64,0.95,1.12,31.66,37.75,1.37,0,32
"2.5%455","Lawrence","Residential Vacant","Indian Creek",0.58,0.86,1.14,40,45.06,1.49,0,22
"2.5%456","Lawrence","Residential Improved","Countywide",0.91,0.92,0.93,18.14,25.97,1.05,0,1080
"2.5%457","Lawrence","Residential Improved","Guthrie",0.89,0.94,0.99,10.72,14.43,1.05,0,23
"2.5%458","Lawrence","Residential Improved","Indian Creek",0.85,0.89,0.93,12.48,17.25,1.02,0,49
"2.5%459","Lawrence","Residential Improved","Marion",0.9,0.92,0.95,20.41,28.8,1.06,0,215
"2.5%460","Lawrence","Residential Improved","Marshall",0.92,0.94,0.97,15.41,23.71,1.02,0,105
"2.5%461","Lawrence","Residential Improved","Perry",0.91,0.93,0.97,10.35,17.01,1.01,0,34
"2.5%462","Lawrence","Residential Improved","Shawswick",0.9,0.91,0.93,18.97,26.53,1.06,0,647
"1124","Madison","Industrial Vacant","Countywide",NA,NA,NA,NA,NA,NA,NA,0
"1125","Madison","Industrial Improved","Countywide",NA,NA,NA,NA,NA,NA,NA,0
"df_sp210","Madison","Commercial Vacant","Countywide",0.12,0.26,0.55,149.52,118.36,2.36,0,10
"2.5%463","Madison","Commercial Improved","Countywide",0.5,0.67,0.84,58.93,69.61,1.37,0,42
"2.5%464","Madison","Residential Vacant","Countywide",0.09,0.11,0.16,144.08,112.98,1.61,0,92
"2.5%465","Madison","Residential Improved","Countywide",0.88,0.89,0.9,26.34,36,1.1,0,1498
"2.5%466","Madison","Residential Improved","Adams",0.73,0.88,0.97,19.54,25.38,1.06,0,20
"2.5%467","Madison","Residential Improved","Anderson",0.88,0.89,0.91,29.53,38.78,1.11,0,852
"2.5%468","Madison","Residential Improved","Boone",0.86,0.98,1.05025,30.69,38.61,1.11,0,70
"2.5%469","Madison","Residential Improved","Duck Creek",0.83,0.91,0.97,28.28,39.89,1.25,0,123
"2.5%470","Madison","Residential Improved","Fall Creek",0.88,0.91,0.94,19.37,29.43,1.04,0,128
"2.5%471","Madison","Residential Improved","Green",0.8,0.81,0.86,14.74,19.53,1.02,0,121
"2.5%472","Madison","Residential Improved","Lafayette",0.8,0.88,0.94,22.74,28.85,1.09,0,42
"2.5%473","Madison","Residential Improved","Richland",0.79,0.95,1.04,18.23,24.2,1.07,0,29
"2.5%474","Madison","Residential Improved","Stony Creek",0.84,0.9,0.96,15.95,22.42,1.02,0,38
"2.5%475","Madison","Residential Improved","Union",0.89,0.9,0.96,21.17,29.62,1.11,0,75
"df_sp211","Marion","Industrial Vacant","Countywide",0.87,0.94,1.2,32.75,53.35,2.67,0,9
"2.5%476","Marion","Industrial Improved","Countywide",0.49,0.6,0.77,43.54,47.52,1.13,0,70
"2.5%477","Marion","Industrial Improved","Center",0.43,0.56,0.78,45.02,48.11,1.24,0,41
"df_sp212","Marion","Industrial Improved","Decatur",0.42,0.53,0.88,44.61,51.86,1,0,13
"df_sp213","Marion","Industrial Improved","Warren",0.6,0.73,0.94,35.11,42.19,1.19,0,16
"2.5%478","Marion","Commercial Vacant","Countywide",0.2,0.45,0.82,93.1,87.61,11.25,0,28
"2.5%479","Marion","Commercial Improved","Countywide",0.52,0.58,0.64,52.17,58.27,1.33,0,566
"2.5%480","Marion","Commercial Improved","Center",0.41,0.49,0.58,68.92,69.62,1.18,0,181
"df_sp214","Marion","Commercial Improved","Decatur",0.74,0.91,0.97,14.15,20.4,1.14,0,8
"df_sp215","Marion","Commercial Improved","Franklin",0.51,0.73,0.84,26.67,35.21,1.25,0,19
"2.5%481","Marion","Commercial Improved","Lawrence",0.68,0.81,0.95,32.79,42.48,1.64,0,40
"2.5%482","Marion","Commercial Improved","Perry",0.58,0.77,0.84,28.36,37.36,1.36,0,64
"2.5%483","Marion","Commercial Improved","Pike",0.4,0.49,0.53,41.05,53.24,1.19,0,50
"2.5%484","Marion","Commercial Improved","Warren",0.4295,0.58,0.77,58.23,63.82,1.06,0,62
"2.5%485","Marion","Commercial Improved","Washington",0.34,0.43,0.58,62.16,62.44,1.47,0,59
"2.5%486","Marion","Commercial Improved","Wayne",0.49,0.64,0.72,42.87,53.27,2.03,0,75
"2.5%487","Marion","Residential Vacant","Countywide",0.61,0.75,0.83,55.9,69.15,1.69,0,283
"2.5%488","Marion","Residential Vacant","Center",0.41,0.53,0.72,71.65,72.13,2.07,0,110
"df_sp216","Marion","Residential Vacant","Decatur",0.66,0.83,0.96,16.75,23.14,1.13,0,6
"df_sp217","Marion","Residential Vacant","Franklin",0.14,0.66,1.04,89.1,91.14,1.99,0,17
"df_sp218","Marion","Residential Vacant","Lawrence",0.63,1,1.15,32.38,49.61,1.25,0,14
"df_sp219","Marion","Residential Vacant","Perry",0.78,1.04,1.22,24.58,34.65,1.21,0,19
"df_sp220","Marion","Residential Vacant","Pike",0.17,0.27,0.93,146.18,79.36,1.23,0,16
"2.5%489","Marion","Residential Vacant","Warren",0.04,0.8,1,70.33,98.56,3.42,0,25
"2.5%490","Marion","Residential Vacant","Washington",0.91,0.97,1.01,27.47,44.38,1.29,0,38
"2.5%491","Marion","Residential Vacant","Wayne",0.32,0.78,0.97,50.12,64.75,1.43,0,26
"2.5%492","Marion","Residential Improved","Countywide",0.94,0.95,0.95,15.72,24.55,1.04,0,19628
"2.5%493","Marion","Residential Improved","Center",0.96,0.96,0.97,17.4,26.29,1.05,0,4501
"2.5%494","Marion","Residential Improved","Decatur",0.92,0.93,0.94,14.41,23.8,1.03,0,785
"2.5%495","Marion","Residential Improved","Franklin",0.91,0.92,0.93,10.12,16.3,1.01,0,1542
"2.5%496","Marion","Residential Improved","Lawrence",0.95,0.95,0.96,13.96,21.87,1.04,0,2307
"2.5%497","Marion","Residential Improved","Perry",0.94,0.95,0.95,11.88,17.65,1.01,0,2037
"2.5%498","Marion","Residential Improved","Pike",0.93,0.93,0.94,14.5,21.66,1.03,0,1280
"2.5%499","Marion","Residential Improved","Warren",0.94,0.95,0.95,16.04,24.99,1.04,0,2292
"2.5%500","Marion","Residential Improved","Washington",0.96,0.96,0.96,10.96,16.89,1.02,0,2478
"2.5%501","Marion","Residential Improved","Wayne",0.92,0.93,0.94,25.5,34.56,1.09,0,2319
"1126","Marshall","Industrial Vacant","Countywide",NA,NA,NA,NA,NA,NA,NA,0
"df_sp221","Marshall","Industrial Improved","Countywide",0.3,0.96,1.02,17.35,36.42,1.38,0,5
"df_sp222","Marshall","Commercial Vacant","Countywide",0.97,0.99,1,6.94,13.83,0.99,0,6
"2.5%502","Marshall","Commercial Improved","Countywide",0.53925,0.91,0.98,28.6,41.65,1.54,0,26
"df_sp223","Marshall","Commercial Improved","Union",0.82,0.97,1.02,18.69,29.8,1.07,0,6
"df_sp224","Marshall","Commercial Improved","Center",0.54,0.91,0.93,21.18,35.95,1.76,0,10
"df_sp225","Marshall","Commercial Improved","Bourbon",0.34,0.56,1.03,56.59,55.57,1.24,0,10
"2.5%503","Marshall","Residential Vacant","Countywide",0.78,0.98,1.00025,23.25,38.06,1.39,0,26
"df_sp226","Marshall","Residential Vacant","Center",0.76,1.03,1.12,14.17,22,1.07,0,7
"df_sp227","Marshall","Residential Vacant","Bourbon",0.69,0.97,1,26.25,43.56,1.39,0,19
"2.5%504","Marshall","Residential Improved","Countywide",0.93,0.94,0.95,11.33,16.81,1.03,0,590
"2.5%505","Marshall","Residential Improved","Bourbon",0.9,0.95,1.01,12.53,15.93,1.03,0,35
"2.5%506","Marshall","Residential Improved","German",0.9,0.93,0.96,12.39,18.35,1.02,0,98
"2.5%507","Marshall","Residential Improved","North",0.87,0.92,0.98025,14.07,20.42,1.03,0,28
"2.5%508","Marshall","Residential Improved","Polk",0.88,0.93,1.01,12.62,18.27,1.02,0,22
"df_sp228","Marshall","Residential Improved","Tippecanoe",0.91,0.95,1.03,8.47,11.29,1.03,0,12
"2.5%509","Marshall","Residential Improved","Union",0.85,0.93,0.96,13.38,19.25,1.04,0,47
"2.5%510","Marshall","Residential Improved","Walnut",0.9,0.92,0.95,9.17,12.7,1.03,0,46
"2.5%511","Marshall","Residential Improved","West",0.91,0.95,0.97,12.31,16.63,1.07,0,63
"2.5%512","Marshall","Residential Improved","Center",0.93,0.94,0.95,10.06,16.1,1.02,0,239
"1127","Martin","Industrial Vacant","Countywide",NA,NA,NA,NA,NA,NA,NA,0
"1128","Martin","Industrial Improved","Countywide",NA,NA,NA,NA,NA,NA,NA,0
"1129","Martin","Commercial Vacant","Countywide",NA,NA,NA,NA,NA,NA,NA,0
"df_sp229","Martin","Commercial Improved","Countywide",0.91,0.94,1.05,10.7,14.48,1.04,0,19
"df_sp230","Martin","Residential Vacant","Countywide",0.71,1.09,1.33,12.51,21.23,1.14,0,5
"2.5%513","Martin","Residential Improved","Countywide",0.92,0.95,0.98,17.98,26.63,1.05,0,189
"2.5%514","Martin","Residential Improved","Helbert",0.9,0.97,1.04,20.08,28.4,1.06,0,39
"2.5%515","Martin","Residential Improved","Perry",0.92,0.95,0.98,16.92,26.21,1.05,0,124
"1130","Miami","Industrial Vacant","Countywide",NA,NA,NA,NA,NA,NA,NA,0
"1131","Miami","Industrial Improved","Countywide",NA,NA,NA,NA,NA,NA,NA,0
"1132","Miami","Commercial Vacant","Countywide",NA,NA,NA,NA,NA,NA,NA,0
"df_sp231","Miami","Commercial Improved","Countywide",0.87,1,1.08,21.31,30.3,1.09,0,16
"df_sp232","Miami","Residential Vacant","Countywide",0.23,0.56,1.1,59.21,64.11,1.22,0,8
"2.5%516","Miami","Residential Improved","Countywide",0.91,0.94,0.98,23.38,32.59,1.08,0,273
"2.5%517","Miami","Residential Improved","Peru",0.91,0.95,0.99,23.64,32.8,1.08,0,120
"2.5%518","Miami","Residential Improved","Washington",0.88,0.95,1.09,22.9,29.01,1.08,0,24
"2.5%519","Miami","Residential Improved","Pipe Creek",0.8,0.89,0.98,25.45,34.55,1.01,0,56
"2.5%520","Miami","Residential Improved","Union",0.9,0.98,1.03,18.84,28,1.17,0,21
"2.5%521","Miami","Residential Improved","Butler",0.88,0.97,1,20.98,31.56,1.11,0,47
"1133","Monroe","Industrial Vacant","Countywide",NA,NA,NA,NA,NA,NA,NA,0
"1134","Monroe","Industrial Improved","Countywide",NA,NA,NA,NA,NA,NA,NA,0
"df_sp233","Monroe","Commercial Vacant","Countywide",0,0.51,0.89,44.86,71.9,6.72,0,5
"2.5%522","Monroe","Commercial Improved","Countywide",0.93,0.97,1.01,16.13,23.09,1.24,0,106
"2.5%523","Monroe","Residential Vacant","Countywide",0.89,0.93,1.05,24.45,37.99,1.86,0,58
"2.5%524","Monroe","Residential Improved","Countywide",0.96,0.97,0.97,12.05,18.21,1.02,0,1844
"df_sp234","Monroe","Residential Improved","Bean Blossom",0.88,0.94,1,12.5,15.82,1.04,0,16
"2.5%525","Monroe","Residential Improved","Benton",0.87,1.01,1.05,16.99,24.88,1.04,0,36
"2.5%526","Monroe","Residential Improved","Bloomington",0.88,0.9,0.92,12.64,17.86,1.02,0,209
"2.5%527","Monroe","Residential Improved","Clear Creek",0.94,0.97,1,14.64,20.42,1.03,0,163
"df_sp235","Monroe","Residential Improved","Indian Creek",0.86,0.95,1.17,9.57,13.04,1.01,0,5
"2.5%528","Monroe","Residential Improved","Perry",0.94,0.95,0.96,11.79,16.44,1.02,0,790
"2.5%529","Monroe","Residential Improved","Richland",0.99,0.99,1,6.23,12.6,1.01,0,364
"2.5%530","Monroe","Residential Improved","Salt Creek",0.85975,0.95,1.05,19.45,25.74,1.05,0,22
"2.5%531","Monroe","Residential Improved","Van Buren",0.93,0.94,0.97,16.26,24.69,1.04,0,207
"2.5%532","Monroe","Residential Improved","Washington",0.78,0.87,0.95,22.25,33.67,1.12,0,27
"1135","Montgomery","Industrial Vacant","Countywide",NA,NA,NA,NA,NA,NA,NA,0
"1136","Montgomery","Industrial Improved","Countywide",NA,NA,NA,NA,NA,NA,NA,0
"1137","Montgomery","Commercial Vacant","Countywide",NA,NA,NA,NA,NA,NA,NA,0
"df_sp236","Montgomery","Commercial Improved","Countywide",0.78,0.94,1.02,17.97,24.04,1,0,15
"2.5%533","Montgomery","Residential Vacant","Countywide",0.28,0.55,0.63,63.31,84.89,5.55,0,32
"2.5%534","Montgomery","Residential Improved","Countywide",0.94,0.96,0.98,14.62,18.52,1.02,0,317
"2.5%535","Montgomery","Residential Improved","Brown",0.94,1,1.07,15.59,19.47,1.02,0,44
"2.5%536","Montgomery","Residential Improved","Madison",0.90975,0.97,0.99,12.51,16.66,1.01,0,42
"2.5%537","Montgomery","Residential Improved","Union",0.92,0.95,0.98,14.82,18.62,1.02,0,231
"1138","Morgan","Industrial Vacant","Countywide",NA,NA,NA,NA,NA,NA,NA,0
"1139","Morgan","Industrial Improved","Countywide",NA,NA,NA,NA,NA,NA,NA,0
"df_sp237","Morgan","Commercial Vacant","Countywide",0.71,1,1.02,17.13,23.89,0.97,0,13
"2.5%538","Morgan","Commercial Improved","Countywide",0.93,0.99,1.15,122.89,115.52,1.3,0,30
"2.5%539","Morgan","Residential Vacant","Countywide",0.98,1.01,1.04,14.33,20.96,1.08,0,201
"2.5%540","Morgan","Residential Vacant","Adams",1.01,1.12,1.15,12.34,18.63,1.12,0,77
"2.5%541","Morgan","Residential Vacant","Ray",0.94,0.97,1.03,16.25,27.06,1.04,0,54
"2.5%542","Morgan","Residential Vacant","Brown",0.92,0.98,1.05,14.63,21.94,1.1,0,34
"2.5%543","Morgan","Residential Vacant","Jackson",0.96,1.01,1.07,10.83,13.68,1.05,0,35
"2.5%544","Morgan","Residential Improved","Countywide",0.93,0.93,0.94,31.95,82.64,1.18,0,1341
"2.5%545","Morgan","Residential Improved","Adams",0.88,0.95,1.05,44.76,115.39,1.27,0,21
"2.5%546","Morgan","Residential Improved","Baker",0.8295,0.91,1,17.31,31.07,1,0,24
"2.5%547","Morgan","Residential Improved","Brown",0.9,0.92,0.93,20.74,79.62,1.1,0,235
"2.5%548","Morgan","Residential Improved","Clay",0.9,0.93,0.98,9.8,12.01,1.01,0,47
"2.5%549","Morgan","Residential Improved","Green",0.89,0.91,0.95,7.02,9.7,1.01,0,34
"2.5%550","Morgan","Residential Improved","Gregg",0.87,0.93,0.98,14.34,27.66,1.03,0,44
"df_sp238","Morgan","Residential Improved","Harrison",0.9,0.94,1.17,21.95,32.43,1.05,0,18
"2.5%551","Morgan","Residential Improved","Jackson",0.83,0.91,0.97,16.64,27.32,1.05,0,46
"2.5%552","Morgan","Residential Improved","Jefferson",0.85,0.92,0.96,13.66,17.97,1.02,0,31
"2.5%553","Morgan","Residential Improved","Madison",0.91,0.93,0.95,49.51,98.06,1.31,0,356
"2.5%554","Morgan","Residential Improved","Monroe",0.93,0.94,0.96,52.7,80.56,1.37,0,187
"2.5%555","Morgan","Residential Improved","Washington",0.93,0.94,0.96,20.48,62.38,1.05,0,298
"1140","Newton","Industrial Vacant","Countywide",NA,NA,NA,NA,NA,NA,NA,0
"1141","Newton","Industrial Improved","Countywide",NA,NA,NA,NA,NA,NA,NA,0
"1142","Newton","Commercial Vacant","Countywide",NA,NA,NA,NA,NA,NA,NA,0
"2.5%556","Newton","Commercial Improved","Countywide",0.85,0.92,0.98,33.04,85.85,1.18,0,30
"2.5%557","Newton","Residential Vacant","Countywide",1.01,1.06,1.2,32.93,45.42,1.57,0,62
"2.5%558","Newton","Residential Improved","Countywide",0.94,0.96,0.98,47.79,123.62,1.3,0,713
"2.5%559","Newton","Residential Improved","Beaver",0.89,0.93,0.98,36.47,106.8,1.19,0,88
"2.5%560","Newton","Residential Improved","Grant",0.88,0.96,1.01,19.22,29.47,1.07,0,50
"2.5%561","Newton","Residential Improved","Iroquois",0.87,0.94,0.98,17.95,26.58,1.03,0,57
"2.5%562","Newton","Residential Improved","Jefferson",0.93,0.94,0.99,60.98,141.26,1.41,0,137
"2.5%563","Newton","Residential Improved","Lake",0.94,0.97,1.02,77.16,130.99,1.51,0,131
"2.5%564","Newton","Residential Improved","Lincoln",0.95,0.97,0.99,41.46,116.67,1.27,0,244
"1143","Noble","Industrial Vacant","Countywide",NA,NA,NA,NA,NA,NA,NA,0
"1144","Noble","Industrial Improved","Countywide",NA,NA,NA,NA,NA,NA,NA,0
"1145","Noble","Commercial Vacant","Countywide",NA,NA,NA,NA,NA,NA,NA,0
"2.5%565","Noble","Commercial Improved","Countywide",0.8,0.94,1,25.45,40.65,1.41,0,40
"2.5%566","Noble","Residential Vacant","Countywide",0.96,1.05,1.14,33.1,50.71,1.5,0,52
"2.5%567","Noble","Residential Improved","Countywide",0.95,0.96,0.97,19.29,40.48,1.07,0,1216
"2.5%568","Noble","Residential Improved","Albion",0.89,0.97,1.03,24.03,45.29,1.07,0,53
"2.5%569","Noble","Residential Improved","Allen",0.94,0.96,0.99,15.45,33.65,1.06,0,215
"2.5%570","Noble","Residential Improved","Elkhart",0.82,0.9,1.01,21.22,32.17,1.04,0,42
"2.5%571","Noble","Residential Improved","Green",0.92,0.98,1.09,46.65,80.72,1.27,0,24
"2.5%572","Noble","Residential Improved","Jefferson",0.86,0.96,0.99,16.34,29.04,0.98,0,26
"2.5%573","Noble","Residential Improved","Noble",0.91,0.96,1.01,17.41,24.11,1.03,0,91
"2.5%574","Noble","Residential Improved","Orange",0.93,0.96,0.97,17.2,32.29,1.04,0,134
"2.5%575","Noble","Residential Improved","Perry",0.94,0.97,1,19.86,38.71,1.1,0,115
"2.5%576","Noble","Residential Improved","Sparta",0.93,0.98,1.06,26.78,46.32,1.07,0,39
"2.5%577","Noble","Residential Improved","Swan",0.9,0.96,0.99,13.06,19.25,1.01,0,38
"2.5%578","Noble","Residential Improved","Washington",0.91,0.92,1.01125,32.12,59.71,1.19,0,41
"2.5%579","Noble","Residential Improved","Wayne",0.95,0.97,0.98,18.92,40.81,1.07,0,369
"2.5%580","Noble","Residential Improved","York",0.87,0.92,0.97,14.01,20.8,1,0,29
"1146","Ohio","Industrial Vacant","Countywide",NA,NA,NA,NA,NA,NA,NA,0
"1147","Ohio","Industrial Improved","Countywide",NA,NA,NA,NA,NA,NA,NA,0
"1148","Ohio","Commercial Vacant","Countywide",NA,NA,NA,NA,NA,NA,NA,0
"df_sp239","Ohio","Commercial Improved","Countywide",0.86,0.99,1.12,21.06,25.76,1.04,0,17
"2.5%581","Ohio","Residential Vacant","Countywide",0.88,0.96,1.1,20.54,24.03,1.08,0,24
"2.5%582","Ohio","Residential Improved","Countywide",0.88,0.93,0.95,15.92,20.64,1.04,0,206
"2.5%583","Ohio","Residential Improved","Cass",0.83,0.89,0.96,20.36,30.52,1.13,0,34
"2.5%584","Ohio","Residential Improved","Randolph",0.89,0.93,0.95,15.14,18.32,1.03,0,172
"1149","Orange","Industrial Vacant","Countywide",NA,NA,NA,NA,NA,NA,NA,0
"1150","Orange","Industrial Improved","Countywide",NA,NA,NA,NA,NA,NA,NA,0
"1151","Orange","Commercial Vacant","Countywide",NA,NA,NA,NA,NA,NA,NA,0
"2.5%585","Orange","Commercial Improved","Countywide",0.93,1.01,1.06,22.55,37.28,1.3,0,36
"df_sp240","Orange","Commercial Improved","Orleans",0.93,1.04,1.12,7.05,8.85,1.02,0,6
"df_sp241","Orange","Commercial Improved","Paoli",0.31,0.92,0.94,31.79,51.58,1.69,0,18
"df_sp242","Orange","Commercial Improved","French Lick",1.07,1.11,1.15,9.51,14.64,1.04,0,12
"2.5%586","Orange","Residential Vacant","Countywide",0.55925,0.94,1.03,40.53,60.35,1.65,0,32
"2.5%587","Orange","Residential Vacant","French Lick",0.9395,1.03,1.21,30.62,50.9,2.01,0,20
"df_sp243","Orange","Residential Vacant","Southeast",0.23,0.6,0.91,49.85,64.02,1.18,0,11
"2.5%588","Orange","Residential Improved","Countywide",0.94,0.97,0.99,22.65,33.16,1.06,0,341
"2.5%589","Orange","Residential Improved","French Lick",0.97,1.02,1.06,24.15,34.28,1.04,0,88
"df_sp244","Orange","Residential Improved","Greenfield",0.92,0.99,1.08,10.66,13.65,1.03,0,12
"df_sp245","Orange","Residential Improved","Jackson",0.88,0.94,1.02,13.36,17.77,1.02,0,15
"2.5%590","Orange","Residential Improved","Orleans",0.93,1,1.06,21.15,29.57,1.07,0,59
"2.5%591","Orange","Residential Improved","Paoli",0.9,0.93,0.96,20.72,32.01,1.06,0,113
"2.5%592","Orange","Residential Improved","Stampers Creek",0.85,0.94,1.02,27.83,38.4,1.1,0,44
"1152","Owen","Industrial Vacant","Countywide",NA,NA,NA,NA,NA,NA,NA,0
"1153","Owen","Industrial Improved","Countywide",NA,NA,NA,NA,NA,NA,NA,0
"1154","Owen","Commercial Vacant","Countywide",NA,NA,NA,NA,NA,NA,NA,0
"df_sp246","Owen","Commercial Improved","Countywide",0.86,0.95,1.04,7.28,9.66,1.02,0,7
"2.5%593","Owen","Residential Vacant","Countywide",0.75,0.85,1.0005,31.67,43.34,1.26,0,32
"2.5%594","Owen","Residential Improved","Countywide",0.89,0.91,0.92,13.72,17.51,1.02,0,211
"df_sp247","Owen","Residential Improved","Clay",0.78,0.9,0.94,12.54,15.76,1.02,0,19
"df_sp248","Owen","Residential Improved","Franklin",0.74,0.93,1.04,11.86,15.03,1.01,0,8
"df_sp249","Owen","Residential Improved","Harrison",0.75,0.9,1.1,13.97,17.17,1.02,0,5
"2.5%595","Owen","Residential Improved","Jackson",0.87,0.92,1,13.46,19,1.04,0,29
"df_sp250","Owen","Residential Improved","Jefferson",0.88,0.91,0.92,6.18,9.04,1.02,0,9
"df_sp251","Owen","Residential Improved","Jennings",0.65,0.89,1.02,15.62,19.98,0.99,0,8
"df_sp252","Owen","Residential Improved","Lafayette",0.8,0.91,0.95,12.9,17.21,1,0,19
"df_sp253","Owen","Residential Improved","Montgomery",0.79,0.93,0.96,12.67,17.87,1.03,0,12
"df_sp254","Owen","Residential Improved","Morgan",0.68,0.9,1.01,14.96,21.27,1,0,7
"df_sp255","Owen","Residential Improved","Taylor",0.68,0.92,1.01,13.3,17.49,0.98,0,8
"2.5%596","Owen","Residential Improved","Washington",0.82975,0.9,0.94,14.95,18,1.02,0,62
"2.5%597","Owen","Residential Improved","Wayne",0.8,0.91,0.94,14.99,19.55,1.01,0,25
"1155","Parke","Industrial Vacant","Countywide",NA,NA,NA,NA,NA,NA,NA,0
"1156","Parke","Industrial Improved","Countywide",NA,NA,NA,NA,NA,NA,NA,0
"1157","Parke","Commercial Vacant","Countywide",NA,NA,NA,NA,NA,NA,NA,0
"df_sp256","Parke","Commercial Improved","Countywide",0.71,0.92,1.04,18.04,23.78,1,0,8
"2.5%598","Parke","Residential Vacant","Countywide",0.83,0.97,1.04,32.66,45.49,1.4,0,43
"2.5%599","Parke","Residential Vacant","Union",0.8885,1,1.18,27.93,39.12,1.43,0,21
"2.5%600","Parke","Residential Vacant","Adams",0.72,0.96,1.04,36.52,51.89,1.37,0,21
"2.5%601","Parke","Residential Improved","Countywide",0.89,0.91,0.94,14.2,17.78,1.01,0,174
"2.5%602","Parke","Residential Improved","Adams",0.86,0.93,0.96,13.85,17.62,1.01,0,85
"2.5%603","Parke","Residential Improved","Florida",0.81,0.91,0.97,14.67,18.87,1,0,24
"df_sp257","Parke","Residential Improved","Reserve",0.81,1.11,1.15,10.14,15.29,0.99,0,7
"2.5%604","Parke","Residential Improved","Union",0.78,0.91,0.95,13.48,17.16,1.01,0,35
"2.5%605","Parke","Residential Improved","Greene",0.77,0.9,0.94,13.26,17.41,1.01,0,23
"1158","Perry","Industrial Vacant","Countywide",NA,NA,NA,NA,NA,NA,NA,0
"1159","Perry","Industrial Improved","Countywide",NA,NA,NA,NA,NA,NA,NA,0
"1160","Perry","Commercial Vacant","Countywide",NA,NA,NA,NA,NA,NA,NA,0
"df_sp258","Perry","Commercial Improved","Countywide",0.67,0.9,0.94,12.39,17.28,0.99,0,7
"df_sp259","Perry","Residential Vacant","Countywide",0.48,0.92,1.07,14.29,26.08,1.06,0,5
"2.5%606","Perry","Residential Improved","Countywide",0.89,0.91,0.95,11.34,14.8,1.03,0,126
"2.5%607","Perry","Residential Improved","Anderson",0.74,0.92,1.01,17.77,24.34,1.08,0,21
"2.5%608","Perry","Residential Improved","Troy",0.89,0.91,0.95,10.1,12.24,1.03,0,105
"1161","Pike","Industrial Vacant","Countywide",NA,NA,NA,NA,NA,NA,NA,0
"1162","Pike","Industrial Improved","Countywide",NA,NA,NA,NA,NA,NA,NA,0
"1163","Pike","Commercial Vacant","Countywide",NA,NA,NA,NA,NA,NA,NA,0
"df_sp260","Pike","Commercial Improved","Countywide",0.9,0.95,0.99,7.68,13.61,1.14,0,10
"df_sp261","Pike","Residential Vacant","Countywide",0.08,0.18,0.8,234.84,100.55,2.01,0,15
"2.5%609","Pike","Residential Improved","Countywide",0.94,0.96,0.98,15.41,25.65,1.04,0,169
"df_sp262","Pike","Residential Improved","Clay",0.98,1,1.05,5.9,7.69,1.02,0,15
"2.5%610","Pike","Residential Improved","Jefferson",0.89,0.93,0.96,7.46,9.84,1.01,0,36
"2.5%611","Pike","Residential Improved","Patoka",0.88,0.91,0.96,14.91,30.84,1.03,0,23
"2.5%612","Pike","Residential Improved","Washington",0.95,0.98,1.01,18.94,28.92,1.06,0,94
"1164","Porter","Industrial Vacant","Countywide",NA,NA,NA,NA,NA,NA,NA,0
"1165","Porter","Industrial Improved","Countywide",NA,NA,NA,NA,NA,NA,NA,0
"1166","Porter","Commercial Vacant","Countywide",NA,NA,NA,NA,NA,NA,NA,0
"2.5%613","Porter","Commercial Improved","Countywide",0.84,0.91,0.96,15.88,23.42,1.02,0,35
"df_sp263","Porter","Commercial Improved","Center",0.74,0.91,0.96,17.59,27.32,0.95,0,9
"df_sp264","Porter","Commercial Improved","Portage",0.81,0.96,1.06,14.57,20.45,1.04,0,13
"df_sp265","Porter","Commercial Improved","Boone",0.89,0.92,0.95,13.29,21.68,1.01,0,12
"2.5%614","Porter","Residential Vacant","Countywide",0.84,0.92,1,28.03,35.44,1.23,0,115
"2.5%615","Porter","Residential Vacant","Boone",0.78,1.01,1.15,23.69,33.21,1.21,0,35
"2.5%616","Porter","Residential Vacant","Center",0.92,1,1.13,19.52,26.41,1.14,0,39
"2.5%617","Porter","Residential Vacant","Liberty",0.64,0.67,0.8,33.35,43.69,1.29,0,33
"df_sp266","Porter","Residential Vacant","Portage",0.9,1.1,1.39,20.08,25.86,1.12,0,7
"2.5%618","Porter","Residential Improved","Countywide",0.94,0.95,0.96,14.36,20.08,1.02,0,2256
"2.5%619","Porter","Residential Improved","Boone",0.9,0.96,1,18.38,25.76,1.03,0,74
"2.5%620","Porter","Residential Improved","Center",0.92,0.95,0.96,13.2,17.44,1.01,0,685
"2.5%621","Porter","Residential Improved","Jackson",0.88,0.94,0.99025,16.89,23.5,1,0,62
"2.5%622","Porter","Residential Improved","Liberty",0.95,0.96,0.98,12.05,17.97,1.01,0,118
"2.5%623","Porter","Residential Improved","Morgan",0.9,0.95,1,14.45,24.16,1.01,0,45
"2.5%624","Porter","Residential Improved","Pine",0.81,0.96,1.06,19.87,27.37,1.04,0,27
"2.5%625","Porter","Residential Improved","Pleasant",0.89,0.95,0.98,12.77,16.93,1.01,0,62
"2.5%626","Porter","Residential Improved","Portage",0.94,0.95,0.96,15.33,21.77,1.03,0,623
"2.5%627","Porter","Residential Improved","Porter",0.91,0.95,0.97,12.65,16.61,1.02,0,115
"2.5%628","Porter","Residential Improved","Union",0.92,0.95,0.96,14.27,18.38,1.01,0,128
"2.5%629","Porter","Residential Improved","Washington",0.89,0.95,0.97,11.68,15.37,1,0,49
"2.5%630","Porter","Residential Improved","Westchester",0.92,0.95,0.97,15.04,21,1.02,0,265
"1167","Posey","Industrial Vacant","Countywide",NA,NA,NA,NA,NA,NA,NA,0
"1168","Posey","Industrial Improved","Countywide",NA,NA,NA,NA,NA,NA,NA,0
"1169","Posey","Commercial Vacant","Countywide",NA,NA,NA,NA,NA,NA,NA,0
"df_sp267","Posey","Commercial Improved","Countywide",0.88,0.93,1.01,11.16,15.07,1.01,0,19
"df_sp268","Posey","Commercial Improved","Black",0.82,0.92,1.01,10.16,13.9,0.98,0,11
"df_sp269","Posey","Commercial Improved","Bethel",0.88,0.96,1.2,11.91,16.12,1.03,0,8
"2.5%631","Posey","Residential Vacant","Countywide",0.79,0.94,1.01,26.17,36.71,1.19,0,38
"df_sp270","Posey","Residential Vacant","Bethel",0.76,0.93,1.04,16.55,23.94,1.23,0,8
"2.5%632","Posey","Residential Vacant","Black",0.79,0.95,1.11,28.36,39.88,1.18,0,30
"2.5%633","Posey","Residential Improved","Countywide",0.92,0.92,0.94,12.32,16.39,1.02,0,336
"df_sp271","Posey","Residential Improved","Bethel",0.82,0.97,1.02,13.44,17.56,1.01,0,16
"2.5%634","Posey","Residential Improved","Black",0.89,0.92,0.92,13.34,18.35,1.02,0,149
"2.5%635","Posey","Residential Improved","Center",0.91,0.93,0.99,11.77,16.59,1,0,21
"2.5%636","Posey","Residential Improved","Harmony",0.85,0.9,0.94,11.27,15.71,1.01,0,23
"df_sp272","Posey","Residential Improved","Lynn",0.81,0.92,1.01,8.69,12.29,1.03,0,8
"2.5%637","Posey","Residential Improved","Marrs",0.92,0.97,1.01,8.91,10.92,1.02,0,55
"2.5%638","Posey","Residential Improved","Robb",0.88,0.95,0.96,11.25,16.69,1.02,0,21
"2.5%639","Posey","Residential Improved","Robinson",0.9,0.95,0.98,12.35,15.84,1.02,0,43
"1170","Pulaski","Industrial Vacant","Countywide",NA,NA,NA,NA,NA,NA,NA,0
"1171","Pulaski","Industrial Improved","Countywide",NA,NA,NA,NA,NA,NA,NA,0
"1172","Pulaski","Commercial Vacant","Countywide",NA,NA,NA,NA,NA,NA,NA,0
"df_sp273","Pulaski","Commercial Improved","Countywide",0.81,0.97,1.01,17.92,29.54,1.01,0,18
"2.5%640","Pulaski","Residential Vacant","Countywide",0.7,0.92,0.97,34.69,53.77,1.31,0,39
"df_sp274","Pulaski","Residential Vacant","Franklin",0.41,0.86,1.08,41.06,59.34,1.09,0,13
"df_sp275","Pulaski","Residential Vacant","Rich Grove",0.7,0.74,1.12,18.59,22.39,0.95,0,5
"df_sp276","Pulaski","Residential Vacant","Harrison",0.35,0.89,1.04,46.33,71.92,2.52,0,11
"df_sp277","Pulaski","Residential Vacant","Van Buren",0.92,0.97,1.01,22.21,42.74,1.33,0,10
"2.5%641","Pulaski","Residential Improved","Countywide",0.94,0.95,0.96,13.94,23.91,1.05,0,335
"df_sp278","Pulaski","Residential Improved","Cass",0.79,0.9,0.95,21.66,34.85,1.08,0,19
"df_sp279","Pulaski","Residential Improved","Jefferson",0.9,0.94,0.99,14.61,24.2,1.06,0,17
"df_sp280","Pulaski","Residential Improved","Harrison",0.83,0.94,0.99,16.68,28.46,1,0,9
"2.5%642","Pulaski","Residential Improved","Indian Creek",0.92,0.95,1.02,11.1,14.12,1.03,0,22
"2.5%643","Pulaski","Residential Improved","Monroe",0.93,0.96,0.97,12.18,22.07,1.04,0,146
"2.5%644","Pulaski","Residential Improved","Salem",0.9,0.93,0.97,11.6,21.39,1.03,0,52
"df_sp281","Pulaski","Residential Improved","Tippecanoe",0.87,0.9,0.95,16.63,25.04,1.07,0,18
"2.5%645","Pulaski","Residential Improved","Van Buren",0.95,0.97,1.04,16.45,29.38,1.08,0,27
"2.5%646","Pulaski","Residential Improved","White Post",0.9,0.99,1.06,17.71,25.25,1.11,0,25
"1173","Putnam","Industrial Vacant","Countywide",NA,NA,NA,NA,NA,NA,NA,0
"1174","Putnam","Industrial Improved","Countywide",NA,NA,NA,NA,NA,NA,NA,0
"1175","Putnam","Commercial Vacant","Countywide",NA,NA,NA,NA,NA,NA,NA,0
"df_sp282","Putnam","Commercial Improved","Countywide",0.85,0.92,0.94,22.42,42.03,1.34,0,17
"df_sp283","Putnam","Commercial Improved","Cloverdale",0.88,0.92,0.95,14.67,33.15,1.12,0,10
"df_sp284","Putnam","Commercial Improved","Greencastle",0.29,0.88,0.94,34.68,60.55,1.45,0,6
"2.5%647","Putnam","Residential Vacant","Countywide",0.89,0.96,1.08,32.93,47.84,1.64,0,49
"2.5%648","Putnam","Residential Vacant","Floyd",0.93,1.01,1.09,25.66,39.35,1.48,0,36
"df_sp285","Putnam","Residential Vacant","Clinton",0.23,0.73,1.08,61.01,71.98,2,0,13
"2.5%649","Putnam","Residential Improved","Countywide",0.87,0.9,0.91,11.36,18.63,1.04,0,341
"2.5%650","Putnam","Residential Improved","Clinton",0.84,0.91,0.97,14.37,24.64,1.07,0,24
"2.5%651","Putnam","Residential Improved","Cloverdale",0.85,0.91,0.96,12.09,18.07,1.06,0,49
"df_sp286","Putnam","Residential Improved","Floyd",0.81,0.88,0.95,9.07,11.59,1.02,0,18
"2.5%652","Putnam","Residential Improved","Franklin",0.83,0.9,0.92,12.78,19.65,1.02,0,29
"2.5%653","Putnam","Residential Improved","Greencastle",0.86,0.9,0.91,11.85,20.1,1.05,0,152
"df_sp287","Putnam","Residential Improved","Jackson",0.8,0.86,0.95,12.98,17.23,1.04,0,10
"df_sp288","Putnam","Residential Improved","Marion",0.83,0.9,0.91,7.2,9.53,1.02,0,15
"df_sp289","Putnam","Residential Improved","Monroe",0.82,0.88,0.93,9.71,13.44,0.99,0,14
"df_sp290","Putnam","Residential Improved","Russell",0.84,0.91,1.06,8.76,12.7,1.01,0,7
"df_sp291","Putnam","Residential Improved","Warren",0.81,0.92,1.01,9.23,10.99,1.05,0,7
"df_sp292","Putnam","Residential Improved","Washington",0.84,0.9,0.93,6.21,7.68,1.02,0,16
"1176","Randolph","Industrial Vacant","Countywide",NA,NA,NA,NA,NA,NA,NA,0
"1177","Randolph","Industrial Improved","Countywide",NA,NA,NA,NA,NA,NA,NA,0
"1178","Randolph","Commercial Vacant","Countywide",NA,NA,NA,NA,NA,NA,NA,0
"1179","Randolph","Commercial Improved","Countywide",NA,NA,NA,NA,NA,NA,NA,0
"df_sp293","Randolph","Residential Vacant","Countywide",0.09,0.33,0.86,134.63,102.74,10.43,0,13
"2.5%654","Randolph","Residential Improved","Countywide",0.95,0.97,0.99,15.06,21.04,1.05,0,317
"df_sp294","Randolph","Residential Improved","Franklin",0.78,0.99,1.11,13.24,18.35,1.02,0,8
"df_sp295","Randolph","Residential Improved","Green",0.71,1.03,1.05,8.25,15.12,1,0,5
"df_sp296","Randolph","Residential Improved","Greensfork",0.64,0.95,1.2,24.59,33.01,1.05,0,14
"2.5%655","Randolph","Residential Improved","Monroe",0.91,0.95,1.01025,14.87,19.69,1.05,0,64
"df_sp297","Randolph","Residential Improved","Stoney Creek",0.8,0.87,1.1,16.28,20.89,1.08,0,7
"df_sp298","Randolph","Residential Improved","Union",0.81,0.98,1.09,17.17,22.04,1.04,0,15
"2.5%656","Randolph","Residential Improved","Washington",0.87,0.94,1.05,10.61,12.4,1.03,0,22
"2.5%657","Randolph","Residential Improved","Wayne",0.97,1,1.05,14.93,20.94,1.05,0,50
"2.5%658","Randolph","Residential Improved","White River",0.94975,0.97,1,14.92,21.59,1.05,0,132
"1180","Ripley","Industrial Vacant","Countywide",NA,NA,NA,NA,NA,NA,NA,0
"1181","Ripley","Industrial Improved","Countywide",NA,NA,NA,NA,NA,NA,NA,0
"1182","Ripley","Commercial Vacant","Countywide",NA,NA,NA,NA,NA,NA,NA,0
"2.5%659","Ripley","Commercial Improved","Countywide",0.53,0.77,1.0005,34.88,45.06,1.05,0,22
"2.5%660","Ripley","Residential Vacant","Countywide",0.54,0.76,0.89,46.79,57.88,2.27,0,46
"2.5%661","Ripley","Residential Improved","Countywide",0.85,0.88,0.91,20.11,27.97,1.05,0,177
"2.5%662","Ripley","Residential Improved","Brown",0.75,0.83,0.93,23.12,29.53,1.09,0,43
"2.5%663","Ripley","Residential Improved","Center",0.83,0.93,0.99,26.85,34.06,1.19,0,43
"2.5%664","Ripley","Residential Improved","Adams",0.87,0.89,0.93,13.35,21.84,0.98,0,30
"df_sp299","Ripley","Residential Improved","Johnson",0.71,0.85,0.89,16.79,23.44,1.01,0,19
"2.5%665","Ripley","Residential Improved","Laughery",0.85,0.91,0.94,13.84,21.68,1.01,0,42
"1183","Rush","Industrial Vacant","Countywide",NA,NA,NA,NA,NA,NA,NA,0
"1184","Rush","Industrial Improved","Countywide",NA,NA,NA,NA,NA,NA,NA,0
"1185","Rush","Commercial Vacant","Countywide",NA,NA,NA,NA,NA,NA,NA,0
"df_sp300","Rush","Commercial Improved","Countywide",0.27,0.53,0.88,66.25,71.21,1.65,0,6
"df_sp301","Rush","Residential Vacant","Countywide",0.51,0.65,1.04,49.75,55.81,1.08,0,6
"2.5%666","Rush","Residential Improved","Countywide",0.95,0.97,0.99,13.09,21.76,1.04,0,204
"2.5%667","Rush","Residential Improved","Rushville",0.95,0.98,0.99,13.16,22.49,1.02,0,116
"2.5%668","Rush","Residential Improved","Anderson",0.94,0.96,0.99,12.99,20.84,1.06,0,88
"1186","Scott","Industrial Vacant","Countywide",NA,NA,NA,NA,NA,NA,NA,0
"1187","Scott","Industrial Improved","Countywide",NA,NA,NA,NA,NA,NA,NA,0
"df_sp302","Scott","Commercial Vacant","Countywide",1.02,1.02,1.14,2.51,5.1,1,0,5
"df_sp303","Scott","Commercial Improved","Countywide",0.69,0.82,1.03,27.95,32.83,1.34,0,12
"2.5%669","Scott","Residential Vacant","Countywide",0.68,0.77,0.85,35.7,48.3,1.3,0,76
"2.5%670","Scott","Residential Improved","Countywide",0.88,0.9,0.91,12.01,16.69,1.03,0,317
"df_sp304","Scott","Residential Improved","Finley",0.78,0.89,1.03,14.37,17.07,1.02,0,14
"2.5%671","Scott","Residential Improved","Jennings",0.84975,0.92,0.98,15.6,22.71,1.07,0,50
"2.5%672","Scott","Residential Improved","Johnson",0.75,0.8,0.92,19.59,26.06,1.08,0,26
"2.5%673","Scott","Residential Improved","Lexington",0.84,0.9,0.94,12.69,17.48,1.03,0,49
"2.5%674","Scott","Residential Improved","Vienna",0.88,0.91,0.92,9.59,12.53,1.01,0,178
"1188","Shelby","Industrial Vacant","Countywide",NA,NA,NA,NA,NA,NA,NA,0
"1189","Shelby","Industrial Improved","Countywide",NA,NA,NA,NA,NA,NA,NA,0
"1190","Shelby","Commercial Vacant","Countywide",NA,NA,NA,NA,NA,NA,NA,0
"df_sp305","Shelby","Commercial Improved","Countywide",0.26,0.73,1,41.71,52.92,1.2,0,8
"2.5%675","Shelby","Residential Vacant","Countywide",0.02,0.03,0.23,810.9,146.7,4.05,0,45
"2.5%676","Shelby","Residential Improved","Countywide",0.9,0.91,0.94025,23.13,33.83,1.13,0,513
"2.5%677","Shelby","Residential Improved","Hanover",0.83,0.95,1.01,18.08,25.78,1.11,0,34
"2.5%678","Shelby","Residential Improved","Jackson",0.91,0.94,1.04,20.02,30.95,1.05,0,29
"2.5%679","Shelby","Residential Improved","Moral",0.83,0.9,0.97,17.05,25.24,1.04,0,50
"2.5%680","Shelby","Residential Improved","Noble",0.78,0.98,1.08,34.33,46.45,1.17,0,26
"2.5%681","Shelby","Residential Improved","Addison",0.88,0.91,0.94,24.35,35.82,1.2,0,303
"df_sp306","Shelby","Residential Improved","Marion",0.86,0.93,1,17.61,28.36,1.04,0,17
"2.5%682","Shelby","Residential Improved","Brandywine",0.77,0.91,1.04,19.66,23.1,1.05,0,20
"2.5%683","Shelby","Residential Improved","Shelby",0.88,0.96,1.07,18.34,25.96,1.05,0,21
"1191","Spencer","Industrial Vacant","Countywide",NA,NA,NA,NA,NA,NA,NA,0
"1192","Spencer","Industrial Improved","Countywide",NA,NA,NA,NA,NA,NA,NA,0
"1193","Spencer","Commercial Vacant","Countywide",NA,NA,NA,NA,NA,NA,NA,0
"1194","Spencer","Commercial Improved","Countywide",NA,NA,NA,NA,NA,NA,NA,0
"df_sp307","Spencer","Residential Vacant","Countywide",0.27,0.79,1.1,49.77,65.62,1.46,0,9
"df_sp308","Spencer","Residential Vacant","Carter",0.2,0.63,1.02,61.75,74.74,1.5,0,6
"1195","Spencer","Residential Vacant","Clay",NA,NA,NA,NA,NA,NA,NA,3
"2.5%684","Spencer","Residential Improved","Countywide",0.9,0.91,0.92,14.18,28.94,1.07,0,154
"2.5%685","Spencer","Residential Improved","Carter",0.87,0.91,0.99,14.08,24.78,1.07,0,27
"2.5%686","Spencer","Residential Improved","Clay",0.87,0.91,0.93,9.66,19.4,1.03,0,43
"df_sp309","Spencer","Residential Improved","Grass",0.82,0.88,0.98,10.9,15.23,1,0,11
"df_sp310","Spencer","Residential Improved","Hammond",0.93,1.01,1.02,12.39,22.43,1.1,0,9
"df_sp311","Spencer","Residential Improved","Harrison",0.88,0.9,0.95,19.36,33.79,1.09,0,11
"df_sp312","Spencer","Residential Improved","Luce",0.87,0.91,0.99,23.88,44.41,1.14,0,18
"2.5%687","Spencer","Residential Improved","Ohio",0.88,0.9,0.91,13.68,31.34,1.07,0,35
"df_sp313","St. Joseph","Industrial Vacant","Countywide",0.01,0.26,1,82.41,107.02,7.19,0,5
"df_sp314","St. Joseph","Industrial Improved","Countywide",0.38,0.46,0.65,44.33,49.49,1.41,0,17
"df_sp315","St. Joseph","Commercial Vacant","Countywide",0.13,0.44,1.14,86.06,78.5,1.49,0,5
"2.5%688","St. Joseph","Commercial Improved","Countywide",0.54,0.61,0.73,54.15,60.39,1.92,0,106
"2.5%689","St. Joseph","Residential Vacant","Countywide",0.06,0.17,0.35,235.93,123.48,1.9,0,122
"2.5%690","St. Joseph","Residential Improved","Countywide",0.92,0.93,0.94,21.23,33.02,1.07,0,3945
"2.5%691","St. Joseph","Residential Improved","Centre",0.89,0.9,0.92,15.7,25.51,1.04,0,273
"2.5%692","St. Joseph","Residential Improved","Clay",0.9,0.92,0.93,14.92,23.72,1.04,0,560
"2.5%693","St. Joseph","Residential Improved","German",0.88,0.9,0.90025,11.52,18.9,1.02,0,167
"2.5%694","St. Joseph","Residential Improved","Greene",0.87,0.91,1.05,14.17,17.21,1.03,0,31
"2.5%695","St. Joseph","Residential Improved","Harris",0.9,0.91,0.93,12.05,18.21,1.02,0,320
"2.5%696","St. Joseph","Residential Improved","Liberty",0.86,0.9,1.01,24.83,35.04,1.1,0,45
"2.5%697","St. Joseph","Residential Improved","Lincoln",0.84,0.94,1.03,14.52,17.73,1.03,0,26
"df_sp316","St. Joseph","Residential Improved","Madison",0.83,0.9,0.98,11.89,18.83,1.02,0,11
"2.5%698","St. Joseph","Residential Improved","Olive",0.88,0.94,1,19.2,29.2,1.06,0,55
"2.5%699","St. Joseph","Residential Improved","Penn",0.91,0.92,0.94,26.83,40.37,1.1,0,671
"2.5%700","St. Joseph","Residential Improved","Portage",0.95,0.97,0.98,24.13,35.61,1.07,0,1622
"2.5%701","St. Joseph","Residential Improved","Union",0.91,0.95,1.05,24.86,37.91,1.08,0,48
"2.5%702","St. Joseph","Residential Improved","Warren",0.89,0.92,0.94,17.49,31.84,1.03,0,116
"1196","Starke","Industrial Vacant","Countywide",NA,NA,NA,NA,NA,NA,NA,0
"1197","Starke","Industrial Improved","Countywide",NA,NA,NA,NA,NA,NA,NA,0
"1198","Starke","Commercial Vacant","Countywide",NA,NA,NA,NA,NA,NA,NA,0
"2.5%703","Starke","Commercial Improved","Countywide",0.84,0.92,0.94025,16.96,29.47,1.51,0,22
"2.5%704","Starke","Residential Vacant","Countywide",1.01,1.07,1.12,14.46,19.9,1.13,0,74
"1199","Starke","Residential Vacant","California",NA,NA,NA,NA,NA,NA,NA,4
"df_sp317","Starke","Residential Vacant","Center",1.02,1.14,1.19,9.6,13.8,1.12,0,16
"df_sp318","Starke","Residential Vacant","Davis",0.9,1.03,1.11,16.97,25.15,1.13,0,14
"2.5%705","Starke","Residential Vacant","North Bend",1.01,1.13,1.16,13,19.75,1.16,0,28
"df_sp319","Starke","Residential Vacant","Railroad",0.87,1.06,1.2,10.12,13.79,1.01,0,5
"df_sp320","Starke","Residential Vacant","Washington",0.8,0.91,1.01,18.4,28.05,1.07,0,7
"2.5%706","Starke","Residential Improved","Countywide",0.91,0.92,0.93,11.55,22.36,1.03,0,717
"2.5%707","Starke","Residential Improved","California",0.9,0.92,0.95,10.68,13.86,1.01,0,87
"2.5%708","Starke","Residential Improved","Center",0.91,0.93,0.94,10.71,20.51,1.02,0,196
"2.5%709","Starke","Residential Improved","Davis",0.88,0.91,0.96,17.09,46.03,1.08,0,38
"df_sp321","Starke","Residential Improved","Jackson",0.76,0.93,0.98,8.65,11.86,1.04,0,10
"2.5%710","Starke","Residential Improved","North Bend",0.89,0.91,0.94,15.34,28.58,1.07,0,59
"2.5%711","Starke","Residential Improved","Oregon",0.89,0.92,0.95,12.67,28.48,1.04,0,92
"2.5%712","Starke","Residential Improved","Railroad",0.9,0.93,0.96,8.95,13.42,1.02,0,21
"2.5%713","Starke","Residential Improved","Washington",0.87,0.9,0.96025,11.2,14.22,1.02,0,56
"2.5%714","Starke","Residential Improved","Wayne",0.91,0.92,0.93,10.29,14.04,1.02,0,158
"1200","Steuben","Industrial Vacant","Countywide",NA,NA,NA,NA,NA,NA,NA,0
"1201","Steuben","Industrial Improved","Countywide",NA,NA,NA,NA,NA,NA,NA,0
"1202","Steuben","Commercial Vacant","Countywide",NA,NA,NA,NA,NA,NA,NA,0
"2.5%715","Steuben","Commercial Improved","Countywide",0.71,0.77,0.88,20.52,25.75,1.04,0,27
"df_sp322","Steuben","Commercial Improved","Pleasant",0.71,0.88,0.98,15.02,18.77,1.02,0,13
"df_sp323","Steuben","Commercial Improved","Clear Lake",0.5,0.76,0.83,21.16,29.82,1.05,0,14
"2.5%716","Steuben","Residential Vacant","Countywide",0.42,0.66,0.9,56.27,64.14,1.23,0,61
"df_sp324","Steuben","Residential Vacant","Pleasant",0.22,0.98,1.1,40.91,66.11,1.54,0,11
"2.5%717","Steuben","Residential Vacant","Clear Lake",0.42,0.66,0.9,54.45,63.78,1.17,0,49
"2.5%718","Steuben","Residential Improved","Countywide",0.92,0.95,0.95,15.93,23.64,1.01,0,456
"2.5%719","Steuben","Residential Improved","Clear Lake",0.9,0.97,1,16.72,24.68,1.01,0,69
"2.5%720","Steuben","Residential Improved","Jackson",0.84,0.92,0.97,21.45,31.12,0.99,0,41
"2.5%721","Steuben","Residential Improved","Jamestown",0.84,0.9,0.99,17.04,23.02,1.05,0,52
"2.5%722","Steuben","Residential Improved","Otsego",0.89,0.94,0.98,13.56,18.64,1.03,0,51
"2.5%723","Steuben","Residential Improved","Pleasant",0.92,0.95,0.98,14.71,23.02,0.99,0,201
"2.5%724","Steuben","Residential Improved","Salem",0.87,0.93,0.98,16.17,24.08,1,0,42
"1203","Sullivan","Industrial Vacant","Countywide",NA,NA,NA,NA,NA,NA,NA,0
"1204","Sullivan","Industrial Improved","Countywide",NA,NA,NA,NA,NA,NA,NA,0
"1205","Sullivan","Commercial Vacant","Countywide",NA,NA,NA,NA,NA,NA,NA,0
"df_sp325","Sullivan","Commercial Improved","Countywide",0.83,1.1,1.17,18.36,25.53,1.02,0,11
"1206","Sullivan","Residential Vacant","Countywide",NA,NA,NA,NA,NA,NA,NA,0
"2.5%725","Sullivan","Residential Improved","Countywide",0.88,0.93,0.97,13.49,15.91,1.02,0,168
"2.5%726","Sullivan","Residential Improved","Cass",0.87,0.97,1.01,12.38,15.2,1.02,0,52
"df_sp326","Sullivan","Residential Improved","Haddon",0.92,0.99,1.09,12.46,17.37,1.02,0,9
"2.5%727","Sullivan","Residential Improved","Hamilton",0.88,0.91,0.96,13.55,16,1.02,0,107
"1207","Switzerland","Industrial Vacant","Countywide",NA,NA,NA,NA,NA,NA,NA,0
"1208","Switzerland","Industrial Improved","Countywide",NA,NA,NA,NA,NA,NA,NA,0
"1209","Switzerland","Commercial Vacant","Countywide",NA,NA,NA,NA,NA,NA,NA,0
"df_sp327","Switzerland","Commercial Improved","Countywide",0.89,0.95,1.12,14.78,20.8,1.02,0,6
"1210","Switzerland","Residential Vacant","Countywide",NA,NA,NA,NA,NA,NA,NA,0
"2.5%728","Switzerland","Residential Improved","Countywide",0.88,0.92,0.96025,11.36,13.76,1.03,0,84
"2.5%729","Switzerland","Residential Improved","Craig",0.86,0.92,0.96,11.93,15.39,1.02,0,35
"df_sp328","Switzerland","Residential Improved","Cotton",0.83,0.92,1.11,11.03,13.97,1.03,0,11
"2.5%730","Switzerland","Residential Improved","Jefferson",0.87,0.94,0.99,10.73,12.42,1.03,0,38
"1211","Tippecanoe","Industrial Vacant","Countywide",NA,NA,NA,NA,NA,NA,NA,0
"df_sp329","Tippecanoe","Industrial Improved","Countywide",0.55,0.98,1.33,36.58,54.43,2.45,0,10
"2.5%731","Tippecanoe","Commercial Vacant","Countywide",0.05,0.16,0.31,139.84,130.96,1.79,0,20
"2.5%732","Tippecanoe","Commercial Improved","Countywide",0.69,0.75,0.79,46.25,72.1,1.27,0,161
"2.5%733","Tippecanoe","Residential Vacant","Countywide",0.99,1.01,1.03,23.19,40.49,4.69,0,229
"2.5%734","Tippecanoe","Residential Vacant","Fairfield",0.95,0.98,1.01,29.59,49.7,1.48,0,56
"df_sp330","Tippecanoe","Residential Vacant","Perry",0.88,0.97,1.03,28.82,52.64,1.34,0,16
"df_sp331","Tippecanoe","Residential Vacant","Shelby",0.18,0.89,0.95,29.42,54.55,1.31,0,11
"2.5%735","Tippecanoe","Residential Vacant","Tippecanoe",1.03,1.09,1.09,12.7,21.02,1.18,0,63
"2.5%736","Tippecanoe","Residential Vacant","Union",1.04,1.08,1.11,4.6,5.8,1.15,0,26
"2.5%737","Tippecanoe","Residential Vacant","Wabash",0.93,0.96,1.05,29.91,51.9,14.73,0,56
"2.5%738","Tippecanoe","Residential Improved","Countywide",0.88,0.89,0.89,18.55,36.03,1.07,0,3478
"2.5%739","Tippecanoe","Residential Improved","Fairfield",0.85,0.86,0.88,20.77,32.15,1.04,0,1104
"2.5%740","Tippecanoe","Residential Improved","Jackson",0.79,0.89,0.95,34.42,64.24,1.19,0,28
"2.5%741","Tippecanoe","Residential Improved","Lauramie",0.77,0.85,0.92,25.45,32.83,1.06,0,48
"2.5%742","Tippecanoe","Residential Improved","Perry",0.89,0.91,0.93,12.91,21.08,1.02,0,207
"2.5%743","Tippecanoe","Residential Improved","Sheffield",0.86,0.88,0.91,15.97,45.43,1.06,0,72
"2.5%744","Tippecanoe","Residential Improved","Shelby",0.81,0.85,0.94,20.95,32.75,1.09,0,41
"2.5%745","Tippecanoe","Residential Improved","Tippecanoe",0.89,0.89,0.91,15.19,37.44,1.03,0,290
"2.5%746","Tippecanoe","Residential Improved","Union",0.88,0.9,0.92,14.7,25.34,0.97,0,44
"2.5%747","Tippecanoe","Residential Improved","Wabash",0.87,0.88,0.89,20.84,39.31,1.17,0,761
"2.5%748","Tippecanoe","Residential Improved","Wayne",0.72,0.86,0.96,29.96,39.53,1.09,0,21
"2.5%749","Tippecanoe","Residential Improved","Wea",0.89,0.9,0.91,14.4,37.05,1.03,0,811
"1212","Tipton","Industrial Vacant","Countywide",NA,NA,NA,NA,NA,NA,NA,0
"1213","Tipton","Industrial Improved","Countywide",NA,NA,NA,NA,NA,NA,NA,0
"1214","Tipton","Commercial Vacant","Countywide",NA,NA,NA,NA,NA,NA,NA,0
"df_sp332","Tipton","Commercial Improved","Countywide",0.82,0.88,1.03,20.07,27,1,0,10
"df_sp333","Tipton","Residential Vacant","Countywide",0.65,0.93,1.27,25.23,32.29,1.3,0,6
"2.5%750","Tipton","Residential Improved","Countywide",0.92,0.93,0.95,14.86,19.05,1.03,0,426
"2.5%751","Tipton","Residential Improved","Cicero",0.91,0.94,0.96,14.96,18.89,1.03,0,285
"2.5%752","Tipton","Residential Improved","Jefferson",0.88,0.94,1.01,15.71,22.88,1.05,0,22
"2.5%753","Tipton","Residential Improved","Liberty",0.87,0.93,0.96,13.1,17,1.02,0,57
"2.5%754","Tipton","Residential Improved","Madison",0.77,0.9,1.03,17.28,21.47,1.04,0,24
"2.5%755","Tipton","Residential Improved","Prairie",0.9,0.93,1.03,15.12,19.98,1.07,0,20
"df_sp334","Tipton","Residential Improved","Wildcat",0.89,0.94,1.1,13.7,17.84,1.01,0,18
"1215","Union","Industrial Vacant","Countywide",NA,NA,NA,NA,NA,NA,NA,0
"1216","Union","Industrial Improved","Countywide",NA,NA,NA,NA,NA,NA,NA,0
"1217","Union","Commercial Vacant","Countywide",NA,NA,NA,NA,NA,NA,NA,0
"df_sp335","Union","Commercial Improved","Countywide",0.49,0.73,0.79,29.79,47.37,1.13,0,6
"1218","Union","Residential Vacant","Countywide",NA,NA,NA,NA,NA,NA,NA,0
"2.5%756","Union","Residential Improved","Countywide",0.9,0.94,0.97,16.94,21.36,1.03,0,143
"2.5%757","Union","Residential Improved","Brownsville",0.86,0.95,0.99,15.48,20.05,1.01,0,37
"2.5%758","Union","Residential Improved","Harrison",0.84,0.96,1.05,19.26,25.42,1.04,0,29
"2.5%759","Union","Residential Improved","Center",0.87,0.93,0.98,16.69,20.59,1.04,0,77
"df_sp336","Vanderburgh","Industrial Vacant","Countywide",0.09,0.35,0.63,41.99,60.32,1.68,0,5
"2.5%760","Vanderburgh","Industrial Improved","Countywide",0.36,0.51,0.55,36.02,49.14,0.8,0,21
"df_sp337","Vanderburgh","Commercial Vacant","Countywide",0.31,0.43,0.61,53.81,65.47,0.99,0,18
"2.5%761","Vanderburgh","Commercial Improved","Countywide",0.53,0.61,0.68,44.35,50.8,1.42,0,178
"2.5%762","Vanderburgh","Commercial Improved","Center",0.41,0.5,0.7,48.84,48.95,1.17,0,40
"2.5%763","Vanderburgh","Commercial Improved","Knight",0.55,0.68,0.76,41.85,50.16,1.72,0,75
"2.5%764","Vanderburgh","Commercial Improved","Pigeon",0.47,0.56,0.72,45.41,51.45,1.17,0,61
"1219","Vanderburgh","Commercial Improved","Armstrong",NA,NA,NA,NA,NA,NA,NA,1
"2.5%765","Vanderburgh","Residential Vacant","Countywide",0.24,0.38,0.47,89.07,89.23,2.31,0,93
"2.5%766","Vanderburgh","Residential Improved","Countywide",0.96,0.96,0.97,15.56,21.31,1.01,0,2820
"2.5%767","Vanderburgh","Residential Improved","Armstrong",0.63,0.71,0.79,24.52,29.56,1.06,0,63
"2.5%768","Vanderburgh","Residential Improved","Center",0.97,0.98,0.99,12.57,17.97,1.01,0,765
"2.5%769","Vanderburgh","Residential Improved","Perry",0.88,0.9,0.93,17.06,21.51,1.03,0,331
"2.5%770","Vanderburgh","Residential Improved","Knight",0.95,0.96,0.98,16.74,22.79,1.02,0,1073
"2.5%771","Vanderburgh","Residential Improved","Pigeon",0.9,0.93,0.95,17.19,21.3,1.03,0,289
"2.5%772","Vanderburgh","Residential Improved","Scott",0.97,0.98,1,11.91,17.72,1.01,0,297
"1220","Vermillion","Industrial Vacant","Countywide",NA,NA,NA,NA,NA,NA,NA,0
"1221","Vermillion","Industrial Improved","Countywide",NA,NA,NA,NA,NA,NA,NA,0
"1222","Vermillion","Commercial Vacant","Countywide",NA,NA,NA,NA,NA,NA,NA,0
"1223","Vermillion","Commercial Improved","Countywide",NA,NA,NA,NA,NA,NA,NA,0
"df_sp338","Vermillion","Residential Vacant","Countywide",0.56,0.82,1.05,33.73,43.7,1.24,0,14
"2.5%773","Vermillion","Residential Improved","Countywide",0.84,0.9,0.92,15.99,24.29,1.03,0,106
"2.5%774","Vermillion","Residential Improved","Clinton",0.82,0.89,0.92,18.08,27.8,1.04,0,69
"df_sp339","Vermillion","Residential Improved","Eugene",0.83,0.92,0.98,12.01,17,1.05,0,6
"df_sp340","Vermillion","Residential Improved","Helt",0.83,0.95,1.02,11.79,14.77,0.98,0,16
"df_sp341","Vermillion","Residential Improved","Highland",0.78,0.92,1.03,14.92,20.74,1.01,0,10
"df_sp342","Vermillion","Residential Improved","Vermillion",0.79,0.9,0.93,5.18,7.07,1,0,5
"1224","Vigo","Industrial Vacant","Countywide",NA,NA,NA,NA,NA,NA,NA,0
"1225","Vigo","Industrial Improved","Countywide",NA,NA,NA,NA,NA,NA,NA,0
"df_sp343","Vigo","Commercial Vacant","Countywide",0.32,0.72,1.36,51,56.85,1.79,0,5
"2.5%775","Vigo","Commercial Improved","Countywide",0.76,0.83,0.96,25.83,32.21,0.85,0,49
"2.5%776","Vigo","Residential Vacant","Countywide",0.93,1.12,1.21,22.42,32.92,1.17,0,22
"2.5%777","Vigo","Residential Improved","Countywide",0.82,0.84,0.86,20.6,25.09,1.07,0,1223
"2.5%778","Vigo","Residential Improved","Fayette",0.73,0.86,1.12,27.3,31.38,1.13,0,30
"2.5%779","Vigo","Residential Improved","Harrison",0.84,0.87,0.88,20.16,24.58,1.07,0,664
"2.5%780","Vigo","Residential Improved","Honey Creek",0.77,0.79,0.82,18.39,23.79,1.03,0,143
"2.5%781","Vigo","Residential Improved","Lost Creek",0.82,0.86,0.89,16.16,20.65,1.02,0,135
"2.5%782","Vigo","Residential Improved","Otter Creek",0.72,0.78,0.82,23.2,28.58,1.08,0,85
"2.5%783","Vigo","Residential Improved","Pierson",0.61,0.76,0.83,24.39,28.29,1.12,0,41
"2.5%784","Vigo","Residential Improved","Riley",0.71,0.74,0.81,17.36,21.52,1.01,0,61
"2.5%785","Vigo","Residential Improved","Sugar Creek",0.78,0.9,0.99,24.3,29.54,1.15,0,53
"1226","Wabash","Industrial Vacant","Countywide",NA,NA,NA,NA,NA,NA,NA,0
"1227","Wabash","Industrial Improved","Countywide",NA,NA,NA,NA,NA,NA,NA,0
"1228","Wabash","Commercial Vacant","Countywide",NA,NA,NA,NA,NA,NA,NA,0
"df_sp344","Wabash","Commercial Improved","Countywide",0.82,0.94,1,11.66,14.07,1,0,17
"df_sp345","Wabash","Commercial Improved","Chester",0.73,1,1.13,13.27,18.52,1,0,5
"df_sp346","Wabash","Commercial Improved","Noble",0.82,0.92,0.98,10.46,12.56,1,0,12
"1229","Wabash","Residential Vacant","Countywide",NA,NA,NA,NA,NA,NA,NA,0
"2.5%786","Wabash","Residential Improved","Countywide",0.94,0.95,0.96,12.65,15.7,1.02,0,719
"2.5%787","Wabash","Residential Improved","Chester",0.93975,0.97,1,11.82,15.01,1.01,0,150
"2.5%788","Wabash","Residential Improved","Lagro",0.88,0.97,1.04,12.68,14.86,1.03,0,36
"2.5%789","Wabash","Residential Improved","Liberty",0.91,0.95,1.03,12.84,15.48,1.03,0,39
"2.5%790","Wabash","Residential Improved","Noble",0.92,0.94,0.96,13.3,16.34,1.03,0,408
"2.5%791","Wabash","Residential Improved","Paw Paw",0.87,0.92,0.98,12.33,17.11,1.03,0,28
"2.5%792","Wabash","Residential Improved","Pleasant",0.89,0.93,0.98,11.81,15.02,1.03,0,34
"2.5%793","Wabash","Residential Improved","Waltz",0.94,0.98,1.02,6.92,8.76,1.01,0,24
"1230","Warren","Industrial Vacant","Countywide",NA,NA,NA,NA,NA,NA,NA,0
"1231","Warren","Industrial Improved","Countywide",NA,NA,NA,NA,NA,NA,NA,0
"1232","Warren","Commercial Vacant","Countywide",NA,NA,NA,NA,NA,NA,NA,0
"df_sp347","Warren","Commercial Improved","Countywide",0.53,0.83,1.01,27.99,41.84,1.41,0,7
"2.5%794","Warren","Residential Vacant","Countywide",0.47,0.56,0.681749999999998,50.04,56.42,1.6,0,32
"2.5%795","Warren","Residential Improved","Countywide",0.89,0.95,0.99,24.91,40.27,1.09,0,221
"2.5%796","Warren","Residential Improved","Adams",0.91,0.96,1.03,27.18,46.8,1.1,0,65
"2.5%797","Warren","Residential Improved","Jordan",0.88,0.98,1.04,25.86,37.2,1.1,0,66
"2.5%798","Warren","Residential Improved","Washington",0.87,0.91,0.97,22.24,36.93,1.08,0,90
"1233","Warrick","Industrial Vacant","Countywide",NA,NA,NA,NA,NA,NA,NA,0
"df_sp348","Warrick","Industrial Improved","Countywide",0.71,0.94,0.98,12.87,19.87,0.99,0,7
"df_sp349","Warrick","Commercial Vacant","Countywide",0.79,0.99,1.01,46.14,63.76,1.29,0,16
"2.5%799","Warrick","Commercial Improved","Countywide",0.85,0.9,0.93,14.97,21.1,1.01,0,39
"df_sp350","Warrick","Commercial Improved","Boon",0.81,0.88,0.91,11.04,15.22,1.01,0,12
"2.5%800","Warrick","Commercial Improved","Ohio",0.71,0.92,0.93,16.4,23.58,1.02,0,27
"2.5%801","Warrick","Residential Vacant","Countywide",1.06,1.08,1.12,117.45,116.33,1.44,0,375
"2.5%802","Warrick","Residential Vacant","Hart",0.81,0.99,1.08,19.46,28.78,1.08,0,22
"2.5%803","Warrick","Residential Vacant","Boon",1.01,1.09,1.12,94.33,122.82,1.45,0,134
"df_sp351","Warrick","Residential Vacant","Campbell",0.91,0.98,1.02,12.49,19.24,1.09,0,18
"df_sp352","Warrick","Residential Vacant","Greer",1,1.08,1.09,21.21,41.07,1.25,0,15
"2.5%804","Warrick","Residential Vacant","Ohio",1.07,1.13,1.17,154.75,105.01,1.27,0,186
"2.5%805","Warrick","Residential Improved","Countywide",0.9,0.91,0.91,9.94,14.28,1.01,0,1130
"df_sp353","Warrick","Residential Improved","Anderson",0.79,0.91,0.99,14.12,18.52,0.99,0,13
"2.5%806","Warrick","Residential Improved","Boon",0.9,0.91,0.92,12.41,17.35,1.03,0,241
"df_sp354","Warrick","Residential Improved","Campbell",0.84,0.9,0.95,9.6,13.75,0.99,0,9
"2.5%807","Warrick","Residential Improved","Greer",0.86,0.91,0.96,11.84,16.92,1.01,0,26
"df_sp355","Warrick","Residential Improved","Hart",0.86,0.9,0.97,11.25,17.57,1.02,0,14
"df_sp356","Warrick","Residential Improved","Pigeon",0.81,0.92,0.96,11.46,14.99,1,0,19
"2.5%808","Warrick","Residential Improved","Ohio",0.9,0.91,0.92,8.91,12.83,1.01,0,790
"df_sp357","Warrick","Residential Improved","Skelton",0.87,0.91,0.93,13.08,19.49,1.02,0,18
"1234","Washington","Industrial Vacant","Countywide",NA,NA,NA,NA,NA,NA,NA,0
"1235","Washington","Industrial Improved","Countywide",NA,NA,NA,NA,NA,NA,NA,0
"1236","Washington","Commercial Vacant","Countywide",NA,NA,NA,NA,NA,NA,NA,0
"df_sp358","Washington","Commercial Improved","Countywide",0.81,0.91,1.14,16.17,21.61,1.02,0,10
"2.5%809","Washington","Residential Vacant","Countywide",0.61,0.74,0.89,52.82,59.52,2.01,0,93
"2.5%810","Washington","Residential Improved","Countywide",0.88,0.91,0.92,13.85,17.65,1.03,0,299
"df_sp359","Washington","Residential Improved","Brown",0.83,0.91,1.01,10.85,13.46,1.02,0,13
"df_sp360","Washington","Residential Improved","Franklin",0.85,0.92,1.01,12.74,17.31,1,0,13
"df_sp361","Washington","Residential Improved","Howard",0.8,0.94,0.99,13.5,18.66,1.05,0,19
"2.5%811","Washington","Residential Improved","Pierce",0.86,0.92,1,13.97,17.22,1.02,0,34
"df_sp362","Washington","Residential Improved","Polk",0.78,0.89,0.92,12.71,18.8,1.03,0,13
"df_sp363","Washington","Residential Improved","Posey",0.83,0.93,0.97,13.21,18.65,1.05,0,16
"2.5%812","Washington","Residential Improved","Washington",0.87,0.9,0.93,14.21,17.78,1.03,0,191
"1237","Wayne","Industrial Vacant","Countywide",NA,NA,NA,NA,NA,NA,NA,0
"df_sp364","Wayne","Industrial Improved","Countywide",0.34,0.9,0.94,14.06,32.15,0.91,0,5
"1238","Wayne","Commercial Vacant","Countywide",NA,NA,NA,NA,NA,NA,NA,0
"2.5%813","Wayne","Commercial Improved","Countywide",0.89,0.96,0.98,10.92,18.18,1.42,0,44
"df_sp365","Wayne","Commercial Improved","Center",0.87,0.96,1,5.48,7.82,1.02,0,8
"2.5%814","Wayne","Commercial Improved","Wayne",0.87,0.94,0.98,12.32,19.8,1.44,0,36
"df_sp366","Wayne","Residential Vacant","Countywide",0.99,1.08,1.1,11.69,27.87,1.08,0,15
"2.5%815","Wayne","Residential Improved","Countywide",0.95,0.95,0.96,5.27,7.05,1,0,938
"df_sp367","Wayne","Residential Improved","Dalton",0.96,0.97,0.98,1.47,1.99,1,0,6
"df_sp368","Wayne","Residential Improved","Clay",0.86,0.96,0.97,4.61,6.7,1,0,13
"2.5%816","Wayne","Residential Improved","Center",0.94,0.95,0.96,4.3,5.53,1,0,114
"df_sp369","Wayne","Residential Improved","Franklin",0.86,0.96,0.98,5.59,6.79,0.99,0,14
"2.5%817","Wayne","Residential Improved","Jackson",0.9,0.95,0.96,5.51,6.61,1,0,69
"2.5%818","Wayne","Residential Improved","Jefferson",0.91,0.95,0.96,5.14,6.06,1,0,61
"2.5%819","Wayne","Residential Improved","Wayne",0.95,0.96,0.96,5.34,7.36,1,0,581
"df_sp370","Wayne","Residential Improved","Abington",0.87,0.96,0.98,3.79,5.35,1,0,5
"df_sp371","Wayne","Residential Improved","Boston",0.85,0.95,0.97,5.74,7.32,0.99,0,13
"df_sp372","Wayne","Residential Improved","Greene",0.85,0.95,0.98,7.98,11.67,1.01,0,9
"2.5%820","Wayne","Residential Improved","New Garden",0.89,0.95,0.97,5.72,7.02,1,0,26
"df_sp373","Wayne","Residential Improved","Washington",0.86,0.94,0.98,6.95,9.41,1.03,0,14
"df_sp374","Wayne","Residential Improved","Webster",0.87,0.94,0.98,6.36,7.86,1,0,13
"1239","Wells","Industrial Vacant","Countywide",NA,NA,NA,NA,NA,NA,NA,0
"1240","Wells","Industrial Improved","Countywide",NA,NA,NA,NA,NA,NA,NA,0
"1241","Wells","Commercial Vacant","Countywide",NA,NA,NA,NA,NA,NA,NA,0
"df_sp375","Wells","Commercial Improved","Countywide",0.76,1,1.1,41.01,62.72,1.19,0,14
"2.5%821","Wells","Residential Vacant","Countywide",1.09,1.15,1.2,20.13,32.97,1.15,0,38
"df_sp376","Wells","Residential Vacant","Jefferson",1.04,1.15,1.41,13.48,16.34,1.11,0,7
"df_sp377","Wells","Residential Vacant","Lancaster",1.08,1.14,1.31,18.62,33.23,1,0,12
"1242","Wells","Residential Vacant","Rockcreek",NA,NA,NA,NA,NA,NA,NA,4
"df_sp378","Wells","Residential Vacant","Chester",1.09,1.16,1.26,27.85,43.94,1.37,0,15
"2.5%822","Wells","Residential Improved","Countywide",1,1.01,1.02,18.65,42.05,1.07,0,701
"df_sp379","Wells","Residential Improved","Chester",0.97,1,1.04,6.87,9.95,1.02,0,13
"2.5%823","Wells","Residential Improved","Harrison",1,1.01,1.03,22.32,43.54,1.09,0,288
"df_sp380","Wells","Residential Improved","Jackson",0.96,1.02,1.38,28.61,42.35,1.02,0,7
"2.5%824","Wells","Residential Improved","Jefferson",1,1,1.02,12.45,32.41,1.04,0,172
"2.5%825","Wells","Residential Improved","Lancaster",0.99,1,1.02,16.22,48.63,1.06,0,133
"df_sp381","Wells","Residential Improved","Liberty",0.95,0.99,1.04,9.92,14.65,1,0,15
"df_sp382","Wells","Residential Improved","Nottingham",0.96,1.06,1.13,28.32,49.42,1.14,0,15
"2.5%826","Wells","Residential Improved","Rockcreek",0.97975,1.04,1.12,32.42,53.93,1.2,0,30
"2.5%827","Wells","Residential Improved","Union",0.96,1.04,1.08,14.49,24.02,1.06,0,28
"1243","White","Industrial Vacant","Countywide",NA,NA,NA,NA,NA,NA,NA,0
"1244","White","Industrial Improved","Countywide",NA,NA,NA,NA,NA,NA,NA,0
"1245","White","Commercial Vacant","Countywide",NA,NA,NA,NA,NA,NA,NA,0
"2.5%828","White","Commercial Improved","Countywide",0.82,0.88,0.97,21.43,27.99,0.98,0,23
"2.5%829","White","Residential Vacant","Countywide",1.02,1.11,1.33,29.18,41.63,1.9,0,21
"1246","White","Residential Vacant","Liberty",NA,NA,NA,NA,NA,NA,NA,3
"df_sp383","White","Residential Vacant","Monon",1,1.23,1.47,26.1,43.15,1.37,0,7
"df_sp384","White","Residential Vacant","Union",1.03,1.09,1.33,11.86,16.72,1.29,0,7
"1247","White","Residential Vacant","Big Creek",NA,NA,NA,NA,NA,NA,NA,1
"2.5%830","White","Residential Improved","Countywide",0.9,0.91,0.92,20.15,33.86,1.06,0,860
"2.5%831","White","Residential Improved","Big Creek",0.79,0.9,0.96,12.65,15.81,1.01,0,22
"df_sp385","White","Residential Improved","Cass",0.78,0.91,1.51,40.49,61.89,1.14,0,8
"2.5%832","White","Residential Improved","Honey Creek",0.87,0.94,1.02,24.21,39.72,1.06,0,28
"df_sp386","White","Residential Improved","Jackson",0.82,0.95,0.98,19.18,39.1,1.09,0,11
"2.5%833","White","Residential Improved","Liberty",0.86,0.9,0.94,21.84,33.5,1.07,0,115
"df_sp387","White","Residential Improved","Lincoln",0.74,0.94,1.05,30.06,40.31,1.13,0,9
"2.5%834","White","Residential Improved","Monon",0.88,0.92,0.97,21.13,35.46,1.06,0,108
"2.5%835","White","Residential Improved","Prairie",0.89,0.91,0.96,17.6,29.79,1.04,0,127
"2.5%836","White","Residential Improved","Princeton",0.88,0.91,1.02,35.83,53.72,1.23,0,32
"df_sp388","White","Residential Improved","Round Grove",0.82,0.9,0.97,8.04,11.29,1,0,6
"2.5%837","White","Residential Improved","Union",0.89,0.91,0.93,18.5,29.85,1.04,0,394
"1248","Whitley","Industrial Vacant","Countywide",NA,NA,NA,NA,NA,NA,NA,0
"df_sp389","Whitley","Industrial Improved","Countywide",0.44,0.68,0.91,22.6,28.34,0.97,0,5
"1249","Whitley","Commercial Vacant","Countywide",NA,NA,NA,NA,NA,NA,NA,0
"df_sp390","Whitley","Commercial Improved","Countywide",0.67,0.96,1.19,28.9,42.55,1.73,0,11
"1250","Whitley","Commercial Improved","Columbia",NA,NA,NA,NA,NA,NA,NA,4
"df_sp391","Whitley","Commercial Improved","Cleveland",0.65,0.94,1.21,39.45,53.1,2.2,0,7
"df_sp392","Whitley","Residential Vacant","Countywide",0.03,0.26,0.54,139.53,129.98,2.39,0,16
"2.5%838","Whitley","Residential Improved","Countywide",0.94,0.95,0.95,12.42,17.64,1.01,0,694
"2.5%839","Whitley","Residential Improved","Cleveland",0.88,0.95,1.03,18.22,25.67,1.03,0,45
"2.5%840","Whitley","Residential Improved","Columbia",0.94,0.95,0.96,11.21,15.49,1.01,0,340
"2.5%841","Whitley","Residential Improved","Etna Troy",0.84,0.93,0.96,13.72,19.83,0.98,0,29
"2.5%842","Whitley","Residential Improved","Jefferson",0.92,0.95,1,11.07,16.24,1.05,0,29
"df_sp393","Whitley","Residential Improved","Richland",0.84,0.93,1.07,16.92,20.4,0.99,0,17
"2.5%843","Whitley","Residential Improved","Smith",0.93,0.95,0.97,12.02,17.5,1.01,0,98
"2.5%844","Whitley","Residential Improved","Thorncreek",0.89,0.94,0.97,15.17,22.42,1.02,0,73
"2.5%845","Whitley","Residential Improved","Union",0.92,0.95,0.96,9.1,12.79,1.01,0,50
"df_sp394","Whitley","Residential Improved","Washington",0.9,1.02,1.09,15.75,21.02,1.02,0,13
