"","County","Type","Grouping","LowerBound","Median","UpperBound","COD","COV","PRD","PRB","Sales"
"1","Adams","Industrial Vacant","Countywide",NA,NA,NA,NA,NA,NA,NA,0
"2","Adams","Industrial Improved","Countywide",NA,NA,NA,NA,NA,NA,NA,0
"3","Adams","Commercial Vacant","Countywide",NA,NA,NA,NA,NA,NA,NA,0
"2.5%","Adams","Commercial Improved","Countywide",0.84,0.96,1.01,16.05,21.49,1.01,0,23
"df_sp","Adams","Residential Vacant","Countywide",0.93,1.08,1.16,16.66,25.79,1.04,0,6
"2.5%1","Adams","Residential Improved","Countywide",0.9,0.92,0.95,13.96,17.91,1.03,0,476
"2.5%2","Adams","Residential Improved","Blue Creek",0.87,0.92,0.96,16.44,20.76,1.03,0,93
"2.5%3","Adams","Residential Improved","Hartford",0.83,0.88,0.93,16.47,19.84,1.03,0,99
"2.5%4","Adams","Residential Improved","Preble",0.86,0.93,1.03,12.41,16.1,1.05,0,22
"2.5%5","Adams","Residential Improved","Washington",0.88,0.91,0.96,14.65,17.88,1.03,0,156
"2.5%6","Adams","Residential Improved","Root",0.92,0.94,0.96,9.09,13.34,1.01,0,106
"11","Allen","Industrial Vacant","Countywide",NA,NA,NA,NA,NA,NA,NA,0
"df_sp1","Allen","Industrial Improved","Countywide",0.81,0.84,0.96,19.31,30.14,1.21,0,15
"df_sp2","Allen","Commercial Vacant","Countywide",0.86,0.93,0.95,12.8,23.66,1.05,0,16
"2.5%7","Allen","Commercial Improved","Countywide",0.76,0.87,0.91,25.73,39.2,1.32,0,82
"12","Allen","Commercial Improved","Aboite",NA,NA,NA,NA,NA,NA,NA,2
"2.5%8","Allen","Commercial Improved","Adams",0.8,0.9,0.93,24.62,41.2,1.4,0,43
"df_sp3","Allen","Commercial Improved","Perry",0.6,0.78,0.9,21.56,27.13,1.17,0,19
"df_sp4","Allen","Commercial Improved","Washington",0.62,0.89,0.93,20.56,31.13,1.46,0,15
"2.5%9","Allen","Residential Vacant","Countywide",0.85,0.95,0.98,14.75,23.41,1.04,0,38
"df_sp5","Allen","Residential Vacant","Aboite",0.9,0.97,1.01,9.33,13.58,1.03,0,10
"13","Allen","Residential Vacant","Adams",NA,NA,NA,NA,NA,NA,NA,1
"df_sp6","Allen","Residential Vacant","Cedar Creek",0.66,0.89,1,17.56,20.55,1,0,8
"df_sp7","Allen","Residential Vacant","Eel River",0.7,0.81,1.03,20.79,25.52,1.06,0,11
"df_sp8","Allen","Residential Vacant","Perry",0.89,0.95,0.99,3,4.12,1,0,5
"14","Allen","Residential Vacant","St. Joseph",NA,NA,NA,NA,NA,NA,NA,3
"2.5%10","Allen","Residential Improved","Countywide",0.99,0.99,0.99,11.43,37.05,1.03,0,4836
"2.5%11","Allen","Residential Improved","Aboite",0.99,0.99,1,9.08,34.62,1.03,0,733
"2.5%12","Allen","Residential Improved","Adams",0.97,0.98,0.99,7.57,10.16,1,0,334
"2.5%13","Allen","Residential Improved","Cedar Creek",0.98,1,1,23.16,63.4,1.11,0,199
"2.5%14","Allen","Residential Improved","Eel River",0.99,1,1.02,15.37,60,1.08,0,79
"df_sp9","Allen","Residential Improved","Jackson",0.81,0.96,1.03,13.24,19.15,1,0,11
"2.5%15","Allen","Residential Improved","Lafayette",0.93,0.96,1,8.41,11.63,1.02,0,54
"2.5%16","Allen","Residential Improved","Lake",0.94,0.99,1,7.53,10.81,1.01,0,27
"2.5%17","Allen","Residential Improved","Maumee",0.92,0.98,1.03,29.15,81.49,1.13,0,46
"df_sp10","Allen","Residential Improved","Milan",0.86,0.95,0.98,13.36,20.2,1.01,0,19
"df_sp11","Allen","Residential Improved","Monroe",0.85,0.99,1.04,9.4,13.4,1,0,14
"2.5%18","Allen","Residential Improved","Perry",0.99,1,1,15.7,54.54,1.08,0,851
"2.5%19","Allen","Residential Improved","Pleasant",0.94,0.97,1,9.75,18.23,1,0,37
"df_sp12","Allen","Residential Improved","Scipio",0.95,0.98,1,5.96,10.5,1.03,0,16
"2.5%20","Allen","Residential Improved","St. Joseph",0.98,0.98,0.99,9.42,29.02,1.02,0,900
"2.5%21","Allen","Residential Improved","Washington",0.98,0.99,1,7.57,10.58,1,0,436
"2.5%22","Allen","Residential Improved","Wayne",1,1,1,11.01,17.24,1.01,0,1080
"15","Bartholomew","Industrial Vacant","Countywide",NA,NA,NA,NA,NA,NA,NA,0
"16","Bartholomew","Industrial Improved","Countywide",NA,NA,NA,NA,NA,NA,NA,0
"17","Bartholomew","Commercial Vacant","Countywide",NA,NA,NA,NA,NA,NA,NA,0
"df_sp13","Bartholomew","Commercial Improved","Countywide",0.57,0.93,0.98,41.49,71.71,2.55,0,9
"2.5%23","Bartholomew","Residential Vacant","Countywide",0.97,0.97,0.97,7.77,16.24,1.04,0,120
"2.5%24","Bartholomew","Residential Vacant","Columbus",0.97,0.97,0.98,6.57,14.19,1.03,0,98
"df_sp14","Bartholomew","Residential Vacant","Harrison",0.89,0.91,0.97,8.47,14.99,0.99,0,11
"df_sp15","Bartholomew","Residential Vacant","Clay",0.77,0.91,0.95,15.98,27.57,1.21,0,11
"2.5%25","Bartholomew","Residential Improved","Countywide",0.91,0.92,0.92,10.96,19,1.02,0,915
"2.5%26","Bartholomew","Residential Improved","Clay",0.89,0.91,0.96,9.46,11.61,1,0,42
"18","Bartholomew","Residential Improved","Clifty",NA,NA,NA,NA,NA,NA,NA,1
"2.5%27","Bartholomew","Residential Improved","Columbus",0.91,0.92,0.93,10.17,16.27,1.01,0,637
"df_sp16","Bartholomew","Residential Improved","Flatrock",0.91,0.95,0.98,8.8,11.8,1.01,0,15
"2.5%28","Bartholomew","Residential Improved","German",0.85,0.9,0.92,15.81,45.12,1.05,0,50
"2.5%29","Bartholomew","Residential Improved","Harrison",0.85,0.9,0.92,13.05,18.2,1.02,0,59
"2.5%30","Bartholomew","Residential Improved","Hawcreek",0.86,0.91,0.95,13.39,18.42,1,0,46
"19","Bartholomew","Residential Improved","Jackson",NA,NA,NA,NA,NA,NA,NA,4
"df_sp17","Bartholomew","Residential Improved","Ohio",0.83,0.9,1,11.92,16.02,1.07,0,9
"2.5%31","Bartholomew","Residential Improved","Rockcreek",0.84,0.92,1,11.17,14.3,1,0,31
"2.5%32","Bartholomew","Residential Improved","Wayne",0.88,0.91,1,12.28,18.28,1.03,0,20
"110","Benton","Industrial Vacant","Countywide",NA,NA,NA,NA,NA,NA,NA,0
"111","Benton","Industrial Improved","Countywide",NA,NA,NA,NA,NA,NA,NA,0
"112","Benton","Commercial Vacant","Countywide",NA,NA,NA,NA,NA,NA,NA,0
"df_sp18","Benton","Commercial Improved","Countywide",0.24,0.57,0.94,67.56,74.52,2.88,0,6
"113","Benton","Residential Vacant","Countywide",NA,NA,NA,NA,NA,NA,NA,0
"2.5%33","Benton","Residential Improved","Countywide",0.91,0.94,0.98,13.61,18.55,1.02,0,118
"df_sp19","Benton","Residential Improved","Bolivar",0.87,0.94,1.03,14.82,23.82,1.03,0,19
"2.5%34","Benton","Residential Improved","Center",0.90975,0.96,1.04,12.28,14.62,1.02,0,41
"df_sp20","Benton","Residential Improved","Grant",0.81,0.93,1,16.97,24.53,1.02,0,19
"df_sp21","Benton","Residential Improved","Oak Grove",0.78,0.94,1.02,14.28,18.38,1.01,0,19
"df_sp22","Benton","Residential Improved","Richland",0.84,0.95,1.06,11.55,14.95,1.02,0,11
"df_sp23","Benton","Residential Improved","Gilboa",0.85,0.97,0.99,8.66,10.91,1.01,0,9
"114","Blackford","Industrial Vacant","Countywide",NA,NA,NA,NA,NA,NA,NA,0
"115","Blackford","Industrial Improved","Countywide",NA,NA,NA,NA,NA,NA,NA,0
"116","Blackford","Commercial Vacant","Countywide",NA,NA,NA,NA,NA,NA,NA,0
"df_sp24","Blackford","Commercial Improved","Countywide",0.47,0.7,0.9,23.01,30.91,1.08,0,7
"df_sp25","Blackford","Residential Vacant","Countywide",0.5,0.82,1.08,48.34,62.66,1.01,0,13
"2.5%35","Blackford","Residential Improved","Countywide",0.99,1.01,1.04,20.28,36.55,1.1,0,204
"2.5%36","Blackford","Residential Improved","Harrison",0.97,1.01,1.05,12.16,19.61,1.04,0,32
"df_sp26","Blackford","Residential Improved","Jackson",0.99,1,1.31,34.27,43.28,1.16,0,9
"2.5%37","Blackford","Residential Improved","Licking",0.99,1.01,1.04,19.94,34.51,1.1,0,156
"df_sp27","Blackford","Residential Improved","Washington",0.97,1.09,1.26,43.63,70.4,1.3,0,7
"117","Boone","Industrial Vacant","Countywide",NA,NA,NA,NA,NA,NA,NA,0
"df_sp28","Boone","Industrial Improved","Countywide",0.55,0.63,0.89,18.88,22.13,1.09,0,5
"118","Boone","Commercial Vacant","Countywide",NA,NA,NA,NA,NA,NA,NA,0
"df_sp29","Boone","Commercial Improved","Countywide",0.77,0.92,0.98,12.82,17.73,1,0,17
"2.5%38","Boone","Residential Vacant","Countywide",0.99975,1,1,31.59,63.58,0.88,0,88
"2.5%39","Boone","Residential Improved","Countywide",1,1,1,4.28,6.8,1.01,0,1641
"2.5%40","Boone","Residential Improved","Center",0.99,1,1.01,4.43,6.72,1,0,350
"2.5%41","Boone","Residential Improved","Clinton",0.98,1,1.03,6.06,8.33,1.02,0,29
"2.5%42","Boone","Residential Improved","Eagle",0.99,1,1,4.28,6.41,1.01,0,489
"2.5%43","Boone","Residential Improved","Harrison",0.95,0.98,1,7.13,10.52,1.01,0,44
"df_sp30","Boone","Residential Improved","Jefferson",0.95,1,1.04,7.29,10.12,1.02,0,12
"2.5%44","Boone","Residential Improved","Perry",1,1,1,1.97,3.63,1,0,198
"2.5%45","Boone","Residential Improved","Sugar Creek",0.94,1.01,1.04,8.04,10.78,1,0,29
"2.5%46","Boone","Residential Improved","Union",0.99,1.01,1.03,6.44,10.69,1.03,0,51
"2.5%47","Boone","Residential Improved","Worth",0.99,1,1,4.18,6.79,1,0,439
"119","Brown","Industrial Vacant","Countywide",NA,NA,NA,NA,NA,NA,NA,0
"120","Brown","Industrial Improved","Countywide",NA,NA,NA,NA,NA,NA,NA,0
"121","Brown","Commercial Vacant","Countywide",NA,NA,NA,NA,NA,NA,NA,0
"df_sp31","Brown","Commercial Improved","Countywide",0.78,0.92,0.95,14.46,21.15,0.95,0,10
"2.5%48","Brown","Residential Vacant","Countywide",0.92,0.96,1,19.19,31.15,1.31,0,66
"2.5%49","Brown","Residential Vacant","Hamblen",0.95,1,1.01,13.28,23.44,1.1,0,22
"df_sp32","Brown","Residential Vacant","Jackson",0.86,0.92,1,22.42,35.96,1.38,0,19
"122","Brown","Residential Vacant","Van Buren",NA,NA,NA,NA,NA,NA,NA,1
"2.5%50","Brown","Residential Vacant","Washington",0.92,0.95,1.03,18,28.44,1.29,0,24
"2.5%51","Brown","Residential Improved","Countywide",0.91,0.94,0.96,17.84,31.61,22,0,242
"2.5%52","Brown","Residential Improved","Hamblen",0.85,0.9,0.96,20.28,35.28,49.84,0,83
"2.5%53","Brown","Residential Improved","Jackson",0.9,0.96,1,13.93,23.14,1.07,0,57
"df_sp33","Brown","Residential Improved","Van Buren",0.92,1,1.05,19.07,36.76,1.06,0,19
"2.5%54","Brown","Residential Improved","Washington",0.89,0.93,0.96,17.21,32.04,1.06,0,83
"123","Carroll","Industrial Vacant","Countywide",NA,NA,NA,NA,NA,NA,NA,0
"124","Carroll","Industrial Improved","Countywide",NA,NA,NA,NA,NA,NA,NA,0
"df_sp34","Carroll","Commercial Vacant","Countywide",0.3,0.59,0.8,48.87,59.42,2.71,0,6
"2.5%55","Carroll","Commercial Improved","Countywide",0.81,0.92,1.04,21.57,27.99,1.09,0,31
"2.5%56","Carroll","Residential Vacant","Countywide",0.76,0.88,0.95,28.84,43.29,1.23,0,31
"2.5%57","Carroll","Residential Improved","Countywide",0.93,0.94,0.96,17.67,26.71,1.05,0,569
"2.5%58","Carroll","Residential Improved","Adams",0.88,0.94,1.05,24.5,35.99,1.09,0,53
"2.5%59","Carroll","Residential Improved","Burlington",0.9,0.96,1,19.43,32.34,1.1,0,42
"2.5%60","Carroll","Residential Improved","Clay",0.75,0.88,0.96,15.39,20.62,1.07,0,20
"2.5%61","Carroll","Residential Improved","Deer Creek",0.93,0.97,1.01,19.84,29.09,1.05,0,127
"df_sp35","Carroll","Residential Improved","Democrat",0.83,0.93,1.05,14.35,17.56,1,0,18
"2.5%62","Carroll","Residential Improved","Jackson",0.89,0.95,1.01,13.91,19.37,1.02,0,25
"2.5%63","Carroll","Residential Improved","Jefferson",0.88,0.92,0.95,16.5,23.4,1.04,0,133
"df_sp36","Carroll","Residential Improved","Madison",0.93,1.02,1.25,20.95,34.23,1.1,0,7
"2.5%64","Carroll","Residential Improved","Monroe",0.91,0.93,0.97,13.5,19.93,1.03,0,88
"125","Cass","Industrial Vacant","Countywide",NA,NA,NA,NA,NA,NA,NA,0
"126","Cass","Industrial Improved","Countywide",NA,NA,NA,NA,NA,NA,NA,0
"df_sp37","Cass","Commercial Vacant","Countywide",0.05,0.93,1.22,53.08,78.85,1.1,0,6
"2.5%65","Cass","Commercial Improved","Countywide",0.82,0.91,1,23.45,30.88,1.08,0,45
"2.5%66","Cass","Residential Vacant","Countywide",0.83,0.98,1.09,27.88,38.83,1.13,0,31
"2.5%67","Cass","Residential Improved","Countywide",0.92,0.94,0.95,19.58,33.35,1.06,0,959
"df_sp38","Cass","Residential Improved","Adams",0.78,0.88,1.01,18.17,26.29,0.99,0,11
"df_sp39","Cass","Residential Improved","Bethlehem",0.78,0.96,1.02,15.41,19.6,1.04,0,17
"2.5%68","Cass","Residential Improved","Boone",0.91,0.94,0.96,19.88,35,1.07,0,101
"2.5%69","Cass","Residential Improved","Clay",0.9,0.94,0.96,13.57,22.75,1.02,0,68
"2.5%70","Cass","Residential Improved","Deer Creek",0.89,0.93,0.97,15.28,24.54,1.05,0,83
"2.5%71","Cass","Residential Improved","Eel",0.92,0.94,0.95,21.57,36.29,1.08,0,538
"2.5%72","Cass","Residential Improved","Miami",0.84,0.94,0.97,12.13,16.71,1,0,29
"2.5%73","Cass","Residential Improved","Noble",0.84,0.92,0.98,13.14,16.94,1.01,0,36
"2.5%74","Cass","Residential Improved","Tipton",0.87,0.98,1,22.69,40.51,1.08,0,57
"df_sp40","Cass","Residential Improved","Washington",0.86,0.94,1.09,15.62,20.45,1.02,0,19
"127","Clark","Industrial Vacant","Countywide",NA,NA,NA,NA,NA,NA,NA,0
"128","Clark","Industrial Improved","Countywide",NA,NA,NA,NA,NA,NA,NA,0
"129","Clark","Commercial Vacant","Countywide",NA,NA,NA,NA,NA,NA,NA,0
"2.5%75","Clark","Commercial Improved","Countywide",0.95,0.96,0.97,9.64,15.93,1,0,66
"2.5%76","Clark","Residential Vacant","Countywide",0.99,1.01,1.03,6.69,10.21,1,0,31
"df_sp41","Clark","Residential Vacant","Carr",0.99,1,1.02,6.68,14.2,0.99,0,6
"130","Clark","Residential Vacant","Charlestown",NA,NA,NA,NA,NA,NA,NA,4
"df_sp42","Clark","Residential Vacant","Jeffersonville",0.92,1,1.21,6.6,10.76,1.01,0,5
"df_sp43","Clark","Residential Vacant","Monroe",0.91,1,1.12,5.69,7.9,0.99,0,5
"131","Clark","Residential Vacant","Union",NA,NA,NA,NA,NA,NA,NA,0
"df_sp44","Clark","Residential Vacant","Utica",0.92,1.02,1.06,6.92,9.81,0.99,0,11
"132","Clark","Residential Vacant","Bethlehem",NA,NA,NA,NA,NA,NA,NA,0
"2.5%77","Clark","Residential Improved","Countywide",0.98,0.99,0.99,8.54,13.87,1.01,0,1948
"133","Clark","Residential Improved","Bethlehem",NA,NA,NA,NA,NA,NA,NA,4
"2.5%78","Clark","Residential Improved","Carr",0.94,1,1.01,8.71,11.99,1.01,0,51
"2.5%79","Clark","Residential Improved","Charlestown",0.99,1,1,7.68,12.25,1,0,389
"2.5%80","Clark","Residential Improved","Jeffersonville",0.97,0.98,0.99,9.78,13.77,1.01,0,822
"2.5%81","Clark","Residential Improved","Monroe",0.95,0.97,1,9.24,13.12,1,0,71
"df_sp45","Clark","Residential Improved","Oregon",0.9,0.97,1.04,8.94,13.33,1.01,0,14
"2.5%82","Clark","Residential Improved","Silver Creek",0.97,0.98,1,7.19,10.03,1.01,0,229
"2.5%83","Clark","Residential Improved","Union",0.96,0.98,1,9.79,17.92,1,0,83
"2.5%84","Clark","Residential Improved","Utica",0.98,0.99,1,6.17,17.84,1.02,0,249
"df_sp46","Clark","Residential Improved","Washington",0.91,0.98,1,8.78,14.45,0.99,0,17
"df_sp47","Clark","Residential Improved","Wood",0.86,0.96,1,9.48,12.29,1.01,0,19
"134","Clay","Industrial Vacant","Countywide",NA,NA,NA,NA,NA,NA,NA,0
"135","Clay","Industrial Improved","Countywide",NA,NA,NA,NA,NA,NA,NA,0
"136","Clay","Commercial Vacant","Countywide",NA,NA,NA,NA,NA,NA,NA,0
"2.5%85","Clay","Commercial Improved","Countywide",0.81,0.92,1.02,16.92,20.95,1.02,0,24
"137","Clay","Residential Vacant","Countywide",NA,NA,NA,NA,NA,NA,NA,0
"2.5%86","Clay","Residential Improved","Countywide",0.89,0.91,0.94,11.64,14.16,1.03,0,236
"2.5%87","Clay","Residential Improved","Brazil",0.88,0.9,0.95,12.15,14.27,1.03,0,142
"2.5%88","Clay","Residential Improved","Dick Johnson",0.85,0.93,1.01,11.11,14.09,1.04,0,22
"2.5%89","Clay","Residential Improved","Cass",0.88,0.92,0.95,8.08,11.82,1.03,0,28
"df_sp48","Clay","Residential Improved","Harrison",0.88,0.91,1.06,14,17.18,1.04,0,15
"2.5%90","Clay","Residential Improved","Perry",0.83,0.92,0.98,12.01,14.46,1.03,0,29
"138","Clinton","Industrial Vacant","Countywide",NA,NA,NA,NA,NA,NA,NA,0
"139","Clinton","Industrial Improved","Countywide",NA,NA,NA,NA,NA,NA,NA,0
"140","Clinton","Commercial Vacant","Countywide",NA,NA,NA,NA,NA,NA,NA,0
"df_sp49","Clinton","Commercial Improved","Countywide",0.6,0.9,1.08,31.59,43.39,1.41,0,11
"df_sp50","Clinton","Residential Vacant","Countywide",0.06,0.09,0.26,237.26,116.95,0.89,0,18
"2.5%91","Clinton","Residential Improved","Countywide",0.86,0.89,0.93,27.19,36.27,1.07,0,279
"2.5%92","Clinton","Residential Improved","Center",0.82,0.87,0.91,30.56,39.47,1.08,0,146
"2.5%93","Clinton","Residential Improved","Union",0.77,0.89,0.97,32.11,40.86,1.11,0,30
"2.5%94","Clinton","Residential Improved","Perry",0.9,0.97,1.04,25.47,35,1.08,0,36
"2.5%95","Clinton","Residential Improved","Madison",0.84,0.98,1.03,18.89,28.66,1.06,0,29
"2.5%96","Clinton","Residential Improved","Ross",0.81,0.86,0.96,14.17,18.84,1.02,0,21
"df_sp51","Clinton","Residential Improved","Michigan",0.77,0.84,0.94,14.07,17.83,1.01,0,17
"141","Crawford","Industrial Vacant","Countywide",NA,NA,NA,NA,NA,NA,NA,0
"142","Crawford","Industrial Improved","Countywide",NA,NA,NA,NA,NA,NA,NA,0
"143","Crawford","Commercial Vacant","Countywide",NA,NA,NA,NA,NA,NA,NA,0
"144","Crawford","Commercial Improved","Countywide",NA,NA,NA,NA,NA,NA,NA,0
"2.5%97","Crawford","Residential Vacant","Countywide",0.64,0.89,0.95,27.36,43.03,1.2,0,20
"df_sp52","Crawford","Residential Vacant","Boone",0.6,0.89,0.95,28.93,43.42,1.14,0,15
"df_sp53","Crawford","Residential Vacant","Patoka",0.15,0.9,1.09,22.89,46.74,1.38,0,5
"2.5%98","Crawford","Residential Improved","Countywide",0.88,0.91,0.93,13.68,23.12,1.01,0,86
"df_sp54","Crawford","Residential Improved","Boone",0.86,0.91,1,8.33,10.93,1.02,0,14
"df_sp55","Crawford","Residential Improved","Jennings",0.78,0.9,1,14.04,25.28,0.95,0,8
"2.5%99","Crawford","Residential Improved","Johnson",0.83,0.9,0.97,13.51,17.79,0.99,0,25
"2.5%100","Crawford","Residential Improved","Liberty",0.87,0.9,0.95,18.39,33.46,1.05,0,25
"df_sp56","Crawford","Residential Improved","Whiskey Run",0.83,0.92,0.96,10.79,16.06,1.03,0,14
"145","Daviess","Industrial Vacant","Countywide",NA,NA,NA,NA,NA,NA,NA,0
"146","Daviess","Industrial Improved","Countywide",NA,NA,NA,NA,NA,NA,NA,0
"147","Daviess","Commercial Vacant","Countywide",NA,NA,NA,NA,NA,NA,NA,0
"df_sp57","Daviess","Commercial Improved","Countywide",0.67,0.96,1.04,22.86,41.78,0.99,0,7
"2.5%101","Daviess","Residential Vacant","Countywide",0.15,0.22,0.44,112.18,91.52,1.57,0,29
"2.5%102","Daviess","Residential Improved","Countywide",0.92,0.95,0.98,18.56,31.38,1.07,0,205
"2.5%103","Daviess","Residential Improved","Madison",0.84,0.9,1,17.53,24.15,1.06,0,23
"2.5%104","Daviess","Residential Improved","Washington",0.93,0.96,1,18.41,32.3,1.08,0,126
"2.5%105","Daviess","Residential Improved","Elmore",0.84,0.92,1.02,24.86,37.55,1.11,0,27
"2.5%106","Daviess","Residential Improved","Barr",0.85,0.96,1.02,14.31,18.74,1,0,24
"148","Dearborn","Industrial Vacant","Countywide",NA,NA,NA,NA,NA,NA,NA,0
"149","Dearborn","Industrial Improved","Countywide",NA,NA,NA,NA,NA,NA,NA,0
"df_sp58","Dearborn","Commercial Vacant","Countywide",0.15,0.58,0.93,60.22,73.08,1.97,0,7
"2.5%107","Dearborn","Commercial Improved","Countywide",0.78,0.85,0.94,24.34,33.07,1.12,0,31
"2.5%108","Dearborn","Residential Vacant","Countywide",0.81,0.88,0.92,29.3,42.31,1.22,0,85
"2.5%109","Dearborn","Residential Improved","Countywide",0.88,0.89,0.91,18.51,29.48,1.06,0,595
"2.5%110","Dearborn","Residential Improved","Caesar Creek",0.81,0.89,0.92,19.47,35.71,1.05,0,38
"2.5%111","Dearborn","Residential Improved","Hogan",0.84,0.91,0.93,16.93,28.35,1.07,0,38
"2.5%112","Dearborn","Residential Improved","Center",0.88,0.91,0.97,21.06,33.34,1.09,0,67
"2.5%113","Dearborn","Residential Improved","Harrison",0.81,0.88,0.92,17.08,24.11,1.07,0,41
"df_sp59","Dearborn","Residential Improved","Jackson",0.63,0.74,0.93,21.71,23.57,1.07,0,15
"df_sp60","Dearborn","Residential Improved","Kelso",0.74,0.88,1.05,17.16,22.04,1.06,0,14
"2.5%114","Dearborn","Residential Improved","Lawrenceburg",0.86,0.89,0.92,17.49,25.13,1.04,0,173
"2.5%115","Dearborn","Residential Improved","Logan",0.77,0.84,0.96,18.95,25.49,1.04,0,26
"2.5%116","Dearborn","Residential Improved","Miller",0.87,0.9,0.92,14.12,20.01,1.03,0,163
"df_sp61","Dearborn","Residential Improved","Sparta",0.65,0.82,1.5,65.48,63.76,1.32,0,16
"150","Dearborn","Residential Improved","York",NA,NA,NA,NA,NA,NA,NA,4
"151","Decatur","Industrial Vacant","Countywide",NA,NA,NA,NA,NA,NA,NA,0
"152","Decatur","Industrial Improved","Countywide",NA,NA,NA,NA,NA,NA,NA,0
"153","Decatur","Commercial Vacant","Countywide",NA,NA,NA,NA,NA,NA,NA,0
"2.5%117","Decatur","Commercial Improved","Countywide",0.8,0.91,0.98025,19.7,23.46,0.99,0,45
"2.5%118","Decatur","Residential Vacant","Countywide",0.49,0.64,0.79,51.77,62.24,0.96,0,42
"2.5%119","Decatur","Residential Improved","Countywide",0.94,0.95,0.96,14.21,23.26,1.03,0,677
"2.5%120","Decatur","Residential Improved","Adams",0.85,0.94,1.01025,16.24,20.23,1.03,0,34
"df_sp62","Decatur","Residential Improved","Clay",0.8,0.92,1.11,16.1,18.01,1,0,14
"df_sp63","Decatur","Residential Improved","Clinton",0.77,0.93,0.97,17.39,23.78,1.06,0,13
"2.5%121","Decatur","Residential Improved","Fugit",0.91,0.96,1.01025,14.2,18.29,1,0,73
"2.5%122","Decatur","Residential Improved","Marion",0.9,0.98,1.04,16.68,23.04,1.03,0,20
"df_sp64","Decatur","Residential Improved","Saltcreek",0.86,0.99,1.06,14.67,18.36,1.04,0,15
"2.5%123","Decatur","Residential Improved","Sandcreek",0.92,0.95,0.99,11.44,15.68,1,0,59
"2.5%124","Decatur","Residential Improved","Washington",0.94,0.95,0.96,14.11,25.25,1.04,0,449
"154","Dekalb","Industrial Vacant","Countywide",NA,NA,NA,NA,NA,NA,NA,0
"155","Dekalb","Industrial Improved","Countywide",NA,NA,NA,NA,NA,NA,NA,0
"156","Dekalb","Commercial Vacant","Countywide",NA,NA,NA,NA,NA,NA,NA,0
"df_sp65","Dekalb","Commercial Improved","Countywide",0.4,0.75,0.99,26.34,39.03,0.87,0,8
"157","Dekalb","Commercial Improved","Union",NA,NA,NA,NA,NA,NA,NA,2
"df_sp66","Dekalb","Commercial Improved","Butler",0.72,0.8,0.99,18.55,27.88,0.95,0,6
"df_sp67","Dekalb","Residential Vacant","Countywide",0.34,0.98,1.08,36.51,61.99,1.31,0,18
"158","Dekalb","Residential Vacant","Keyser",NA,NA,NA,NA,NA,NA,NA,2
"df_sp68","Dekalb","Residential Vacant","Union",1.07,1.08,1.16,4.81,6.2,0.98,0,7
"df_sp69","Dekalb","Residential Vacant","Butler",0.2,0.87,0.96,43.8,71.67,1.36,0,9
"2.5%125","Dekalb","Residential Improved","Countywide",0.98,0.99,1,13.72,37.47,1.04,0,481
"2.5%126","Dekalb","Residential Improved","Butler",0.97,1,1.02025,8.09,11.87,1,0,56
"2.5%127","Dekalb","Residential Improved","Concord",0.91,0.95,1.03,12.25,17.44,1.03,0,22
"df_sp70","Dekalb","Residential Improved","Fairfield",0.88,1,1.09,11.4,14,1.03,0,16
"2.5%128","Dekalb","Residential Improved","Franklin",0.94,0.98,1.01,11.13,15.19,1.02,0,49
"2.5%129","Dekalb","Residential Improved","Grant",0.94,1.02,1.07,21.49,65.63,1.11,0,45
"2.5%130","Dekalb","Residential Improved","Keyser",0.96,0.99,1.01,10.78,16.05,1.02,0,112
"2.5%131","Dekalb","Residential Improved","Union",0.97,0.99,1.01,16.21,45.45,1.05,0,181
"159","Delaware","Industrial Vacant","Countywide",NA,NA,NA,NA,NA,NA,NA,0
"160","Delaware","Industrial Improved","Countywide",NA,NA,NA,NA,NA,NA,NA,0
"161","Delaware","Commercial Vacant","Countywide",NA,NA,NA,NA,NA,NA,NA,0
"2.5%132","Delaware","Commercial Improved","Countywide",0.49,0.63,0.85,49.1,59.43,1.42,0,37
"2.5%133","Delaware","Commercial Improved","Center",0.5,0.66,0.85,46.76,58.98,1.65,0,29
"162","Delaware","Commercial Improved","Mt. Pleasant",NA,NA,NA,NA,NA,NA,NA,2
"df_sp71","Delaware","Commercial Improved","Delaware",0.25,0.57,1.08,63.64,72.42,0.87,0,6
"df_sp72","Delaware","Residential Vacant","Countywide",0.06,0.1,0.14,69.56,83.4,1.54,0,12
"df_sp73","Delaware","Residential Vacant","Center",0.06,0.09,0.14,42.83,47.78,1.09,0,7
"163","Delaware","Residential Vacant","Mt. Pleasant",NA,NA,NA,NA,NA,NA,NA,1
"164","Delaware","Residential Vacant","Delaware",NA,NA,NA,NA,NA,NA,NA,4
"2.5%134","Delaware","Residential Improved","Countywide",0.87,0.89,0.9,24.32,33.84,1.21,0,1337
"2.5%135","Delaware","Residential Improved","Center",0.87,0.9,0.91,26.88,37.49,1.42,0,826
"2.5%136","Delaware","Residential Improved","Delaware",0.77,0.84,0.98,28.25,37.3,1.08,0,28
"2.5%137","Delaware","Residential Improved","Hamilton",0.82,0.87,0.91,17.85,22.33,1.02,0,112
"2.5%138","Delaware","Residential Improved","Harrison",0.8,0.87,0.99,23.07,31.43,1.05,0,22
"2.5%139","Delaware","Residential Improved","Liberty",0.8,0.88,0.96,22.95,33.22,1.07,0,38
"2.5%140","Delaware","Residential Improved","Monroe",0.73,0.87,0.91,16.92,22.59,1.01,0,32
"2.5%141","Delaware","Residential Improved","Mt. Pleasant",0.81,0.86,0.91,20.06,26.82,1.01,0,175
"df_sp74","Delaware","Residential Improved","Niles",0.78,0.91,1.03,21.9,32.16,1.07,0,14
"df_sp75","Delaware","Residential Improved","Perry",0.78,0.91,1.13,16.19,22.92,1.07,0,8
"2.5%142","Delaware","Residential Improved","Salem",0.81,0.9,0.95,19.66,28.18,1.03,0,48
"2.5%143","Delaware","Residential Improved","Union",0.93,0.99,1.12,15.23,19.28,1.03,0,27
"df_sp76","Delaware","Residential Improved","Washington",0.82,0.95,1.07,13.58,18.19,1.02,0,6
"165","Dubois","Industrial Vacant","Countywide",NA,NA,NA,NA,NA,NA,NA,0
"166","Dubois","Industrial Improved","Countywide",NA,NA,NA,NA,NA,NA,NA,0
"167","Dubois","Commercial Vacant","Countywide",NA,NA,NA,NA,NA,NA,NA,0
"df_sp77","Dubois","Commercial Improved","Countywide",0.85,0.94,1,14.93,22.65,1.1,0,15
"df_sp78","Dubois","Commercial Improved","Bainbridge",0.78,1,1.13,19.16,31.67,1.15,0,7
"df_sp79","Dubois","Commercial Improved","Boone",0.78,0.91,0.98,9.1,12.31,1.03,0,8
"2.5%144","Dubois","Residential Vacant","Countywide",0.79,0.89,0.94,25.44,43.6,1.05,0,31
"df_sp80","Dubois","Residential Vacant","Bainbridge",0.79,0.88,0.97,9.86,14.35,0.96,0,7
"df_sp81","Dubois","Residential Vacant","Cass",0.89,0.94,0.97,14.16,32.98,1,0,10
"df_sp82","Dubois","Residential Vacant","Columbia",0.35,0.63,0.95,49.9,61.69,1.42,0,14
"2.5%145","Dubois","Residential Improved","Countywide",0.9,0.91,0.92,12.8,26.89,1.04,0,394
"2.5%146","Dubois","Residential Improved","Bainbridge",0.9,0.91,0.93,12.36,21.01,1.03,0,195
"2.5%147","Dubois","Residential Improved","Boone",0.86,0.91,0.95,18.49,54.27,1.11,0,29
"df_sp83","Dubois","Residential Improved","Cass",0.85,0.91,1.01,12.25,16.36,1,0,13
"2.5%148","Dubois","Residential Improved","Columbia",0.87,0.9,0.93,8.59,12.42,1.03,0,38
"df_sp84","Dubois","Residential Improved","Jackson",0.83,0.9,0.94,7.76,9.89,1,0,16
"2.5%149","Dubois","Residential Improved","Patoka",0.89,0.92,0.96,16.1,33.98,1.07,0,75
"2.5%150","Dubois","Residential Improved","Ferdinand",0.86,0.91,0.94,9.65,12.73,1,0,28
"168","Elkhart","Industrial Vacant","Countywide",NA,NA,NA,NA,NA,NA,NA,0
"2.5%151","Elkhart","Industrial Improved","Countywide",0.83,0.89,0.94,21.77,29.3,1.11,0,47
"169","Elkhart","Commercial Vacant","Countywide",NA,NA,NA,NA,NA,NA,NA,0
"2.5%152","Elkhart","Commercial Improved","Countywide",0.82,0.92,0.97025,23.34,31.55,1.03,0,58
"2.5%153","Elkhart","Residential Vacant","Countywide",0.49,0.73,0.85,47.05,63.6,1.65,0,72
"2.5%154","Elkhart","Residential Improved","Countywide",0.96,0.97,0.97,16.32,25.12,1.03,0,2249
"2.5%155","Elkhart","Residential Improved","Baugo",0.95,0.98,1.01,18.95,31.52,1.05,0,140
"2.5%156","Elkhart","Residential Improved","Cleveland",0.95,0.98,1.02,16.37,25.76,1.04,0,160
"2.5%157","Elkhart","Residential Improved","Locke",0.89,0.96,1.07,17.97,25.03,1.01,0,40
"2.5%158","Elkhart","Residential Improved","Concord",0.92,0.94,0.96,18.26,27.07,1.04,0,510
"2.5%159","Elkhart","Residential Improved","Elkhart",0.96,0.97,0.98,15.58,23.85,1.03,0,372
"2.5%160","Elkhart","Residential Improved","York",0.93,0.98,1.03,14.06,19.18,1.01,0,40
"2.5%161","Elkhart","Residential Improved","Jefferson",0.96,0.98,1,12.68,21.92,1.03,0,108
"2.5%162","Elkhart","Residential Improved","Middlebury",0.94,0.96,0.98,14.15,21.75,1.01,0,97
"2.5%163","Elkhart","Residential Improved","Olive",0.92,0.95,1.00025,11.81,18.86,1.02,0,34
"2.5%164","Elkhart","Residential Improved","Osolo",0.96,0.97,0.99,16.44,24.32,1.04,0,412
"2.5%165","Elkhart","Residential Improved","Union",0.93,0.95,0.99,12.09,17.16,1.01,0,77
"2.5%166","Elkhart","Residential Improved","Benton",0.93,0.97,1.03,16.8,25.72,1.06,0,27
"2.5%167","Elkhart","Residential Improved","Clinton",0.85,0.93,1.01,19.38,29.95,1.05,0,25
"df_sp85","Elkhart","Residential Improved","Harrison",0.89,0.94,0.98,14.06,20.71,1.04,0,19
"2.5%168","Elkhart","Residential Improved","Jackson",0.92,0.96,1,16.54,26.5,1.03,0,81
"2.5%169","Elkhart","Residential Improved","Washington",0.94,0.98,1,14.86,23.43,1.02,0,107
"170","Fayette","Industrial Vacant","Countywide",NA,NA,NA,NA,NA,NA,NA,0
"171","Fayette","Industrial Improved","Countywide",NA,NA,NA,NA,NA,NA,NA,0
"172","Fayette","Commercial Vacant","Countywide",NA,NA,NA,NA,NA,NA,NA,0
"2.5%170","Fayette","Commercial Improved","Countywide",0.86,0.92,1.06,20.9,25.51,1.08,0,40
"df_sp86","Fayette","Residential Vacant","Countywide",0.55,1.09,1.23,25.09,37.27,1.24,0,13
"2.5%171","Fayette","Residential Improved","Countywide",0.91,0.93,0.95,15.39,20.23,1.03,0,514
"2.5%172","Fayette","Residential Improved","Columbia",0.83,0.94,0.98,16.82,24.66,1.05,0,29
"2.5%173","Fayette","Residential Improved","Jackson",0.87,0.93,0.96,12.42,16.58,1.02,0,42
"2.5%174","Fayette","Residential Improved","Connersville",0.91,0.92,0.95,15.59,20.78,1.03,0,295
"2.5%175","Fayette","Residential Improved","Harrison",0.91,0.93,0.97,15.5,19.2,1.03,0,148
"173","Fountain","Industrial Vacant","Countywide",NA,NA,NA,NA,NA,NA,NA,0
"174","Fountain","Industrial Improved","Countywide",NA,NA,NA,NA,NA,NA,NA,0
"175","Fountain","Commercial Vacant","Countywide",NA,NA,NA,NA,NA,NA,NA,0
"2.5%176","Fountain","Commercial Improved","Countywide",0.74,0.93,1,18.44,23.07,0.98,0,24
"2.5%177","Fountain","Residential Vacant","Countywide",0.69,0.73,0.94,29.29,33.39,1.01,0,36
"2.5%178","Fountain","Residential Improved","Countywide",0.9,0.91,0.93,13.85,17.27,1.01,0,410
"2.5%179","Fountain","Residential Improved","Cain",0.81,0.93,1.03,14.46,18,0.98,0,22
"df_sp87","Fountain","Residential Improved","Davis",0.79,1.05,1.1,12.96,19.66,0.99,0,11
"2.5%180","Fountain","Residential Improved","Logan",0.85,0.91,0.94,14.54,17.97,1.01,0,82
"2.5%181","Fountain","Residential Improved","Richland",0.78975,0.92,0.95,15.56,19.72,1,0,23
"df_sp88","Fountain","Residential Improved","Shawnee",0.88,0.93,1.07,14.43,18.46,1.03,0,13
"2.5%182","Fountain","Residential Improved","Troy",0.89,0.91,0.93,12.32,16.19,1.01,0,139
"2.5%183","Fountain","Residential Improved","Van Buren",0.81,0.89,0.95,14.55,17.35,1.02,0,59
"2.5%184","Fountain","Residential Improved","Millcreek",0.89,0.92,0.98,13.46,16.93,1.01,0,61
"176","Franklin","Industrial Vacant","Countywide",NA,NA,NA,NA,NA,NA,NA,0
"177","Franklin","Industrial Improved","Countywide",NA,NA,NA,NA,NA,NA,NA,0
"178","Franklin","Commercial Vacant","Countywide",NA,NA,NA,NA,NA,NA,NA,0
"df_sp89","Franklin","Commercial Improved","Countywide",0.4,0.68,0.83,24.45,32.15,0.94,0,7
"df_sp90","Franklin","Residential Vacant","Countywide",0.01,0.19,0.35,159.19,143.14,3.39,0,19
"2.5%185","Franklin","Residential Improved","Countywide",0.91975,0.95,0.98,13.44,21.31,1.02,0,106
"2.5%186","Franklin","Residential Improved","Brookville",0.9,0.91,0.97,14.77,20.62,1.02,0,40
"2.5%187","Franklin","Residential Improved","Ray",0.95,0.98,1.02,8,11.68,1,0,31
"2.5%188","Franklin","Residential Improved","Bath",0.89,0.92,0.95,7.87,10.72,1,0,24
"df_sp91","Franklin","Residential Improved","Blooming Grove",0.73,0.99,1.47,29.51,42.17,1.14,0,8
"179","Fulton","Industrial Vacant","Countywide",NA,NA,NA,NA,NA,NA,NA,0
"df_sp92","Fulton","Industrial Improved","Countywide",0.88,0.95,1.09,16.28,21.61,1.02,0,6
"180","Fulton","Commercial Vacant","Countywide",NA,NA,NA,NA,NA,NA,NA,0
"2.5%189","Fulton","Commercial Improved","Countywide",0.84,0.91,0.96,29.66,55.41,1.07,0,37
"2.5%190","Fulton","Residential Vacant","Countywide",0.65,0.8,0.89,22.66,28.91,1.08,0,39
"2.5%191","Fulton","Residential Improved","Countywide",0.92,0.94,0.95,16.94,28.96,1.03,0,545
"2.5%192","Fulton","Residential Improved","Aubbeenaubbee",0.85,0.92,0.95,18.05,29.89,1.05,0,31
"2.5%193","Fulton","Residential Improved","Henry",0.88,0.95,0.97,14.85,23.41,1.05,0,61
"2.5%194","Fulton","Residential Improved","Liberty",0.92,0.96,1.03,25.57,49.89,1.07,0,51
"df_sp93","Fulton","Residential Improved","Newcastle",0.78,0.96,1.06,15.05,19.25,1.02,0,18
"2.5%195","Fulton","Residential Improved","Richland",0.88,0.96,1.06,25.43,50.29,1.14,0,26
"2.5%196","Fulton","Residential Improved","Rochester",0.9,0.93,0.94,15.37,20.34,1.01,0,327
"2.5%197","Fulton","Residential Improved","Union",0.83,0.96,1.03,14.7,18.27,1.02,0,31
"181","Gibson","Industrial Vacant","Countywide",NA,NA,NA,NA,NA,NA,NA,0
"182","Gibson","Industrial Improved","Countywide",NA,NA,NA,NA,NA,NA,NA,0
"183","Gibson","Commercial Vacant","Countywide",NA,NA,NA,NA,NA,NA,NA,0
"2.5%198","Gibson","Commercial Improved","Countywide",0.91,0.93,0.9605,6.99,11.23,0.98,0,25
"184","Gibson","Residential Vacant","Countywide",NA,NA,NA,NA,NA,NA,NA,0
"2.5%199","Gibson","Residential Improved","Countywide",0.87,0.9,0.91,12.74,16.04,1.01,0,285
"2.5%200","Gibson","Residential Improved","Barton",0.78,0.9,0.9,10.62,13.76,1.02,0,21
"2.5%201","Gibson","Residential Improved","Columbia",0.79,0.9,0.92,14.48,17.95,1,0,37
"2.5%202","Gibson","Residential Improved","Johnson",0.8,0.9,0.95,13.26,16.31,1.02,0,33
"2.5%203","Gibson","Residential Improved","Montgomery",0.85,0.9,0.94,9.62,11.93,1.03,0,36
"2.5%204","Gibson","Residential Improved","Patoka",0.86,0.92,0.94,13.68,17.17,1,0,115
"2.5%205","Gibson","Residential Improved","Union",0.8,0.9,0.92,11.13,14.62,1.02,0,43
"185","Grant","Industrial Vacant","Countywide",NA,NA,NA,NA,NA,NA,NA,0
"186","Grant","Industrial Improved","Countywide",NA,NA,NA,NA,NA,NA,NA,0
"187","Grant","Commercial Vacant","Countywide",NA,NA,NA,NA,NA,NA,NA,0
"188","Grant","Commercial Improved","Countywide",NA,NA,NA,NA,NA,NA,NA,0
"189","Grant","Residential Vacant","Countywide",NA,NA,NA,NA,NA,NA,NA,0
"2.5%206","Grant","Residential Improved","Countywide",0.94,0.95,0.96,15.67,26.96,1.05,0,614
"2.5%207","Grant","Residential Improved","Jefferson",0.91,0.98,1,17.01,26.32,1.07,0,49
"2.5%208","Grant","Residential Improved","Center",0.92,0.95,0.96,20.07,30.4,1.08,0,176
"2.5%209","Grant","Residential Improved","Fairmount",0.94,0.97,1,7.75,10.29,1.01,0,37
"2.5%210","Grant","Residential Improved","Franklin",0.92,0.96,0.98,16.42,31.77,1.06,0,67
"2.5%211","Grant","Residential Improved","Mill",0.93,0.94,0.96,14.46,26.46,1.05,0,137
"2.5%212","Grant","Residential Improved","Pleasant",0.94,0.96,1.02,11.15,16.56,1.01,0,87
"2.5%213","Grant","Residential Improved","Sims",0.88,0.93,0.96,7.86,10.57,1.01,0,21
"df_sp94","Grant","Residential Improved","Van Buren",0.71,0.86,1.11,33.73,52.3,1.23,0,11
"2.5%214","Grant","Residential Improved","Washington",0.88,0.92,0.97,12.21,27,1.01,0,26
"190","Greene","Industrial Vacant","Countywide",NA,NA,NA,NA,NA,NA,NA,0
"191","Greene","Industrial Improved","Countywide",NA,NA,NA,NA,NA,NA,NA,0
"192","Greene","Commercial Vacant","Countywide",NA,NA,NA,NA,NA,NA,NA,0
"df_sp95","Greene","Commercial Improved","Countywide",0.27,0.9,0.98,35.62,55.82,2.2,0,16
"df_sp96","Greene","Residential Vacant","Countywide",0.73,0.91,1.01,16.62,22.57,1.1,0,14
"2.5%215","Greene","Residential Improved","Countywide",0.9,0.92,0.95,10.76,14.28,1.03,0,191
"2.5%216","Greene","Residential Improved","Beech Creek",0.9,0.93,0.98,8.86,11.09,1.03,0,42
"df_sp97","Greene","Residential Improved","Cass",0.86,0.94,1.03,9.57,12.77,0.99,0,11
"2.5%217","Greene","Residential Improved","Fairplay",0.87,0.9,0.95,12.52,16.67,1.04,0,74
"2.5%218","Greene","Residential Improved","Highland",0.9,0.95,0.99,9.62,12.95,1.02,0,38
"2.5%219","Greene","Residential Improved","Richland",0.83,0.88,0.94,10.75,13.48,1.02,0,26
"193","Huntington","Industrial Vacant","Countywide",NA,NA,NA,NA,NA,NA,NA,0
"194","Huntington","Industrial Improved","Countywide",NA,NA,NA,NA,NA,NA,NA,0
"195","Huntington","Commercial Vacant","Countywide",NA,NA,NA,NA,NA,NA,NA,0
"2.5%220","Huntington","Commercial Improved","Countywide",0.7495,0.89,0.96,23.54,31.66,1.17,0,33
"2.5%221","Huntington","Residential Vacant","Countywide",0.02,0.16,0.81,270.99,104.31,1.62,0,42
"2.5%222","Huntington","Residential Improved","Countywide",0.91,0.92,0.94,19.96,32.45,1.07,0,899
"df_sp98","Huntington","Residential Improved","Jefferson",0.88,0.92,0.96,18.05,32.19,1.07,0,12
"df_sp99","Huntington","Residential Improved","Warren",0.81,0.93,1,20.27,33.06,1.05,0,17
"2.5%223","Huntington","Residential Improved","Clear Creek",0.88,0.92,0.97,11.95,18.17,1.03,0,21
"2.5%224","Huntington","Residential Improved","Dallas",0.88,0.91,0.99,17.09,26.45,1.12,0,31
"2.5%225","Huntington","Residential Improved","Huntington",0.91,0.92,0.93,22.5,35.33,1.1,0,603
"2.5%226","Huntington","Residential Improved","Jackson",0.93,0.96,0.97,13.46,24.17,1.01,0,129
"df_sp100","Huntington","Residential Improved","Lancaster",0.89,0.93,0.95,8.11,12.38,1,0,16
"df_sp101","Huntington","Residential Improved","Rock Creek",0.82,0.9,0.99,19.7,27.76,1.01,0,15
"2.5%227","Huntington","Residential Improved","Salamonie",0.89,0.94,1.02,17.17,26.56,1.06,0,41
"df_sp102","Huntington","Residential Improved","Union",0.89,0.94,0.98,6.88,10.02,1.01,0,13
"196","Jackson","Industrial Vacant","Countywide",NA,NA,NA,NA,NA,NA,NA,0
"197","Jackson","Industrial Improved","Countywide",NA,NA,NA,NA,NA,NA,NA,0
"198","Jackson","Commercial Vacant","Countywide",NA,NA,NA,NA,NA,NA,NA,0
"df_sp103","Jackson","Commercial Improved","Countywide",0.7,0.87,0.95,25.04,38.03,1.26,0,12
"2.5%228","Jackson","Residential Vacant","Countywide",0.34,0.61,0.78,54.56,67.3,1.18,0,44
"2.5%229","Jackson","Residential Improved","Countywide",0.91,0.91,0.92,12.39,23.55,1.03,0,538
"2.5%230","Jackson","Residential Improved","Brownstown",0.88,0.91,0.94,17.59,34.46,1.07,0,70
"df_sp104","Jackson","Residential Improved","Carr",0.85,0.92,0.95,8.69,12.05,1.03,0,10
"df_sp105","Jackson","Residential Improved","Owen",0.73,0.93,0.95,8.29,13.07,0.99,0,7
"2.5%231","Jackson","Residential Improved","Jackson",0.9,0.91,0.92,11.48,21.16,1.02,0,329
"199","Jackson","Residential Improved","Pershing",NA,NA,NA,NA,NA,NA,NA,4
"2.5%232","Jackson","Residential Improved","Redding",0.9,0.92,0.95,10.84,19.42,1.02,0,73
"2.5%233","Jackson","Residential Improved","Vernon",0.88,0.91,0.96,17.24,30.53,1.08,0,31
"df_sp106","Jackson","Residential Improved","Washington",0.83,0.93,0.98,7.32,8.99,1,0,14
"1100","Jasper","Industrial Vacant","Countywide",NA,NA,NA,NA,NA,NA,NA,0
"1101","Jasper","Industrial Improved","Countywide",NA,NA,NA,NA,NA,NA,NA,0
"1102","Jasper","Commercial Vacant","Countywide",NA,NA,NA,NA,NA,NA,NA,0
"2.5%234","Jasper","Commercial Improved","Countywide",0.86,0.92,0.95,15.52,25.19,1.5,0,32
"df_sp107","Jasper","Commercial Improved","Keener",0.56,0.89,0.92,17.89,31.14,1.15,0,6
"df_sp108","Jasper","Commercial Improved","Marion",0.89,0.95,1,13.81,24.65,1.84,0,19
"df_sp109","Jasper","Commercial Improved","Barkley",0.65,0.81,0.93,14.57,19.05,1.04,0,7
"2.5%235","Jasper","Residential Vacant","Countywide",0.86,0.93,0.93,19.85,34.29,1.04,0,81
"2.5%236","Jasper","Residential Vacant","Keener",0.86,0.93,0.93,13.79,27.45,1.04,0,38
"df_sp110","Jasper","Residential Vacant","Marion",0.78,0.95,1.75,45.03,52.01,0.93,0,6
"1103","Jasper","Residential Vacant","Newton",NA,NA,NA,NA,NA,NA,NA,3
"1104","Jasper","Residential Vacant","Union",NA,NA,NA,NA,NA,NA,NA,1
"df_sp111","Jasper","Residential Vacant","Walker",0.84,0.93,0.95,13.65,26.79,0.96,0,17
"df_sp112","Jasper","Residential Vacant","Wheatfield",0.77,0.95,1.05,20.07,39.2,1.07,0,8
"df_sp113","Jasper","Residential Vacant","Barkley",0.43,0.6,1.07,41.65,45.88,1.19,0,8
"2.5%237","Jasper","Residential Improved","Countywide",0.96,0.96,0.97,10.6,17.86,1.02,0,802
"2.5%238","Jasper","Residential Improved","Carpenter",0.87,0.96,1.01,14.32,18.22,1.02,0,51
"df_sp114","Jasper","Residential Improved","Kankakee",0.87,0.95,1,12.96,18.66,1.03,0,16
"2.5%239","Jasper","Residential Improved","Keener",0.96,0.96,0.98,8.38,14.9,1.01,0,287
"2.5%240","Jasper","Residential Improved","Marion",0.94,0.97,0.99,12.88,22.34,1.05,0,202
"df_sp115","Jasper","Residential Improved","Jordan",0.92,0.97,1.02,10.45,13.64,1.05,0,17
"df_sp116","Jasper","Residential Improved","Newton",0.84,0.92,0.95,9.52,11.37,1.03,0,16
"2.5%241","Jasper","Residential Improved","Union",0.83,0.95,1.03,14.15,20.37,1.04,0,20
"2.5%242","Jasper","Residential Improved","Walker",0.92,0.96,0.98,10.14,14.07,1,0,95
"2.5%243","Jasper","Residential Improved","Wheatfield",0.95,0.97,0.99,9.82,18.58,1.02,0,98
"1105","Jay","Industrial Vacant","Countywide",NA,NA,NA,NA,NA,NA,NA,0
"1106","Jay","Industrial Improved","Countywide",NA,NA,NA,NA,NA,NA,NA,0
"1107","Jay","Commercial Vacant","Countywide",NA,NA,NA,NA,NA,NA,NA,0
"df_sp117","Jay","Commercial Improved","Countywide",0.81,0.93,1,31.76,49.17,2.42,0,15
"1108","Jay","Residential Vacant","Countywide",NA,NA,NA,NA,NA,NA,NA,0
"2.5%244","Jay","Residential Improved","Countywide",0.92,0.94,0.96,14.61,19.63,1.05,0,345
"2.5%245","Jay","Residential Improved","Jefferson",0.84,0.94,0.96,12.97,21.7,1.02,0,26
"df_sp118","Jay","Residential Improved","Bearcreek",0.88,0.95,1.02,14.29,21.83,1.17,0,18
"df_sp119","Jay","Residential Improved","Knox",0.87,0.95,1.04,15.55,27.03,1.15,0,16
"df_sp120","Jay","Residential Improved","Greene",0.83,0.87,1.03,16.88,20.47,1.05,0,18
"2.5%246","Jay","Residential Improved","Richland",0.87,0.92,0.99,16.13,19.15,1.05,0,74
"2.5%247","Jay","Residential Improved","Wayne",0.92,0.94,0.97,13.6,17.29,1.03,0,192
"1109","Jefferson","Industrial Vacant","Countywide",NA,NA,NA,NA,NA,NA,NA,0
"1110","Jefferson","Industrial Improved","Countywide",NA,NA,NA,NA,NA,NA,NA,0
"1111","Jefferson","Commercial Vacant","Countywide",NA,NA,NA,NA,NA,NA,NA,0
"df_sp121","Jefferson","Commercial Improved","Countywide",0.84,0.91,0.96,19.56,28.74,0.97,0,17
"2.5%248","Jefferson","Residential Vacant","Countywide",0.19,0.31,0.6,97.23,83.92,1.07,0,38
"2.5%249","Jefferson","Residential Improved","Countywide",0.85,0.87,0.9,18.6,26.76,1.05,0,368
"df_sp122","Jefferson","Residential Improved","Lancaster",0.54,0.69,0.88,28.61,31.88,1.14,0,12
"df_sp123","Jefferson","Residential Improved","Milton",0.84,0.92,1.01,17.25,26.45,1.12,0,13
"df_sp124","Jefferson","Residential Improved","Republican",0.84,0.94,1.01,21.27,37.04,1.33,0,14
"df_sp125","Jefferson","Residential Improved","Graham",0.85,0.89,0.97,15.33,23.7,1.15,0,6
"2.5%250","Jefferson","Residential Improved","Hanover",0.85,0.9,0.93,16.9,26.92,1.03,0,74
"2.5%251","Jefferson","Residential Improved","Madison",0.84,0.86,0.9,17.99,24.66,1.04,0,244
"df_sp126","Jefferson","Residential Improved","Saluda",0.27,0.56,1.24,50.47,62.02,1.18,0,5
"1112","Jennings","Industrial Vacant","Countywide",NA,NA,NA,NA,NA,NA,NA,0
"1113","Jennings","Industrial Improved","Countywide",NA,NA,NA,NA,NA,NA,NA,0
"1114","Jennings","Commercial Vacant","Countywide",NA,NA,NA,NA,NA,NA,NA,0
"df_sp127","Jennings","Commercial Improved","Countywide",0.8,0.94,0.96,25.82,40.21,1.15,0,12
"2.5%252","Jennings","Residential Vacant","Countywide",0.33,0.47,0.57,60.25,66.51,1.53,0,41
"2.5%253","Jennings","Residential Improved","Countywide",0.89,0.92,0.94,15.18,21.56,1.04,0,245
"2.5%254","Jennings","Residential Improved","Bigger",0.84,0.92,0.97,15.54,20.26,1.03,0,41
"1115","Jennings","Residential Improved","Columbia",NA,NA,NA,NA,NA,NA,NA,3
"df_sp128","Jennings","Residential Improved","Campbell",0.86,0.94,1.08,26.21,40.74,1.13,0,6
"2.5%255","Jennings","Residential Improved","Center",0.88,0.93,0.95,16.1,21.8,1.03,0,92
"2.5%256","Jennings","Residential Improved","Geneva",0.88,0.92,0.94,15.7,23.15,1.05,0,64
"1116","Jennings","Residential Improved","Lovett",NA,NA,NA,NA,NA,NA,NA,3
"df_sp129","Jennings","Residential Improved","Montgomery",0.84,0.92,0.96,9.4,13.86,1.03,0,13
"2.5%257","Jennings","Residential Improved","Spencer",0.83,0.9,0.95,9.81,12.16,1.02,0,23
"1117","Johnson","Industrial Vacant","Countywide",NA,NA,NA,NA,NA,NA,NA,0
"1118","Johnson","Industrial Improved","Countywide",NA,NA,NA,NA,NA,NA,NA,0
"1119","Johnson","Commercial Vacant","Countywide",NA,NA,NA,NA,NA,NA,NA,0
"2.5%258","Johnson","Commercial Improved","Countywide",0.84,0.87,0.94,14.04,20,0.97,0,29
"2.5%259","Johnson","Residential Vacant","Countywide",0.02,0.68,0.84,59.69,83.83,1.1,0,40
"df_sp130","Johnson","Residential Vacant","Blue River",0.75,0.97,1.12,32.57,59.47,1.63,0,9
"df_sp131","Johnson","Residential Vacant","Needham",0.01,0.01,0.82,3425.42,181.45,1.12,0,8
"2.5%260","Johnson","Residential Vacant","White River",0.02,0.68,0.93,52.9,75.47,1.04,0,23
"2.5%261","Johnson","Residential Improved","Countywide",0.93,0.93,0.94,9.44,16.43,1.02,0,1509
"2.5%262","Johnson","Residential Improved","Blue River",0.85,0.97,1.05,17.78,28.14,1.06,0,27
"df_sp132","Johnson","Residential Improved","Clark",0.87,0.96,1.03,22.84,46.13,1.2,0,11
"2.5%263","Johnson","Residential Improved","Franklin",0.91,0.92,0.94,10.59,17.04,1.01,0,178
"2.5%264","Johnson","Residential Improved","Hensley",0.88,0.92,0.96,8.38,13,0.99,0,37
"2.5%265","Johnson","Residential Improved","Needham",0.90975,0.93,0.96,11.83,21.16,1.03,0,89
"2.5%266","Johnson","Residential Improved","Nineveh",0.89,0.92,0.95,14.51,27.32,1.05,0,39
"2.5%267","Johnson","Residential Improved","Pleasant",0.93,0.94,0.95,9.26,16.45,1.01,0,573
"df_sp133","Johnson","Residential Improved","Union",0.87,0.92,0.96,7.1,10.99,1.01,0,14
"2.5%268","Johnson","Residential Improved","White River",0.93,0.94,0.94,7.79,11.53,1.01,0,541
"1120","Knox","Industrial Vacant","Countywide",NA,NA,NA,NA,NA,NA,NA,0
"1121","Knox","Industrial Improved","Countywide",NA,NA,NA,NA,NA,NA,NA,0
"1122","Knox","Commercial Vacant","Countywide",NA,NA,NA,NA,NA,NA,NA,0
"df_sp134","Knox","Commercial Improved","Countywide",0.95,0.97,1.02,5.21,6.9,1.02,0,19
"df_sp135","Knox","Commercial Improved","Busseron",0.86,0.95,0.98,4.46,5.96,0.98,0,5
"df_sp136","Knox","Commercial Improved","Vincennes",0.95,1,1.02,4.98,6.83,1.04,0,14
"df_sp137","Knox","Residential Vacant","Countywide",0.15,0.69,0.95,57.22,74.06,0.88,0,17
"1123","Knox","Residential Vacant","Busseron",NA,NA,NA,NA,NA,NA,NA,2
"df_sp138","Knox","Residential Vacant","Vincennes",0.15,0.69,0.96,58.09,73.5,0.9,0,15
"2.5%269","Knox","Residential Improved","Countywide",0.9,0.91,0.94,16.55,24.58,1.03,0,313
"df_sp139","Knox","Residential Improved","Busseron",0.89,0.92,1.21,21.56,27.56,1.01,0,12
"df_sp140","Knox","Residential Improved","Decker",0.5,0.93,1.14,17.76,27.42,1.16,0,5
"df_sp141","Knox","Residential Improved","Harrison",0.8,0.98,1.01,13.36,19.12,1.03,0,12
"2.5%270","Knox","Residential Improved","Palmyra",0.85,0.98,1,12.43,18.18,0.99,0,20
"df_sp142","Knox","Residential Improved","Steen",0.75,0.87,1.01,15.12,18.5,1.01,0,13
"2.5%271","Knox","Residential Improved","Vigo",0.82,0.89,0.97,20.74,30.84,1.12,0,32
"2.5%272","Knox","Residential Improved","Vincennes",0.89,0.91,0.94,16.42,25.33,1.02,0,202
"df_sp143","Knox","Residential Improved","Washington",0.83,0.91,0.96,9.95,12.5,1.02,0,17
"1124","Kosciusko","Industrial Vacant","Countywide",NA,NA,NA,NA,NA,NA,NA,0
"df_sp144","Kosciusko","Industrial Improved","Countywide",0.85,1.03,1.13,6.37,9.99,1.02,0,5
"df_sp145","Kosciusko","Industrial Improved","Plain",0.85,1.03,1.13,6.37,9.99,1.02,0,5
"1125","Kosciusko","Industrial Improved","Clay",NA,NA,NA,NA,NA,NA,NA,0
"1126","Kosciusko","Commercial Vacant","Countywide",NA,NA,NA,NA,NA,NA,NA,0
"2.5%273","Kosciusko","Commercial Improved","Countywide",0.97,0.98,0.99,10.18,15.25,1,0,97
"2.5%274","Kosciusko","Commercial Improved","Wayne",0.94,0.97,0.99,11.1,18.05,0.99,0,34
"df_sp146","Kosciusko","Commercial Improved","Tippecanoe",0.92,0.98,1.05,10.08,14.04,0.99,0,14
"2.5%275","Kosciusko","Commercial Improved","Turkey Creek",0.92,0.97,1.02,10.92,14.92,1.01,0,36
"df_sp147","Kosciusko","Commercial Improved","Clay",0.99,1.01,1.03,5.23,8.65,1,0,13
"2.5%276","Kosciusko","Residential Vacant","Countywide",1,1,1.01,13.42,22.01,1.02,0,97
"df_sp148","Kosciusko","Residential Vacant","Plain",0.8,1,1.01,8.87,13.62,1.02,0,11
"1127","Kosciusko","Residential Vacant","Van Buren",NA,NA,NA,NA,NA,NA,NA,2
"df_sp149","Kosciusko","Residential Vacant","Turkey Creek",0.82,1,1.09,21.03,32.51,1.02,0,13
"df_sp150","Kosciusko","Residential Vacant","Tippecanoe",0.91,1,1.04,15.21,25.37,1,0,18
"2.5%277","Kosciusko","Residential Vacant","Wayne",0.99,1,1.03,12.01,20.26,1,0,39
"df_sp151","Kosciusko","Residential Vacant","Clay",1,1,1.05,11.36,17.06,1.05,0,14
"2.5%278","Kosciusko","Residential Improved","Countywide",1,1,1,9.47,13.39,1.01,0,1077
"df_sp152","Kosciusko","Residential Improved","Clay",0.95,1,1.03,7.82,11.68,1.03,0,19
"df_sp153","Kosciusko","Residential Improved","Monroe",0.9,1,1.05,10.75,14.99,1.03,0,14
"2.5%279","Kosciusko","Residential Improved","Harrison",0.93,1,1.02,11.41,15.28,1.03,0,37
"df_sp154","Kosciusko","Residential Improved","Franklin",0.83,1,1.07,10.47,13.62,1.02,0,14
"2.5%280","Kosciusko","Residential Improved","Lake",0.91,1,1,8.89,13.69,1,0,25
"2.5%281","Kosciusko","Residential Improved","Plain",0.98,1,1.01,8.89,12.17,1.02,0,104
"2.5%282","Kosciusko","Residential Improved","Prairie",0.85,1,1.02,10.3,13.39,0.98,0,22
"2.5%283","Kosciusko","Residential Improved","Tippecanoe",0.95,1,1.01,11.24,15.89,1.01,0,144
"2.5%284","Kosciusko","Residential Improved","Turkey Creek",0.97,1,1.01,10.51,14.34,1.01,0,166
"2.5%285","Kosciusko","Residential Improved","Van Buren",0.94975,1,1.01,10.52,15.26,1,0,57
"2.5%286","Kosciusko","Residential Improved","Washington",0.89,1,1.01,9.88,13.85,1.01,0,28
"2.5%287","Kosciusko","Residential Improved","Wayne",0.98,1,1,7.88,11.48,1,0,393
"df_sp155","Kosciusko","Residential Improved","Etna",0.84,1.03,1.13,8.02,11.24,1,0,5
"2.5%288","Kosciusko","Residential Improved","Seward",0.91,1,1.04,12,16.72,1.02,0,35
"df_sp156","Kosciusko","Residential Improved","Scott",0.87,1,1.06,10.04,14.12,1.02,0,14
"1128","Lagrange","Industrial Vacant","Countywide",NA,NA,NA,NA,NA,NA,NA,0
"df_sp157","Lagrange","Industrial Improved","Countywide",0.48,0.54,0.68,50.27,66.13,1.48,0,9
"1129","Lagrange","Commercial Vacant","Countywide",NA,NA,NA,NA,NA,NA,NA,0
"2.5%289","Lagrange","Commercial Improved","Countywide",0.54,0.71,0.86,34.59,42.83,1.24,0,29
"2.5%290","Lagrange","Residential Vacant","Countywide",0.21,0.48,0.67,70.08,77.94,1.19,0,32
"df_sp158","Lagrange","Residential Vacant","Johnson",0.22,0.59,0.95,48.14,60.83,1.11,0,7
"2.5%291","Lagrange","Residential Vacant","Bloomfield",0.13,0.44,0.66,77.62,84.48,1.15,0,25
"2.5%292","Lagrange","Residential Improved","Countywide",0.93,0.94,0.96,17.1,27.05,1.04,0,585
"2.5%293","Lagrange","Residential Improved","Bloomfield",0.92,0.95,1,16.53,26.81,1.05,0,113
"2.5%294","Lagrange","Residential Improved","Clay",0.89,0.95,1.01,16.44,25.81,0.97,0,40
"2.5%295","Lagrange","Residential Improved","Clearspring",0.83,0.93,0.96,14.98,25.13,1.01,0,34
"df_sp159","Lagrange","Residential Improved","Eden",0.9,0.93,1.07,21.8,31.55,1.17,0,18
"2.5%296","Lagrange","Residential Improved","Greenfield",0.81,0.91,0.97,18.5,27.06,1.03,0,33
"2.5%297","Lagrange","Residential Improved","Johnson",0.91,0.93,0.96,13.97,20.32,1.01,0,118
"2.5%298","Lagrange","Residential Improved","Lima",0.86,0.96,1.04,21.46,37.23,1.06,0,25
"2.5%299","Lagrange","Residential Improved","Milford",0.93,0.95,1,19.3,30.45,1.07,0,91
"2.5%300","Lagrange","Residential Improved","Newbury",0.85,0.96,0.99,17.7,25.22,1.01,0,61
"df_sp160","Lagrange","Residential Improved","Springfield",0.85,0.96,1,18.44,27.78,1.06,0,16
"2.5%301","Lagrange","Residential Improved","Van Buren",0.88,0.96,1.04,17.15,25.34,1.03,0,36
"1130","Laporte","Industrial Vacant","Countywide",NA,NA,NA,NA,NA,NA,NA,0
"1131","Laporte","Industrial Improved","Countywide",NA,NA,NA,NA,NA,NA,NA,0
"1132","Laporte","Commercial Vacant","Countywide",NA,NA,NA,NA,NA,NA,NA,0
"2.5%302","Laporte","Commercial Improved","Countywide",0.65,0.83,1,24.76,30.1,1.25,0,25
"2.5%303","Laporte","Residential Vacant","Countywide",0.92,0.95,0.98,7.97,13.71,1,0,54
"df_sp161","Laporte","Residential Vacant","Center",0.91,0.93,0.96,4.16,6,0.98,0,6
"df_sp162","Laporte","Residential Vacant","Coolspring",0.9,0.92,0.99,4.44,5.43,1.02,0,6
"1133","Laporte","Residential Vacant","Kankakee",NA,NA,NA,NA,NA,NA,NA,4
"1134","Laporte","Residential Vacant","Michigan",NA,NA,NA,NA,NA,NA,NA,4
"1135","Laporte","Residential Vacant","New Durham",NA,NA,NA,NA,NA,NA,NA,3
"df_sp163","Laporte","Residential Vacant","Galena",0.97,1,1.01,2.66,4.41,0.99,0,6
"df_sp164","Laporte","Residential Vacant","Lincoln",0.94,0.95,0.99,4.02,4.82,1,0,19
"2.5%304","Laporte","Residential Improved","Countywide",0.84,0.85,0.87,13.42,17.21,1.02,0,973
"df_sp165","Laporte","Residential Improved","Clinton",0.73,0.9,0.91,9.71,13.32,1.02,0,13
"df_sp166","Laporte","Residential Improved","Cass",0.81,0.89,0.9,8.8,12.64,0.99,0,13
"2.5%305","Laporte","Residential Improved","Center",0.85,0.86,0.9,12.37,15.18,1.02,0,272
"2.5%306","Laporte","Residential Improved","Coolspring",0.8,0.82,0.88025,13.59,16.57,1,0,100
"df_sp167","Laporte","Residential Improved","Galena",0.73,0.79,0.91,13.73,17.98,1.08,0,10
"1136","Laporte","Residential Improved","Hanna",NA,NA,NA,NA,NA,NA,NA,3
"df_sp168","Laporte","Residential Improved","Hudson",0.61,0.79,0.85,19.31,26.15,1.03,0,12
"2.5%307","Laporte","Residential Improved","Kankakee",0.75,0.85,0.9,10.57,12.13,1,0,30
"df_sp169","Laporte","Residential Improved","Lincoln",0.71,0.86,0.94,14.7,18.04,1.05,0,14
"2.5%308","Laporte","Residential Improved","Michigan",0.82,0.85,0.87,15.42,19.7,1.03,0,296
"2.5%309","Laporte","Residential Improved","New Durham",0.83,0.87,0.91,10.95,13.77,1,0,57
"df_sp170","Laporte","Residential Improved","Noble",0.48,0.72,0.95,26.96,34.74,1.05,0,7
"2.5%310","Laporte","Residential Improved","Pleasant",0.77,0.83,0.92,15.77,20.68,0.97,0,27
"2.5%311","Laporte","Residential Improved","Scipio",0.83,0.9,0.91,7.62,10.09,1,0,48
"2.5%312","Laporte","Residential Improved","Springfield",0.78,0.9,0.95,14.23,19.3,0.98,0,21
"2.5%313","Laporte","Residential Improved","Union",0.78,0.87,0.92,14.21,20.29,1,0,30
"df_sp171","Laporte","Residential Improved","Washington",0.7,0.83,0.91,11.64,16.38,1.02,0,6
"df_sp172","Laporte","Residential Improved","Wills",0.8,0.88,0.9,6.22,7.41,1.01,0,14
"1137","Marshall","Industrial Vacant","Countywide",NA,NA,NA,NA,NA,NA,NA,0
"df_sp173","Marshall","Industrial Improved","Countywide",0.5,0.73,0.82,22.5,28.37,0.96,0,10
"1138","Marshall","Commercial Vacant","Countywide",NA,NA,NA,NA,NA,NA,NA,0
"2.5%314","Marshall","Commercial Improved","Countywide",0.53,0.71,0.89,34.93,43.79,1.3,0,23
"1139","Marshall","Commercial Improved","Union",NA,NA,NA,NA,NA,NA,NA,2
"df_sp174","Marshall","Commercial Improved","Center",0.32,0.53,0.97,47.37,49.04,1.18,0,7
"df_sp175","Marshall","Commercial Improved","Bourbon",0.47,0.75,0.89,28.45,39.8,1.33,0,14
"2.5%315","Marshall","Residential Vacant","Countywide",0.50975,0.82,0.950749999999999,46.68,60.21,1.12,0,28
"df_sp176","Marshall","Residential Vacant","Center",0.92,1.05,1.16,28.87,51.37,0.95,0,6
"2.5%316","Marshall","Residential Vacant","Bourbon",0.43,0.69,0.9,53.85,62.26,1.04,0,21
"2.5%317","Marshall","Residential Improved","Countywide",0.92,0.93,0.94,11.65,16.26,1.03,0,572
"2.5%318","Marshall","Residential Improved","Bourbon",0.87,0.92,0.97,11.85,16.77,1.05,0,28
"2.5%319","Marshall","Residential Improved","German",0.93,0.94,0.96,9.77,13.64,1.02,0,99
"2.5%320","Marshall","Residential Improved","North",0.87,0.93,0.98,11.35,14.31,1.01,0,34
"2.5%321","Marshall","Residential Improved","Polk",0.92,0.95,1.01,10.6,16.19,1.01,0,24
"df_sp177","Marshall","Residential Improved","Tippecanoe",0.79,0.93,1.02,12.72,15.57,1.02,0,9
"2.5%322","Marshall","Residential Improved","Union",0.87,0.91,0.93,12,16.79,1.05,0,59
"2.5%323","Marshall","Residential Improved","Walnut",0.9,0.94,0.96,9.72,14.55,1,0,42
"2.5%324","Marshall","Residential Improved","West",0.91,0.93,0.97,12.2,15.29,1.03,0,85
"2.5%325","Marshall","Residential Improved","Center",0.9,0.91,0.93,12.46,18.11,1.01,0,192
"1140","Miami","Industrial Vacant","Countywide",NA,NA,NA,NA,NA,NA,NA,0
"1141","Miami","Industrial Improved","Countywide",NA,NA,NA,NA,NA,NA,NA,0
"1142","Miami","Commercial Vacant","Countywide",NA,NA,NA,NA,NA,NA,NA,0
"1143","Miami","Commercial Improved","Countywide",NA,NA,NA,NA,NA,NA,NA,0
"df_sp178","Miami","Residential Vacant","Countywide",0.23,0.44,0.77,72.43,83.01,1.79,0,19
"2.5%326","Miami","Residential Improved","Countywide",0.9,0.92,0.96,28.62,41.52,1.11,0,234
"2.5%327","Miami","Residential Improved","Peru",0.94,0.98,1.02,27.83,37.54,1.13,0,97
"2.5%328","Miami","Residential Improved","Washington",0.78,0.89,1.04025,28.7,39.45,1.16,0,29
"2.5%329","Miami","Residential Improved","Pipe Creek",0.78,0.85,0.89,27.97,42.02,0.98,0,54
"2.5%330","Miami","Residential Improved","Union",0.74,0.85,1.01,27.22,36.56,1.08,0,22
"2.5%331","Miami","Residential Improved","Butler",0.87975,0.94,1.01,23.13,36.88,1.06,0,24
"1144","Monroe","Industrial Vacant","Countywide",NA,NA,NA,NA,NA,NA,NA,0
"df_sp179","Monroe","Industrial Improved","Countywide",0.68,0.93,0.97,13.37,20.08,0.97,0,6
"1145","Monroe","Commercial Vacant","Countywide",NA,NA,NA,NA,NA,NA,NA,0
"2.5%332","Monroe","Commercial Improved","Countywide",0.87,0.9,0.96,20.96,27.76,1.1,0,104
"2.5%333","Monroe","Residential Vacant","Countywide",0.88,0.97,1.01,16.76,23.5,1.02,0,55
"2.5%334","Monroe","Residential Improved","Countywide",0.96,0.97,0.97,10.06,15.28,1.01,0,1509
"2.5%335","Monroe","Residential Improved","Bean Blossom",0.96,0.98,0.99,9.66,19.91,1,0,24
"2.5%336","Monroe","Residential Improved","Benton",0.85,0.98,1.01,10.77,14.12,1.02,0,31
"2.5%337","Monroe","Residential Improved","Bloomington",0.93,0.95,0.98,13.72,18.76,1.01,0,192
"2.5%338","Monroe","Residential Improved","Clear Creek",0.91,0.93,0.97,13.45,17.86,1.04,0,137
"df_sp180","Monroe","Residential Improved","Indian Creek",0.96,0.99,1.01,9.73,14.96,1.02,0,17
"2.5%339","Monroe","Residential Improved","Perry",0.96,0.97,0.97,9.1,13.92,1.01,0,652
"2.5%340","Monroe","Residential Improved","Richland",0.96,0.97,0.98,8.41,12.98,1,0,288
"df_sp181","Monroe","Residential Improved","Salt Creek",0.87,0.94,0.99,11.22,15.14,1,0,15
"2.5%341","Monroe","Residential Improved","Van Buren",0.96,0.97,0.98,9.12,16.58,1.02,0,129
"2.5%342","Monroe","Residential Improved","Washington",0.97,0.99,1.04,10.71,18.01,1.03,0,20
"1146","Montgomery","Industrial Vacant","Countywide",NA,NA,NA,NA,NA,NA,NA,0
"1147","Montgomery","Industrial Improved","Countywide",NA,NA,NA,NA,NA,NA,NA,0
"1148","Montgomery","Commercial Vacant","Countywide",NA,NA,NA,NA,NA,NA,NA,0
"df_sp182","Montgomery","Commercial Improved","Countywide",0.81,0.93,1.06,15.9,21.18,1.19,0,16
"df_sp183","Montgomery","Residential Vacant","Countywide",0.1,0.14,0.18,107.27,114.45,1.2,0,17
"2.5%343","Montgomery","Residential Improved","Countywide",0.95,0.97,0.98,13.44,18.93,1.02,0,235
"2.5%344","Montgomery","Residential Improved","Brown",0.9,0.97,1.04,14.7,19.61,1.04,0,31
"df_sp184","Montgomery","Residential Improved","Madison",0.85,0.97,1.05,16.2,23.41,1,0,19
"2.5%345","Montgomery","Residential Improved","Union",0.94975,0.97,0.98,12.94,18.4,1.02,0,185
"1149","Morgan","Industrial Vacant","Countywide",NA,NA,NA,NA,NA,NA,NA,0
"df_sp185","Morgan","Industrial Improved","Countywide",0.89,0.95,1.24,21.69,30.97,1.09,0,8
"df_sp186","Morgan","Commercial Vacant","Countywide",0.87,1,1.08,5.28,7.81,0.97,0,5
"2.5%346","Morgan","Commercial Improved","Countywide",0.88,0.92,0.97,16.68,30,1.06,0,37
"2.5%347","Morgan","Residential Vacant","Countywide",0.92,0.95,0.97,12.91,18.84,1.02,0,131
"2.5%348","Morgan","Residential Vacant","Adams",0.89,0.92,0.98,11.83,15.74,1.01,0,38
"2.5%349","Morgan","Residential Vacant","Ray",0.90975,0.93,0.97,15.03,23.96,1.02,0,39
"2.5%350","Morgan","Residential Vacant","Brown",0.91,0.99,1.07,12.31,15.45,1.04,0,26
"2.5%351","Morgan","Residential Vacant","Jackson",0.92,0.97,1,10.48,18.38,0.99,0,27
"2.5%352","Morgan","Residential Improved","Countywide",0.91,0.92,0.93,32.27,74.98,1.17,0,1035
"df_sp187","Morgan","Residential Improved","Adams",0.86,0.98,1.05,32.42,52.81,1.22,0,18
"df_sp188","Morgan","Residential Improved","Baker",0.83,0.91,0.98,12.51,16.12,1.02,0,19
"2.5%353","Morgan","Residential Improved","Brown",0.89975,0.91,0.93,10.6,16.38,1.01,0,168
"2.5%354","Morgan","Residential Improved","Clay",0.87,0.91,0.97,14.45,29.96,1.04,0,38
"2.5%355","Morgan","Residential Improved","Green",0.9,0.92,0.97,47.86,77.05,1.3,0,30
"2.5%356","Morgan","Residential Improved","Gregg",0.9,0.95,0.97,35.34,90.63,1.26,0,26
"df_sp189","Morgan","Residential Improved","Harrison",0.88,0.99,1.03,66.67,144.48,1.36,0,15
"2.5%357","Morgan","Residential Improved","Jackson",0.9,0.93,0.98,12.9,20.65,1,0,36
"2.5%358","Morgan","Residential Improved","Jefferson",0.88,0.93,1.01,33.16,78.45,1.18,0,34
"2.5%359","Morgan","Residential Improved","Madison",0.92,0.93,0.94,80.3,85,1.48,0,256
"2.5%360","Morgan","Residential Improved","Monroe",0.9,0.91,0.92,7.62,12.36,1.01,0,137
"2.5%361","Morgan","Residential Improved","Washington",0.89,0.92,0.94,12.79,21.61,0.99,0,258
"1150","Newton","Industrial Vacant","Countywide",NA,NA,NA,NA,NA,NA,NA,0
"1151","Newton","Industrial Improved","Countywide",NA,NA,NA,NA,NA,NA,NA,0
"1152","Newton","Commercial Vacant","Countywide",NA,NA,NA,NA,NA,NA,NA,0
"2.5%362","Newton","Commercial Improved","Countywide",0.84,0.95,0.98,15.66,20.73,1.03,0,39
"2.5%363","Newton","Residential Vacant","Countywide",0.68,0.78,0.93,44.43,56.83,1.76,0,60
"2.5%364","Newton","Residential Improved","Countywide",0.94,0.96,0.97,33.84,89.45,1.18,0,632
"2.5%365","Newton","Residential Improved","Beaver",0.92,0.97,1,30.46,50.33,1.15,0,96
"2.5%366","Newton","Residential Improved","Grant",0.86,0.96,1.01,17.31,22.17,1.04,0,47
"2.5%367","Newton","Residential Improved","Iroquois",0.92,0.94,1.03,17.56,24.91,1.05,0,50
"2.5%368","Newton","Residential Improved","Jefferson",0.95,0.97,1.02,43.56,97.28,1.25,0,121
"2.5%369","Newton","Residential Improved","Lake",0.92,0.96,1.01,58.09,115.36,1.33,0,100
"2.5%370","Newton","Residential Improved","Lincoln",0.92,0.94,0.97,26.06,86.35,1.12,0,211
"1153","Noble","Industrial Vacant","Countywide",NA,NA,NA,NA,NA,NA,NA,0
"1154","Noble","Industrial Improved","Countywide",NA,NA,NA,NA,NA,NA,NA,0
"1155","Noble","Commercial Vacant","Countywide",NA,NA,NA,NA,NA,NA,NA,0
"1156","Noble","Commercial Improved","Countywide",NA,NA,NA,NA,NA,NA,NA,0
"2.5%371","Noble","Residential Vacant","Countywide",0.35,0.54,0.75,43.37,49.78,1.2,0,21
"2.5%372","Noble","Residential Improved","Countywide",0.91,0.93,0.95,11.66,16,1.01,0,396
"2.5%373","Noble","Residential Improved","Albion",0.88,0.98,1.04,11.42,14.36,1.02,0,28
"2.5%374","Noble","Residential Improved","Allen",0.8895,0.93,0.97,11.08,14.51,1.01,0,61
"df_sp190","Noble","Residential Improved","Elkhart",0.74,0.91,0.96,12.82,15.9,0.96,0,10
"1157","Noble","Residential Improved","Green",NA,NA,NA,NA,NA,NA,NA,1
"df_sp191","Noble","Residential Improved","Jefferson",0.78,0.89,1,16.1,23.03,1.02,0,9
"2.5%375","Noble","Residential Improved","Noble",0.87,0.92,0.99,10.33,13.52,1.02,0,31
"2.5%376","Noble","Residential Improved","Orange",0.87,0.91,0.97,14.93,19.54,1.01,0,44
"2.5%377","Noble","Residential Improved","Perry",0.9,0.95,0.98,10.44,16.7,0.99,0,39
"df_sp192","Noble","Residential Improved","Sparta",0.85,0.94,1.02,9.19,10.85,1,0,10
"2.5%378","Noble","Residential Improved","Swan",0.9,0.95,0.99,12.01,17.42,0.99,0,21
"1158","Noble","Residential Improved","Washington",NA,NA,NA,NA,NA,NA,NA,0
"2.5%379","Noble","Residential Improved","Wayne",0.9,0.93,0.95,10.82,15.01,1,0,132
"df_sp193","Noble","Residential Improved","York",0.83,0.94,0.99,9.38,13.56,1.02,0,10
"1159","Ohio","Industrial Vacant","Countywide",NA,NA,NA,NA,NA,NA,NA,0
"1160","Ohio","Industrial Improved","Countywide",NA,NA,NA,NA,NA,NA,NA,0
"1161","Ohio","Commercial Vacant","Countywide",NA,NA,NA,NA,NA,NA,NA,0
"df_sp194","Ohio","Commercial Improved","Countywide",0.81,0.95,1.11,20.05,25.24,1.18,0,16
"2.5%380","Ohio","Residential Vacant","Countywide",0.8,0.91,0.95,18.37,26.9,1.05,0,20
"2.5%381","Ohio","Residential Improved","Countywide",0.92,0.93,0.96,23.24,54.11,1.08,0,186
"2.5%382","Ohio","Residential Improved","Cass",0.87,0.94,1,24.17,56.34,1.11,0,29
"2.5%383","Ohio","Residential Improved","Randolph",0.92,0.93,0.97,23.12,53.86,1.08,0,157
"1162","Perry","Industrial Vacant","Countywide",NA,NA,NA,NA,NA,NA,NA,0
"1163","Perry","Industrial Improved","Countywide",NA,NA,NA,NA,NA,NA,NA,0
"1164","Perry","Commercial Vacant","Countywide",NA,NA,NA,NA,NA,NA,NA,0
"df_sp195","Perry","Commercial Improved","Countywide",0.91,1.01,1.09,11.77,17.8,0.99,0,8
"df_sp196","Perry","Residential Vacant","Countywide",0.86,0.92,0.99,17.4,31.28,1.17,0,12
"2.5%384","Perry","Residential Improved","Countywide",0.89,0.91,0.93,13.75,24.91,1.03,0,104
"df_sp197","Perry","Residential Improved","Anderson",0.8,0.9,1.11,16.72,24.06,1.07,0,11
"2.5%385","Perry","Residential Improved","Troy",0.89,0.91,0.94,13.4,25,1.03,0,93
"1165","Pike","Industrial Vacant","Countywide",NA,NA,NA,NA,NA,NA,NA,0
"1166","Pike","Industrial Improved","Countywide",NA,NA,NA,NA,NA,NA,NA,0
"1167","Pike","Commercial Vacant","Countywide",NA,NA,NA,NA,NA,NA,NA,0
"df_sp198","Pike","Commercial Improved","Countywide",0.89,0.98,1.04,13.89,24.27,1.42,0,16
"df_sp199","Pike","Residential Vacant","Countywide",0.11,0.37,0.57,122.82,107.14,1.5,0,12
"2.5%386","Pike","Residential Improved","Countywide",0.95,0.97,0.98,12.6,20.52,1.09,0,174
"df_sp200","Pike","Residential Improved","Clay",0.95,1.01,1.05,7.16,9.07,1.02,0,17
"2.5%387","Pike","Residential Improved","Jefferson",0.92,0.95,0.97,7.38,9.97,1,0,40
"2.5%388","Pike","Residential Improved","Patoka",0.91,0.97,1,7.99,10.17,1.02,0,26
"2.5%389","Pike","Residential Improved","Washington",0.94,0.98,1,16.7,26.11,1.18,0,91
"1168","Porter","Industrial Vacant","Countywide",NA,NA,NA,NA,NA,NA,NA,0
"1169","Porter","Industrial Improved","Countywide",NA,NA,NA,NA,NA,NA,NA,0
"1170","Porter","Commercial Vacant","Countywide",NA,NA,NA,NA,NA,NA,NA,0
"2.5%390","Porter","Commercial Improved","Countywide",0.46,0.59,0.64,35.46,44.21,0.95,0,67
"2.5%391","Porter","Commercial Improved","Center",0.38,0.46,0.59,34.1,43.31,1.1,0,33
"df_sp201","Porter","Commercial Improved","Portage",0.6,0.68,0.78,28.56,34.61,0.85,0,17
"df_sp202","Porter","Commercial Improved","Boone",0.56,0.65,0.82,35.69,48.88,1.1,0,17
"2.5%392","Porter","Residential Vacant","Countywide",0.91,1.01,1.05,23.56,36.12,1.23,0,74
"2.5%393","Porter","Residential Vacant","Boone",0.9,1.02,1.06,15.71,22.92,1.05,0,23
"2.5%394","Porter","Residential Vacant","Center",0.88,1.01,1.13,31.81,45.84,1.39,0,28
"2.5%395","Porter","Residential Vacant","Liberty",0.88,1.03,1.11,17.99,26.75,1.01,0,20
"1171","Porter","Residential Vacant","Portage",NA,NA,NA,NA,NA,NA,NA,3
"2.5%396","Porter","Residential Improved","Countywide",0.94,0.94,0.95,11.28,15.49,1.01,0,1344
"2.5%397","Porter","Residential Improved","Boone",0.92,0.95,1.02,10.12,13.5,1.02,0,43
"2.5%398","Porter","Residential Improved","Center",0.93,0.95,0.96,10.86,14.48,1,0,435
"2.5%399","Porter","Residential Improved","Jackson",0.91,1,1.04,12.84,16.29,1.03,0,39
"2.5%400","Porter","Residential Improved","Liberty",0.92,0.94,0.98,12.12,17.04,1.01,0,81
"2.5%401","Porter","Residential Improved","Morgan",0.94,1.02,1.11,9.59,11.89,1.02,0,20
"df_sp203","Porter","Residential Improved","Pine",0.94,0.96,1.03,8.62,12.32,0.98,0,9
"2.5%402","Porter","Residential Improved","Pleasant",0.86,0.93,0.96,10.73,14.33,1,0,39
"2.5%403","Porter","Residential Improved","Portage",0.91,0.93,0.95,11.99,17.68,1.01,0,345
"2.5%404","Porter","Residential Improved","Porter",0.94,0.97,1.02,12.85,18.46,1.02,0,54
"2.5%405","Porter","Residential Improved","Union",0.91,0.94,0.97,10.53,14,1.02,0,89
"2.5%406","Porter","Residential Improved","Washington",0.89,0.94,1.01,9.5,12.37,1,0,22
"2.5%407","Porter","Residential Improved","Westchester",0.93,0.96,0.98,10.13,12.94,1,0,168
"1172","Posey","Industrial Vacant","Countywide",NA,NA,NA,NA,NA,NA,NA,0
"1173","Posey","Industrial Improved","Countywide",NA,NA,NA,NA,NA,NA,NA,0
"1174","Posey","Commercial Vacant","Countywide",NA,NA,NA,NA,NA,NA,NA,0
"df_sp204","Posey","Commercial Improved","Countywide",0.81,0.95,1.06,13.03,18.56,1.03,0,8
"df_sp205","Posey","Commercial Improved","Black",0.87,0.96,1.06,10.89,15.94,1.06,0,7
"1175","Posey","Commercial Improved","Bethel",NA,NA,NA,NA,NA,NA,NA,1
"2.5%408","Posey","Residential Vacant","Countywide",0.8,0.86,0.91,22.87,38.56,1,0,31
"1176","Posey","Residential Vacant","Bethel",NA,NA,NA,NA,NA,NA,NA,2
"2.5%409","Posey","Residential Vacant","Black",0.8,0.86,0.91,23.18,39.67,1,0,29
"2.5%410","Posey","Residential Improved","Countywide",0.91,0.92,0.93,14.78,21.96,1.03,0,320
"df_sp206","Posey","Residential Improved","Bethel",0.84,0.91,1.01,9.74,11.98,1.02,0,16
"2.5%411","Posey","Residential Improved","Black",0.89,0.92,0.94,16.73,25.2,1.04,0,138
"df_sp207","Posey","Residential Improved","Center",0.86,0.91,1.01,12.89,17.15,1.02,0,17
"2.5%412","Posey","Residential Improved","Harmony",0.85,0.92,0.98,11.4,15.68,1.01,0,21
"df_sp208","Posey","Residential Improved","Lynn",0.72,0.94,1.05,12.22,16.15,1,0,7
"2.5%413","Posey","Residential Improved","Marrs",0.86,0.92,0.96,14.9,21.37,1.01,0,47
"2.5%414","Posey","Residential Improved","Robb",0.88,0.91,1.04,14.59,18.83,1.02,0,29
"2.5%415","Posey","Residential Improved","Robinson",0.87975,0.9,0.93,13.1,19.34,1.01,0,45
"1177","Pulaski","Industrial Vacant","Countywide",NA,NA,NA,NA,NA,NA,NA,0
"df_sp209","Pulaski","Industrial Improved","Countywide",0.35,0.56,1.55,56.58,70.68,1.56,0,5
"1178","Pulaski","Commercial Vacant","Countywide",NA,NA,NA,NA,NA,NA,NA,0
"df_sp210","Pulaski","Commercial Improved","Countywide",0.81,0.99,1.05,15.04,26.66,0.98,0,14
"2.5%416","Pulaski","Residential Vacant","Countywide",0.47,0.74,0.92,47.21,59.31,1.04,0,39
"2.5%417","Pulaski","Residential Vacant","Franklin",0.42,0.75,0.93,43.07,57.18,0.99,0,22
"1179","Pulaski","Residential Vacant","Rich Grove",NA,NA,NA,NA,NA,NA,NA,4
"df_sp211","Pulaski","Residential Vacant","Harrison",0.31,0.48,0.6,50.31,68.52,1.24,0,6
"df_sp212","Pulaski","Residential Vacant","Van Buren",0.28,0.81,1.61,59.11,66.31,1.3,0,7
"2.5%418","Pulaski","Residential Improved","Countywide",0.93,0.95,0.97,14.69,22.93,1.03,0,264
"2.5%419","Pulaski","Residential Improved","Cass",0.88,0.98,1.05,15.09,24.03,1.03,0,20
"df_sp213","Pulaski","Residential Improved","Jefferson",0.85,0.93,1,9.8,12.61,1.01,0,14
"df_sp214","Pulaski","Residential Improved","Harrison",0.88,0.93,0.97,17.22,29.28,0.95,0,9
"df_sp215","Pulaski","Residential Improved","Indian Creek",0.74,0.91,0.97,16.72,21.71,1.01,0,18
"2.5%420","Pulaski","Residential Improved","Monroe",0.91,0.94,0.98,12.05,16.73,1.02,0,104
"2.5%421","Pulaski","Residential Improved","Salem",0.9,0.97,1,16.33,25.9,1.02,0,41
"df_sp216","Pulaski","Residential Improved","Tippecanoe",0.89,0.95,0.97,18.16,34.83,1.04,0,17
"2.5%422","Pulaski","Residential Improved","Van Buren",0.84,0.98,1.09,15.12,18.55,1.06,0,21
"2.5%423","Pulaski","Residential Improved","White Post",0.92,0.95,1.06,19.91,31.71,1.06,0,20
"1180","Putnam","Industrial Vacant","Countywide",NA,NA,NA,NA,NA,NA,NA,0
"1181","Putnam","Industrial Improved","Countywide",NA,NA,NA,NA,NA,NA,NA,0
"1182","Putnam","Commercial Vacant","Countywide",NA,NA,NA,NA,NA,NA,NA,0
"df_sp217","Putnam","Commercial Improved","Countywide",0.48,0.71,0.96,44.74,56.82,1.23,0,11
"1183","Putnam","Commercial Improved","Cloverdale",NA,NA,NA,NA,NA,NA,NA,4
"df_sp218","Putnam","Commercial Improved","Greencastle",0.18,0.53,0.96,47.1,54.06,1.23,0,5
"2.5%424","Putnam","Residential Vacant","Countywide",0.57,0.93,1.01,25.82,33.52,1.24,0,48
"2.5%425","Putnam","Residential Vacant","Floyd",0.79,0.96,1.01,20.17,27.1,1.22,0,39
"df_sp219","Putnam","Residential Vacant","Clinton",0.38,0.53,1.18,57.21,59.42,1.6,0,9
"2.5%426","Putnam","Residential Improved","Countywide",0.9,0.91,0.92,15.11,22.72,1.04,0,294
"2.5%427","Putnam","Residential Improved","Clinton",0.9,0.91,0.95,13.27,22.86,1.01,0,21
"2.5%428","Putnam","Residential Improved","Cloverdale",0.77,0.9,0.94,14.11,19.65,1.05,0,27
"2.5%429","Putnam","Residential Improved","Floyd",0.84,0.89,0.94,8.42,12.9,0.99,0,21
"df_sp220","Putnam","Residential Improved","Franklin",0.91,0.91,0.97,8.2,13,1.02,0,9
"2.5%430","Putnam","Residential Improved","Greencastle",0.88,0.9,0.92,14.4,21.81,1.03,0,157
"2.5%431","Putnam","Residential Improved","Jackson",0.96,1.23,1.23,16.16,23.46,1.12,0,22
"df_sp221","Putnam","Residential Improved","Marion",0.86,0.93,1.16,12.39,18.8,1.04,0,8
"df_sp222","Putnam","Residential Improved","Monroe",0.84,0.91,0.92,5.67,8.01,1.01,0,9
"1184","Putnam","Residential Improved","Russell",NA,NA,NA,NA,NA,NA,NA,2
"df_sp223","Putnam","Residential Improved","Warren",0.76,0.82,0.94,12.52,16.63,1.01,0,9
"df_sp224","Putnam","Residential Improved","Washington",0.83,0.94,1.14,28.47,36.58,1.2,0,9
"1185","Randolph","Industrial Vacant","Countywide",NA,NA,NA,NA,NA,NA,NA,0
"1186","Randolph","Industrial Improved","Countywide",NA,NA,NA,NA,NA,NA,NA,0
"1187","Randolph","Commercial Vacant","Countywide",NA,NA,NA,NA,NA,NA,NA,0
"1188","Randolph","Commercial Improved","Countywide",NA,NA,NA,NA,NA,NA,NA,0
"df_sp225","Randolph","Residential Vacant","Countywide",0,0.29,0.63,80.1,94.17,2.75,0,5
"2.5%432","Randolph","Residential Improved","Countywide",0.95,0.97,0.98025,20.12,30.02,1.1,0,193
"df_sp226","Randolph","Residential Improved","Franklin",0.84,1.03,1.27,26.15,33.59,1.14,0,8
"1189","Randolph","Residential Improved","Green",NA,NA,NA,NA,NA,NA,NA,4
"df_sp227","Randolph","Residential Improved","Greensfork",0.57,0.76,0.97,27.64,31.86,1.05,0,9
"2.5%433","Randolph","Residential Improved","Monroe",0.93,0.97,0.99,8.8,11.24,1.03,0,34
"df_sp228","Randolph","Residential Improved","Stoney Creek",0.88,0.98,1.11,14.5,22.8,1.14,0,6
"df_sp229","Randolph","Residential Improved","Union",0.83,0.93,1.24,39.86,49.34,1.31,0,16
"df_sp230","Randolph","Residential Improved","Washington",0.85,1.01,1.19,17.18,21.67,1.05,0,10
"2.5%434","Randolph","Residential Improved","Wayne",0.94,0.99,1.08,25.8,33.54,1.11,0,44
"2.5%435","Randolph","Residential Improved","White River",0.9,0.95,0.99,14.36,19.22,1.04,0,62
"1190","Ripley","Industrial Vacant","Countywide",NA,NA,NA,NA,NA,NA,NA,0
"1191","Ripley","Industrial Improved","Countywide",NA,NA,NA,NA,NA,NA,NA,0
"1192","Ripley","Commercial Vacant","Countywide",NA,NA,NA,NA,NA,NA,NA,0
"2.5%436","Ripley","Commercial Improved","Countywide",0.42,0.62,0.82,55.75,64.11,1.24,0,21
"2.5%437","Ripley","Residential Vacant","Countywide",0.11,0.26,0.4,106.95,91.99,1.89,0,77
"2.5%438","Ripley","Residential Improved","Countywide",0.84,0.86,0.89,26.37,40.98,1.09,0,277
"2.5%439","Ripley","Residential Improved","Brown",0.77,0.84,0.93,29.62,38.64,1.15,0,55
"2.5%440","Ripley","Residential Improved","Center",0.59,0.85,0.91025,37.64,53.98,1.25,0,66
"2.5%441","Ripley","Residential Improved","Adams",0.86,0.89,0.93025,19.73,39.11,1.03,0,33
"2.5%442","Ripley","Residential Improved","Johnson",0.65,0.78,0.89,25.57,41.05,1.11,0,33
"2.5%443","Ripley","Residential Improved","Laughery",0.85,0.9,0.93,18.56,31.56,1.06,0,90
"1193","Rush","Industrial Vacant","Countywide",NA,NA,NA,NA,NA,NA,NA,0
"1194","Rush","Industrial Improved","Countywide",NA,NA,NA,NA,NA,NA,NA,0
"1195","Rush","Commercial Vacant","Countywide",NA,NA,NA,NA,NA,NA,NA,0
"1196","Rush","Commercial Improved","Countywide",NA,NA,NA,NA,NA,NA,NA,0
"df_sp231","Rush","Residential Vacant","Countywide",0.16,0.29,0.48,54.29,67.54,0.79,0,7
"2.5%444","Rush","Residential Improved","Countywide",0.96,0.98,1,18.2,28.29,1.13,0,107
"2.5%445","Rush","Residential Improved","Rushville",0.96,0.99,1.03,17.92,25.91,1.07,0,69
"2.5%446","Rush","Residential Improved","Anderson",0.92,0.96,1,18.47,32.2,1.21,0,38
"1197","Scott","Industrial Vacant","Countywide",NA,NA,NA,NA,NA,NA,NA,0
"1198","Scott","Industrial Improved","Countywide",NA,NA,NA,NA,NA,NA,NA,0
"1199","Scott","Commercial Vacant","Countywide",NA,NA,NA,NA,NA,NA,NA,0
"df_sp232","Scott","Commercial Improved","Countywide",0.73,0.95,1.03,12.76,16.67,1.01,0,8
"2.5%447","Scott","Residential Vacant","Countywide",0.54,0.71,0.8,30.44,39.79,1.1,0,46
"2.5%448","Scott","Residential Improved","Countywide",0.88,0.9,0.91,13.26,19.15,1.04,0,210
"df_sp233","Scott","Residential Improved","Finley",0.81,0.86,0.95,11.3,14.92,1.09,0,12
"2.5%449","Scott","Residential Improved","Jennings",0.85,0.89,0.93,16.7,26.09,1.08,0,31
"2.5%450","Scott","Residential Improved","Johnson",0.8,0.91,0.96,15.75,26.46,1.12,0,20
"2.5%451","Scott","Residential Improved","Lexington",0.76,0.88,0.98,16.43,20.65,1.04,0,25
"2.5%452","Scott","Residential Improved","Vienna",0.88,0.9,0.93,11.49,15.78,1.02,0,122
"1200","Shelby","Industrial Vacant","Countywide",NA,NA,NA,NA,NA,NA,NA,0
"1201","Shelby","Industrial Improved","Countywide",NA,NA,NA,NA,NA,NA,NA,0
"1202","Shelby","Commercial Vacant","Countywide",NA,NA,NA,NA,NA,NA,NA,0
"1203","Shelby","Commercial Improved","Countywide",NA,NA,NA,NA,NA,NA,NA,0
"1204","Shelby","Residential Vacant","Countywide",NA,NA,NA,NA,NA,NA,NA,0
"2.5%453","Shelby","Residential Improved","Countywide",0.89,0.91,0.93,10.16,12.68,1.01,0,180
"df_sp234","Shelby","Residential Improved","Hanover",0.9,0.98,1.09,5.04,7.12,1.01,0,5
"df_sp235","Shelby","Residential Improved","Jackson",0.86,0.91,1.03,8.36,9.95,1,0,10
"df_sp236","Shelby","Residential Improved","Moral",0.87,0.91,1.02,10.94,15.2,1.02,0,18
"1205","Shelby","Residential Improved","Noble",NA,NA,NA,NA,NA,NA,NA,4
"2.5%454","Shelby","Residential Improved","Addison",0.87,0.9,0.93,10.46,12.67,1.02,0,120
"df_sp237","Shelby","Residential Improved","Marion",0.86,0.92,0.93,2.76,3.67,1,0,5
"df_sp238","Shelby","Residential Improved","Brandywine",0.87,0.94,1.01,11.37,17.15,0.99,0,9
"1206","Shelby","Residential Improved","Shelby",NA,NA,NA,NA,NA,NA,NA,4
"1207","Spencer","Industrial Vacant","Countywide",NA,NA,NA,NA,NA,NA,NA,0
"1208","Spencer","Industrial Improved","Countywide",NA,NA,NA,NA,NA,NA,NA,0
"1209","Spencer","Commercial Vacant","Countywide",NA,NA,NA,NA,NA,NA,NA,0
"df_sp239","Spencer","Commercial Improved","Countywide",0.74,1.08,1.68,44.72,50.04,1.33,0,6
"2.5%455","Spencer","Residential Vacant","Countywide",0.2,0.44,0.86,71.97,69.89,1.64,0,25
"df_sp240","Spencer","Residential Vacant","Carter",0.44,0.86,0.89,31.53,55.1,1.15,0,12
"df_sp241","Spencer","Residential Vacant","Clay",0.2,0.27,0.62,84.84,71.89,0.93,0,12
"2.5%456","Spencer","Residential Improved","Countywide",0.91,0.91,0.93,17.61,29.09,1.08,0,148
"2.5%457","Spencer","Residential Improved","Carter",0.87,0.91,1.01,14.61,23.8,1.04,0,21
"2.5%458","Spencer","Residential Improved","Clay",0.9,0.91,0.92,6.94,10.09,1.01,0,42
"df_sp242","Spencer","Residential Improved","Grass",0.84,0.9,0.91,11.09,19.39,1.02,0,7
"df_sp243","Spencer","Residential Improved","Hammond",0.85,0.94,1.22,36.95,47.18,1.22,0,14
"df_sp244","Spencer","Residential Improved","Harrison",0.86,0.91,1.18,22.11,31.75,1.11,0,8
"df_sp245","Spencer","Residential Improved","Luce",0.86,0.96,1.17,22.95,30.74,1.17,0,19
"2.5%459","Spencer","Residential Improved","Ohio",0.87,0.95,1.01,18.68,27.74,1.06,0,36
"1210","St. Joseph","Industrial Vacant","Countywide",NA,NA,NA,NA,NA,NA,NA,0
"df_sp246","St. Joseph","Industrial Improved","Countywide",0.32,0.54,0.9,70.99,77.28,1.35,0,16
"df_sp247","St. Joseph","Commercial Vacant","Countywide",0.05,0.23,0.63,153.06,118.39,1.89,0,10
"2.5%460","St. Joseph","Commercial Improved","Countywide",0.41,0.51,0.6,59.11,67.02,1.28,0,85
"2.5%461","St. Joseph","Residential Vacant","Countywide",0.06,0.18,0.35,212.38,117.26,1.31,0,83
"2.5%462","St. Joseph","Residential Improved","Countywide",0.94,0.94,0.95,19.18,27.44,1.05,0,3047
"2.5%463","St. Joseph","Residential Improved","Centre",0.91,0.93,0.95,14.99,21.27,1.03,0,210
"2.5%464","St. Joseph","Residential Improved","Clay",0.93,0.95,0.97,13.25,18.48,1.02,0,432
"2.5%465","St. Joseph","Residential Improved","German",0.88,0.93,0.94,13.46,18.88,1.03,0,116
"2.5%466","St. Joseph","Residential Improved","Greene",0.83,0.9,0.98,18.38,28.61,1.05,0,35
"2.5%467","St. Joseph","Residential Improved","Harris",0.92,0.93,0.95,10.7,14.72,1.01,0,288
"2.5%468","St. Joseph","Residential Improved","Liberty",0.88,0.92,0.98,12.06,16.12,1,0,47
"2.5%469","St. Joseph","Residential Improved","Lincoln",0.9,0.96,1.02,20.72,32.42,1.05,0,35
"df_sp248","St. Joseph","Residential Improved","Madison",0.81,0.94,0.96,15.9,23.84,1.02,0,12
"2.5%470","St. Joseph","Residential Improved","Olive",0.88,0.94,0.99,13.92,21.03,1,0,44
"2.5%471","St. Joseph","Residential Improved","Penn",0.9,0.93,0.96,26.41,34.8,1.1,0,542
"2.5%472","St. Joseph","Residential Improved","Portage",0.95,0.96,0.98,21.97,30.1,1.05,0,1175
"2.5%473","St. Joseph","Residential Improved","Union",0.86,0.91,0.95,13.09,19.13,1.01,0,29
"2.5%474","St. Joseph","Residential Improved","Warren",0.87,0.92,0.95,15.63,23.08,1.01,0,82
"1211","Starke","Industrial Vacant","Countywide",NA,NA,NA,NA,NA,NA,NA,0
"1212","Starke","Industrial Improved","Countywide",NA,NA,NA,NA,NA,NA,NA,0
"1213","Starke","Commercial Vacant","Countywide",NA,NA,NA,NA,NA,NA,NA,0
"2.5%475","Starke","Commercial Improved","Countywide",0.89,0.92,0.96025,11.14,18.81,1.25,0,26
"2.5%476","Starke","Residential Vacant","Countywide",0.87,0.91,0.93,15.03,25.59,1.04,0,64
"df_sp249","Starke","Residential Vacant","California",0.72,0.93,1,15.75,24.91,1.04,0,11
"df_sp250","Starke","Residential Vacant","Center",0.84,0.9,0.94,20.73,39.91,1.18,0,16
"df_sp251","Starke","Residential Vacant","Davis",0.81,0.9,1.07,11.64,17.19,1,0,8
"df_sp252","Starke","Residential Vacant","North Bend",0.81,0.88,0.92,11.25,16.25,1,0,18
"1214","Starke","Residential Vacant","Railroad",NA,NA,NA,NA,NA,NA,NA,3
"df_sp253","Starke","Residential Vacant","Washington",0.81,0.93,0.99,13.55,24.43,1,0,8
"2.5%477","Starke","Residential Improved","Countywide",0.91,0.91,0.92,12.97,36.67,1.03,0,655
"2.5%478","Starke","Residential Improved","California",0.9,0.92,0.96,11.34,16.44,1.01,0,81
"2.5%479","Starke","Residential Improved","Center",0.89975,0.91,0.93,14.93,47.65,1.05,0,189
"2.5%480","Starke","Residential Improved","Davis",0.88,0.92,0.96,6.68,8.16,1,0,29
"df_sp254","Starke","Residential Improved","Jackson",0.79,0.93,1,59.9,117.26,1.47,0,11
"2.5%481","Starke","Residential Improved","North Bend",0.85,0.9,0.91,11.57,19.23,1.03,0,44
"2.5%482","Starke","Residential Improved","Oregon",0.9,0.92,0.94,12.28,21.79,1.03,0,111
"df_sp255","Starke","Residential Improved","Railroad",0.88,0.91,0.93,11.02,16.25,1.02,0,18
"2.5%483","Starke","Residential Improved","Washington",0.89,0.91,0.96,10.69,14.55,1,0,57
"2.5%484","Starke","Residential Improved","Wayne",0.9,0.92,0.93,10.25,13.74,1.01,0,115
"1215","Steuben","Industrial Vacant","Countywide",NA,NA,NA,NA,NA,NA,NA,0
"1216","Steuben","Industrial Improved","Countywide",NA,NA,NA,NA,NA,NA,NA,0
"1217","Steuben","Commercial Vacant","Countywide",NA,NA,NA,NA,NA,NA,NA,0
"2.5%485","Steuben","Commercial Improved","Countywide",0.76,0.85,1.01,28.44,40.59,1.04,0,25
"df_sp256","Steuben","Commercial Improved","Pleasant",0.85,1.02,1.13,18.64,29.2,1.03,0,10
"df_sp257","Steuben","Commercial Improved","Clear Lake",0.63,0.77,0.85,29.72,46.45,1.05,0,15
"2.5%486","Steuben","Residential Vacant","Countywide",0.15,0.55,0.73,70.97,85.96,0.9,0,69
"df_sp258","Steuben","Residential Vacant","Pleasant",0.04,0.36,0.85,103.34,91.82,1.27,0,9
"2.5%487","Steuben","Residential Vacant","Clear Lake",0.12,0.57,0.73,67.72,85.8,0.88,0,60
"2.5%488","Steuben","Residential Improved","Countywide",0.95,0.97,0.98,14.81,23.35,0.99,0,421
"2.5%489","Steuben","Residential Improved","Clear Lake",0.96,1,1.04,12.13,21,1.08,0,31
"2.5%490","Steuben","Residential Improved","Jackson",0.85,0.93,1,23.69,38.31,0.96,0,42
"2.5%491","Steuben","Residential Improved","Jamestown",0.91,0.95,0.99,18.18,25.57,0.98,0,72
"2.5%492","Steuben","Residential Improved","Otsego",0.91,0.97,1,12.62,16.31,1,0,57
"2.5%493","Steuben","Residential Improved","Pleasant",0.94,0.97,0.99,12.47,20.64,0.99,0,175
"2.5%494","Steuben","Residential Improved","Salem",0.91,0.96,1,14.55,22.97,0.97,0,43
"1218","Sullivan","Industrial Vacant","Countywide",NA,NA,NA,NA,NA,NA,NA,0
"1219","Sullivan","Industrial Improved","Countywide",NA,NA,NA,NA,NA,NA,NA,0
"1220","Sullivan","Commercial Vacant","Countywide",NA,NA,NA,NA,NA,NA,NA,0
"df_sp259","Sullivan","Commercial Improved","Countywide",0.82,1.03,1.09,18.91,26.2,1.05,0,16
"df_sp260","Sullivan","Residential Vacant","Countywide",0.64,0.99,1.1,29.75,45.85,1.07,0,9
"2.5%495","Sullivan","Residential Improved","Countywide",0.9,0.92,0.95,12.85,16.21,1.03,0,148
"2.5%496","Sullivan","Residential Improved","Cass",0.88,0.94,0.99,13.31,16,1.03,0,46
"df_sp261","Sullivan","Residential Improved","Haddon",0.86,0.99,1.14,10.15,13.33,0.99,0,8
"2.5%497","Sullivan","Residential Improved","Hamilton",0.88,0.91,0.94,12.48,16.43,1.03,0,94
"1221","Switzerland","Industrial Vacant","Countywide",NA,NA,NA,NA,NA,NA,NA,0
"1222","Switzerland","Industrial Improved","Countywide",NA,NA,NA,NA,NA,NA,NA,0
"1223","Switzerland","Commercial Vacant","Countywide",NA,NA,NA,NA,NA,NA,NA,0
"df_sp262","Switzerland","Commercial Improved","Countywide",0.84,0.92,1.14,16.26,20.19,1.02,0,8
"1224","Switzerland","Residential Vacant","Countywide",NA,NA,NA,NA,NA,NA,NA,0
"2.5%498","Switzerland","Residential Improved","Countywide",0.89,0.92,0.98,11.55,13.91,1.03,0,56
"2.5%499","Switzerland","Residential Improved","Craig",0.88,0.91,0.98,10.88,12.92,1.04,0,36
"df_sp263","Switzerland","Residential Improved","Cotton",0.81,0.91,1.04,13.47,17.43,1.01,0,9
"df_sp264","Switzerland","Residential Improved","Jefferson",0.85,0.94,1.12,12.22,14.22,1.02,0,11
"1225","Tipton","Industrial Vacant","Countywide",NA,NA,NA,NA,NA,NA,NA,0
"1226","Tipton","Industrial Improved","Countywide",NA,NA,NA,NA,NA,NA,NA,0
"1227","Tipton","Commercial Vacant","Countywide",NA,NA,NA,NA,NA,NA,NA,0
"df_sp265","Tipton","Commercial Improved","Countywide",0.82,0.9,0.97,10.29,12.64,1.03,0,10
"df_sp266","Tipton","Residential Vacant","Countywide",0.56,0.89,1.09,17.31,24.63,1.35,0,5
"2.5%500","Tipton","Residential Improved","Countywide",0.9,0.93,0.95,14.96,19.5,1.04,0,341
"2.5%501","Tipton","Residential Improved","Cicero",0.9,0.94,0.97,14.68,18.47,1.03,0,239
"df_sp267","Tipton","Residential Improved","Jefferson",0.83,0.94,1.08,18.98,28.5,1.08,0,16
"2.5%502","Tipton","Residential Improved","Liberty",0.87,0.92,0.96,14.56,20.15,1.05,0,46
"df_sp268","Tipton","Residential Improved","Madison",0.83,0.89,0.96,14.28,20.27,1.06,0,16
"df_sp269","Tipton","Residential Improved","Prairie",0.78,0.91,0.99,14.46,21.98,1.08,0,11
"df_sp270","Tipton","Residential Improved","Wildcat",0.87,0.9,0.98,14.92,20.14,1.01,0,13
"1228","Union","Industrial Vacant","Countywide",NA,NA,NA,NA,NA,NA,NA,0
"1229","Union","Industrial Improved","Countywide",NA,NA,NA,NA,NA,NA,NA,0
"1230","Union","Commercial Vacant","Countywide",NA,NA,NA,NA,NA,NA,NA,0
"1231","Union","Commercial Improved","Countywide",NA,NA,NA,NA,NA,NA,NA,0
"1232","Union","Residential Vacant","Countywide",NA,NA,NA,NA,NA,NA,NA,0
"2.5%503","Union","Residential Improved","Countywide",0.86,0.89,0.95,18.42,23.24,1.07,0,111
"2.5%504","Union","Residential Improved","Brownsville",0.85,0.88,0.95,18.63,25.64,1.05,0,25
"2.5%505","Union","Residential Improved","Harrison",0.77,0.9,1.00025,20.17,26.27,1.07,0,20
"2.5%506","Union","Residential Improved","Center",0.85,0.9,0.96,17.42,21.57,1.08,0,66
"1233","Vanderburgh","Industrial Vacant","Countywide",NA,NA,NA,NA,NA,NA,NA,0
"2.5%507","Vanderburgh","Industrial Improved","Countywide",0.39,0.44,0.57,37.16,45.27,1.39,0,26
"1234","Vanderburgh","Commercial Vacant","Countywide",NA,NA,NA,NA,NA,NA,NA,0
"2.5%508","Vanderburgh","Commercial Improved","Countywide",0.4,0.45,0.52,54.37,61.97,1.42,0,126
"2.5%509","Vanderburgh","Commercial Improved","Center",0.29,0.39,0.61,63.56,62.68,1.32,0,30
"2.5%510","Vanderburgh","Commercial Improved","Knight",0.41,0.48,0.600499999999999,50.55,54.38,1.49,0,51
"2.5%511","Vanderburgh","Commercial Improved","Pigeon",0.37,0.44,0.53,55.42,71.04,1.67,0,43
"1235","Vanderburgh","Commercial Improved","Armstrong",NA,NA,NA,NA,NA,NA,NA,2
"2.5%512","Vanderburgh","Residential Vacant","Countywide",0.01,0.02,0.06,775.92,160.17,0.54,0,42
"2.5%513","Vanderburgh","Residential Improved","Countywide",0.89,0.91,0.92,23.06,34.42,1.06,0,1754
"2.5%514","Vanderburgh","Residential Improved","Armstrong",0.54,0.65,0.9,42.77,41.81,1.18,0,44
"2.5%515","Vanderburgh","Residential Improved","Center",0.9,0.92,0.93,17.15,26.27,1.01,0,446
"2.5%516","Vanderburgh","Residential Improved","Perry",0.86,0.89,0.92,28.21,43.59,1.1,0,198
"2.5%517","Vanderburgh","Residential Improved","Knight",0.87,0.89,0.93,22.85,31.16,1.04,0,698
"2.5%518","Vanderburgh","Residential Improved","Pigeon",0.89,0.95,0.99,29.32,40.37,1.15,0,233
"2.5%519","Vanderburgh","Residential Improved","Scott",0.89,0.91,0.93,21,39.3,1.08,0,135
"1236","Vermillion","Industrial Vacant","Countywide",NA,NA,NA,NA,NA,NA,NA,0
"1237","Vermillion","Industrial Improved","Countywide",NA,NA,NA,NA,NA,NA,NA,0
"1238","Vermillion","Commercial Vacant","Countywide",NA,NA,NA,NA,NA,NA,NA,0
"df_sp271","Vermillion","Commercial Improved","Countywide",0.78,0.85,1.01,16.34,19.27,1.02,0,10
"2.5%520","Vermillion","Residential Vacant","Countywide",0.39,0.85,0.99,36.86,51.07,0.88,0,21
"2.5%521","Vermillion","Residential Improved","Countywide",0.88,0.9,0.92,13.93,17.61,1.01,0,199
"2.5%522","Vermillion","Residential Improved","Clinton",0.86,0.89,0.92,14.45,17.93,1.01,0,138
"df_sp272","Vermillion","Residential Improved","Eugene",0.8,0.91,1,11.52,15.65,0.98,0,11
"2.5%523","Vermillion","Residential Improved","Helt",0.87,0.91,0.99,13.59,18.2,1.01,0,26
"df_sp273","Vermillion","Residential Improved","Highland",0.78,0.92,0.99,14.44,18.68,0.99,0,16
"df_sp274","Vermillion","Residential Improved","Vermillion",0.83,0.93,1.03,8.63,11.7,1,0,8
"1239","Vigo","Industrial Vacant","Countywide",NA,NA,NA,NA,NA,NA,NA,0
"1240","Vigo","Industrial Improved","Countywide",NA,NA,NA,NA,NA,NA,NA,0
"df_sp275","Vigo","Commercial Vacant","Countywide",0.02,0.22,0.41,235.6,150.13,9.24,0,12
"2.5%524","Vigo","Commercial Improved","Countywide",0.75,0.82,0.89,31.16,41.99,1.38,0,49
"2.5%525","Vigo","Residential Vacant","Countywide",0.42,0.72,0.9,49.36,65.03,1.33,0,38
"2.5%526","Vigo","Residential Improved","Countywide",0.89,0.9,0.92,24.3,35.21,1.09,0,892
"2.5%527","Vigo","Residential Improved","Fayette",0.84,0.87,0.98,19.63,24.68,1.03,0,20
"2.5%528","Vigo","Residential Improved","Harrison",0.88,0.91,0.94,27.75,38.62,1.11,0,525
"2.5%529","Vigo","Residential Improved","Honey Creek",0.86,0.89,0.94,18.09,25.58,1.01,0,83
"2.5%530","Vigo","Residential Improved","Lost Creek",0.85,0.9,0.93,15.01,20.82,1.03,0,90
"2.5%531","Vigo","Residential Improved","Otter Creek",0.87,0.89,0.94,22.17,30.57,1.07,0,76
"2.5%532","Vigo","Residential Improved","Pierson",0.85,0.93,1.12,18.22,22.05,1.06,0,25
"2.5%533","Vigo","Residential Improved","Riley",0.87,0.91,0.97025,16.08,30,1.1,0,22
"2.5%534","Vigo","Residential Improved","Sugar Creek",0.84,0.91,1,26.47,41.17,1.09,0,40
"1241","Wabash","Industrial Vacant","Countywide",NA,NA,NA,NA,NA,NA,NA,0
"1242","Wabash","Industrial Improved","Countywide",NA,NA,NA,NA,NA,NA,NA,0
"1243","Wabash","Commercial Vacant","Countywide",NA,NA,NA,NA,NA,NA,NA,0
"df_sp276","Wabash","Commercial Improved","Countywide",0.76,0.94,0.94,14.36,24.23,1,0,11
"1244","Wabash","Commercial Improved","Chester",NA,NA,NA,NA,NA,NA,NA,0
"df_sp277","Wabash","Commercial Improved","Noble",0.76,0.94,0.94,14.36,24.23,1,0,11
"1245","Wabash","Residential Vacant","Countywide",NA,NA,NA,NA,NA,NA,NA,0
"2.5%535","Wabash","Residential Improved","Countywide",0.9,0.91,0.92,11.97,15.39,1.02,0,642
"2.5%536","Wabash","Residential Improved","Chester",0.89,0.91,0.94,13.22,16.8,1.01,0,149
"2.5%537","Wabash","Residential Improved","Lagro",0.86,0.9,0.96,11.98,15.96,1.03,0,30
"2.5%538","Wabash","Residential Improved","Liberty",0.86,0.91,0.99,11.34,14.47,1.02,0,27
"2.5%539","Wabash","Residential Improved","Noble",0.89,0.91,0.93,11.96,15.33,1.02,0,370
"df_sp278","Wabash","Residential Improved","Paw Paw",0.9,0.95,1,7.01,9.34,1.03,0,19
"2.5%540","Wabash","Residential Improved","Pleasant",0.88,0.91,0.9605,9.58,12.25,1.02,0,30
"df_sp279","Wabash","Residential Improved","Waltz",0.88,0.95,0.98,10.19,15.84,1.02,0,17
"1246","Warrick","Industrial Vacant","Countywide",NA,NA,NA,NA,NA,NA,NA,0
"df_sp280","Warrick","Industrial Improved","Countywide",0.96,0.99,1.06,5.85,8.38,0.97,0,6
"df_sp281","Warrick","Commercial Vacant","Countywide",0.61,0.84,0.93,26.42,43.27,1.01,0,12
"2.5%541","Warrick","Commercial Improved","Countywide",0.83,0.92,0.95,13.72,19.13,1.02,0,23
"df_sp282","Warrick","Commercial Improved","Boon",0.85,0.93,1.03,14.5,19.26,1.07,0,10
"df_sp283","Warrick","Commercial Improved","Ohio",0.82,0.89,0.94,13.29,19.41,0.99,0,13
"2.5%542","Warrick","Residential Vacant","Countywide",0.86,0.9,0.92,36.55,61.51,0.97,0,260
"df_sp284","Warrick","Residential Vacant","Hart",0.9,0.95,1.15,25.61,39.64,1.21,0,13
"2.5%543","Warrick","Residential Vacant","Boon",0.85,0.91,0.97,34.08,57.92,1.02,0,79
"df_sp285","Warrick","Residential Vacant","Campbell",0.81,0.86,0.91,18.37,27.62,1,0,13
"1247","Warrick","Residential Vacant","Greer",NA,NA,NA,NA,NA,NA,NA,4
"2.5%544","Warrick","Residential Vacant","Ohio",0.82,0.89,0.91,40.86,68.97,0.93,0,151
"2.5%545","Warrick","Residential Improved","Countywide",0.9,0.91,0.92,11.09,15.5,1.01,0,959
"df_sp286","Warrick","Residential Improved","Anderson",0.94,0.97,1.09,7.81,10.11,1.02,0,6
"2.5%546","Warrick","Residential Improved","Boon",0.89,0.91,0.92,13.01,18,1.01,0,219
"df_sp287","Warrick","Residential Improved","Campbell",0.7,0.91,0.95,11.17,15.26,1.03,0,11
"df_sp288","Warrick","Residential Improved","Greer",0.88,0.92,1,9.63,13.59,1.02,0,15
"df_sp289","Warrick","Residential Improved","Hart",0.88,0.92,0.96,10.78,16.41,1.01,0,15
"df_sp290","Warrick","Residential Improved","Pigeon",0.75,0.97,1.06,12.77,18.93,1,0,11
"2.5%547","Warrick","Residential Improved","Ohio",0.9,0.91,0.92,10.47,14.69,1.01,0,673
"df_sp291","Warrick","Residential Improved","Skelton",0.87,0.91,1.01,7.71,9.05,0.99,0,9
"1248","Washington","Industrial Vacant","Countywide",NA,NA,NA,NA,NA,NA,NA,0
"1249","Washington","Industrial Improved","Countywide",NA,NA,NA,NA,NA,NA,NA,0
"1250","Washington","Commercial Vacant","Countywide",NA,NA,NA,NA,NA,NA,NA,0
"df_sp292","Washington","Commercial Improved","Countywide",0.91,0.92,1.17,6.16,11.74,1.02,0,5
"2.5%548","Washington","Residential Vacant","Countywide",0.38,0.41,0.45,58.85,69.08,1.22,0,67
"2.5%549","Washington","Residential Improved","Countywide",0.86,0.9,0.92,16.52,32.29,1.04,0,199
"df_sp293","Washington","Residential Improved","Brown",0.61,0.81,0.96,16.45,21.66,1.07,0,7
"df_sp294","Washington","Residential Improved","Franklin",0.88,0.91,1.05,13,15.46,1.02,0,17
"df_sp295","Washington","Residential Improved","Howard",0.79,0.88,0.98,15.63,19.84,1.07,0,17
"2.5%550","Washington","Residential Improved","Pierce",0.81,0.91,1,13.52,17.09,1.01,0,21
"df_sp296","Washington","Residential Improved","Polk",0.85,0.88,0.97,12.27,18.77,1,0,11
"df_sp297","Washington","Residential Improved","Posey",0.81,0.93,1.09,15.76,22.31,1.04,0,11
"2.5%551","Washington","Residential Improved","Washington",0.86,0.89,0.92,18.35,38.92,1.05,0,115
"1251","Wayne","Industrial Vacant","Countywide",NA,NA,NA,NA,NA,NA,NA,0
"1252","Wayne","Industrial Improved","Countywide",NA,NA,NA,NA,NA,NA,NA,0
"1253","Wayne","Commercial Vacant","Countywide",NA,NA,NA,NA,NA,NA,NA,0
"df_sp298","Wayne","Commercial Improved","Countywide",0.73,0.91,0.97,20.31,31.25,1.13,0,15
"df_sp299","Wayne","Commercial Improved","Center",0.57,0.88,0.97,32.05,45.05,1.12,0,6
"df_sp300","Wayne","Commercial Improved","Wayne",0.73,0.91,0.98,13.31,19.05,1.12,0,9
"df_sp301","Wayne","Residential Vacant","Countywide",0.38,0.72,0.77,32.48,49.69,1.02,0,12
"2.5%552","Wayne","Residential Improved","Countywide",0.94,0.95,0.96,18.47,26.2,1.08,0,562
"1254","Wayne","Residential Improved","Dalton",NA,NA,NA,NA,NA,NA,NA,0
"df_sp302","Wayne","Residential Improved","Clay",0.71,0.91,1.68,22.97,36.23,1.13,0,5
"2.5%553","Wayne","Residential Improved","Center",0.87,0.91,0.94,15.15,26.48,1.05,0,56
"df_sp303","Wayne","Residential Improved","Franklin",0.71,0.89,1.05,13.81,19.81,1.08,0,8
"2.5%554","Wayne","Residential Improved","Jackson",0.87,0.96,1,19.33,29.69,1.09,0,27
"2.5%555","Wayne","Residential Improved","Jefferson",0.92,0.93,0.98,17.29,25.93,1.08,0,21
"2.5%556","Wayne","Residential Improved","Wayne",0.95,0.97,0.98,18.53,25.92,1.09,0,422
"1255","Wayne","Residential Improved","Abington",NA,NA,NA,NA,NA,NA,NA,1
"df_sp304","Wayne","Residential Improved","Boston",0.72,0.87,1.3,14.62,24.29,1.08,0,5
"1256","Wayne","Residential Improved","Greene",NA,NA,NA,NA,NA,NA,NA,4
"df_sp305","Wayne","Residential Improved","New Garden",0.82,0.85,0.92,8.96,12.63,1,0,6
"1257","Wayne","Residential Improved","Washington",NA,NA,NA,NA,NA,NA,NA,4
"1258","Wayne","Residential Improved","Webster",NA,NA,NA,NA,NA,NA,NA,3
"1259","Wells","Industrial Vacant","Countywide",NA,NA,NA,NA,NA,NA,NA,0
"1260","Wells","Industrial Improved","Countywide",NA,NA,NA,NA,NA,NA,NA,0
"1261","Wells","Commercial Vacant","Countywide",NA,NA,NA,NA,NA,NA,NA,0
"df_sp306","Wells","Commercial Improved","Countywide",0.86,0.98,1.03,33.29,47.84,0.84,0,12
"2.5%557","Wells","Residential Vacant","Countywide",0.96,1.01,1.12,17.56,25.6,1.07,0,22
"df_sp307","Wells","Residential Vacant","Jefferson",0.85,1,1.23,7.92,13.32,0.96,0,5
"df_sp308","Wells","Residential Vacant","Lancaster",0.79,0.98,1.19,16.86,23.16,1.02,0,7
"1262","Wells","Residential Vacant","Rockcreek",NA,NA,NA,NA,NA,NA,NA,2
"df_sp309","Wells","Residential Vacant","Chester",0.57,1.11,1.28,23.66,38.1,1.24,0,8
"2.5%558","Wells","Residential Improved","Countywide",1,1,1.01,17.2,42.39,1.07,0,638
"df_sp310","Wells","Residential Improved","Chester",0.89,1.01,1.12,9.32,12.27,1.01,0,8
"2.5%559","Wells","Residential Improved","Harrison",1,1.01,1.02,19.92,36.29,1.08,0,277
"df_sp311","Wells","Residential Improved","Jackson",0.81,1.01,1.06,30.95,50.9,1.05,0,6
"2.5%560","Wells","Residential Improved","Jefferson",1,1,1.02,13.3,43.91,1.05,0,141
"2.5%561","Wells","Residential Improved","Lancaster",0.99,1,1.01,7.53,12.49,1.01,0,114
"df_sp312","Wells","Residential Improved","Liberty",0.96,1.01,1.12,12.59,17.62,1.01,0,10
"df_sp313","Wells","Residential Improved","Nottingham",0.95,1.02,1.32,25.45,34.93,1.13,0,10
"2.5%562","Wells","Residential Improved","Rockcreek",0.99,1,1.03,40.79,82.61,1.27,0,42
"2.5%563","Wells","Residential Improved","Union",0.94,1,1.04025,10.87,20.34,1.04,0,30
"1263","White","Industrial Vacant","Countywide",NA,NA,NA,NA,NA,NA,NA,0
"1264","White","Industrial Improved","Countywide",NA,NA,NA,NA,NA,NA,NA,0
"1265","White","Commercial Vacant","Countywide",NA,NA,NA,NA,NA,NA,NA,0
"2.5%564","White","Commercial Improved","Countywide",0.78,0.9,0.96025,18.91,26.63,1.03,0,26
"df_sp314","White","Residential Vacant","Countywide",0.86,0.93,0.99,19.96,36.65,1.37,0,14
"1266","White","Residential Vacant","Liberty",NA,NA,NA,NA,NA,NA,NA,3
"1267","White","Residential Vacant","Monon",NA,NA,NA,NA,NA,NA,NA,3
"df_sp315","White","Residential Vacant","Union",0.74,0.95,1.05,7.28,12.17,1,0,5
"1268","White","Residential Vacant","Big Creek",NA,NA,NA,NA,NA,NA,NA,1
"2.5%565","White","Residential Improved","Countywide",0.9,0.91,0.91,18.3,28.58,1.04,0,723
"df_sp316","White","Residential Improved","Big Creek",0.78,0.91,0.99,14.04,17.12,1.03,0,19
"df_sp317","White","Residential Improved","Cass",0.9,0.93,0.98,15.2,30.41,1.02,0,8
"df_sp318","White","Residential Improved","Honey Creek",0.82,0.91,0.94,15,23.96,1,0,15
"df_sp319","White","Residential Improved","Jackson",0.87,0.95,0.97,14.14,24.53,0.99,0,10
"2.5%566","White","Residential Improved","Liberty",0.87,0.9,0.92,21.02,34.94,1.06,0,112
"df_sp320","White","Residential Improved","Lincoln",0.8,0.9,0.98,17.26,30.1,0.98,0,14
"2.5%567","White","Residential Improved","Monon",0.86,0.91,0.95,18.83,25.19,1.05,0,98
"2.5%568","White","Residential Improved","Prairie",0.85,0.9,0.92,15.94,19.73,1.01,0,96
"2.5%569","White","Residential Improved","Princeton",0.87,0.92,0.98,23.4,40.59,1.12,0,38
"1269","White","Residential Improved","Round Grove",NA,NA,NA,NA,NA,NA,NA,3
"2.5%570","White","Residential Improved","Union",0.89,0.91,0.93,17.97,27.98,1.03,0,310
"1270","Whitley","Industrial Vacant","Countywide",NA,NA,NA,NA,NA,NA,NA,0
"df_sp321","Whitley","Industrial Improved","Countywide",0.44,0.68,0.91,22.6,28.34,0.97,0,5
"1271","Whitley","Commercial Vacant","Countywide",NA,NA,NA,NA,NA,NA,NA,0
"df_sp322","Whitley","Commercial Improved","Countywide",0.67,0.96,1.19,28.9,42.55,1.73,0,11
"1272","Whitley","Commercial Improved","Columbia",NA,NA,NA,NA,NA,NA,NA,4
"df_sp323","Whitley","Commercial Improved","Cleveland",0.65,0.94,1.21,39.45,53.1,2.2,0,7
"df_sp324","Whitley","Residential Vacant","Countywide",0.04,0.32,0.47,103.44,125.87,2.12,0,17
"2.5%571","Whitley","Residential Improved","Countywide",0.94,0.95,0.95,12.45,17.71,1.01,0,694
"2.5%572","Whitley","Residential Improved","Cleveland",0.88,0.95,1.03,18.23,25.7,1.03,0,45
"2.5%573","Whitley","Residential Improved","Columbia",0.94,0.95,0.96,11.22,15.53,1.01,0,340
"2.5%574","Whitley","Residential Improved","Etna Troy",0.84,0.93,0.96,14.12,20.59,0.98,0,29
"2.5%575","Whitley","Residential Improved","Jefferson",0.92,0.95,1,11.07,16.24,1.05,0,29
"df_sp325","Whitley","Residential Improved","Richland",0.84,0.93,1.07,16.92,20.4,0.99,0,17
"2.5%576","Whitley","Residential Improved","Smith",0.93,0.95,0.97,12.02,17.5,1.01,0,98
"2.5%577","Whitley","Residential Improved","Thorncreek",0.89,0.94,0.97,15.19,22.49,1.02,0,73
"2.5%578","Whitley","Residential Improved","Union",0.92,0.95,0.97,9.1,12.79,1.01,0,50
"df_sp326","Whitley","Residential Improved","Washington",0.9,1.02,1.09,15.75,21.02,1.02,0,13
