"","County","Type","Grouping","LowerBound","Median","UpperBound","COD","COV","PRD","PRB","Sales"
"1","Adams","Industrial Vacant","Countywide",NA,NA,NA,NA,NA,NA,NA,0
"2","Adams","Industrial Improved","Countywide",NA,NA,NA,NA,NA,NA,NA,0
"3","Adams","Commercial Vacant","Countywide",NA,NA,NA,NA,NA,NA,NA,0
"2.5%","Adams","Commercial Improved","Countywide",0.87,0.98,1.05,12.34,14.77,1.03,0,26
"df_sp","Adams","Residential Vacant","Countywide",0.53,1.1,1.42,42.16,59.86,3.41,0,7
"2.5%1","Adams","Residential Improved","Countywide",0.92,0.94,0.95,14.47,19,1.03,0,707
"2.5%2","Adams","Residential Improved","Blue Creek",0.91,0.95,0.97,15.44,19.86,1.03,0,137
"2.5%3","Adams","Residential Improved","Hartford",0.88,0.93,0.97,15.68,20.76,1.03,0,122
"2.5%4","Adams","Residential Improved","Preble",0.82,0.91,1.00025,16.46,23.19,1.02,0,30
"2.5%5","Adams","Residential Improved","Washington",0.9,0.92,0.96,15.24,18.8,1.03,0,206
"2.5%6","Adams","Residential Improved","Root",0.91,0.94,0.96,12.35,16.95,1.02,0,212
"df_sp1","Allen","Industrial Vacant","Countywide",0.84,0.95,1.02,22.18,31.16,1.49,0,12
"df_sp2","Allen","Industrial Improved","Countywide",0.88,0.91,0.93,7.64,13.69,1.06,0,19
"df_sp3","Allen","Commercial Vacant","Countywide",0.91,0.93,0.99,6.04,7.47,1.03,0,12
"2.5%7","Allen","Commercial Improved","Countywide",0.92,0.94,0.96,10.39,16.18,1.05,0,93
"df_sp4","Allen","Commercial Improved","Aboite",0.93,0.99,1.03,5.41,6.92,1.03,0,6
"2.5%8","Allen","Commercial Improved","Adams",0.86,0.93,0.95,9.56,13.54,1.07,0,40
"df_sp5","Allen","Commercial Improved","Perry",0.89,0.97,0.98,8.65,12.96,1.02,0,19
"2.5%9","Allen","Commercial Improved","Washington",0.88,0.92,0.98,14.84,22.45,1.06,0,24
"2.5%10","Allen","Residential Vacant","Countywide",0.75,0.93,1.06,40.14,59.88,2.06,0,70
"df_sp6","Allen","Residential Vacant","Aboite",0.6,1.06,1.13,28.93,53.6,2.52,0,14
"df_sp7","Allen","Residential Vacant","Adams",0.66,0.75,1.05,40.13,50.14,1.32,0,9
"df_sp8","Allen","Residential Vacant","Cedar Creek",0.8,1.09,1.16,20.8,35.71,1.21,0,14
"df_sp9","Allen","Residential Vacant","Eel River",0.03,0.75,0.88,58.49,90.78,2.09,0,15
"df_sp10","Allen","Residential Vacant","Perry",0.52,1.05,1.1,30.45,53.53,1.17,0,13
"11","Allen","Residential Vacant","St. Joseph",NA,NA,NA,NA,NA,NA,NA,2
"2.5%11","Allen","Residential Improved","Countywide",0.99,0.99,0.99,15.78,50.66,1.06,0,6135
"2.5%12","Allen","Residential Improved","Aboite",0.99,1,1,16.95,58.86,1.08,0,946
"2.5%13","Allen","Residential Improved","Adams",0.95,0.97,0.98,10.92,21.97,1.01,0,409
"2.5%14","Allen","Residential Improved","Cedar Creek",0.99,1,1.01,60.71,86.8,1.35,0,236
"2.5%15","Allen","Residential Improved","Eel River",0.99,1,1.01,15.55,55.47,1.09,0,104
"df_sp11","Allen","Residential Improved","Jackson",0.92,0.98,1.02,10.03,13.52,1,0,13
"2.5%16","Allen","Residential Improved","Lafayette",0.95,0.98,1,8.26,10.52,1.01,0,82
"2.5%17","Allen","Residential Improved","Lake",0.92,0.99,1.04,9.06,11.33,1,0,28
"2.5%18","Allen","Residential Improved","Maumee",0.91,0.95,1.02,8.85,10.79,0.99,0,35
"df_sp12","Allen","Residential Improved","Milan",0.89,0.96,1.01,18.28,34.97,1.07,0,19
"df_sp13","Allen","Residential Improved","Monroe",0.91,0.95,0.99,9.97,14.03,1.02,0,17
"2.5%19","Allen","Residential Improved","Perry",0.99,0.99,1,18.25,56.1,1.09,0,1024
"2.5%20","Allen","Residential Improved","Pleasant",0.91,0.96,0.99,12.78,20.12,1,0,41
"2.5%21","Allen","Residential Improved","Scipio",0.93,0.98,1.02,9.44,13.12,1.02,0,30
"2.5%22","Allen","Residential Improved","St. Joseph",0.98,0.98,0.99,14.79,52.4,1.06,0,1186
"2.5%23","Allen","Residential Improved","Washington",0.99,1,1,9.22,31.08,1.02,0,562
"2.5%24","Allen","Residential Improved","Wayne",0.99,1,1,11.37,16.51,1.01,0,1403
"12","Bartholomew","Industrial Vacant","Countywide",NA,NA,NA,NA,NA,NA,NA,0
"13","Bartholomew","Industrial Improved","Countywide",NA,NA,NA,NA,NA,NA,NA,0
"14","Bartholomew","Commercial Vacant","Countywide",NA,NA,NA,NA,NA,NA,NA,0
"df_sp14","Bartholomew","Commercial Improved","Countywide",0.82,0.95,0.97,18.55,34.04,1.03,0,15
"2.5%25","Bartholomew","Residential Vacant","Countywide",1.03,1.09,1.15,11.9,20.53,1.11,0,35
"df_sp15","Bartholomew","Residential Vacant","Columbus",0.99,1.08,1.15,9.44,11.24,1.08,0,14
"df_sp16","Bartholomew","Residential Vacant","Harrison",1.05,1.12,1.23,18.05,38.03,1.24,0,9
"df_sp17","Bartholomew","Residential Vacant","Clay",0.96,1.08,1.15,9.89,12.55,1.15,0,12
"2.5%26","Bartholomew","Residential Improved","Countywide",0.9,0.9,0.91,9.74,14.62,1,0,1085
"2.5%27","Bartholomew","Residential Improved","Clay",0.87,0.91,0.96,9.28,12.81,0.99,0,38
"df_sp18","Bartholomew","Residential Improved","Clifty",0.86,0.91,1,9.17,11.06,1,0,9
"2.5%28","Bartholomew","Residential Improved","Columbus",0.89,0.9,0.91,9.4,14.7,1,0,749
"2.5%29","Bartholomew","Residential Improved","Flatrock",0.9,0.93,1,13.86,19.12,1.01,0,29
"2.5%30","Bartholomew","Residential Improved","German",0.85,0.9,0.92,8.33,10.84,1,0,69
"2.5%31","Bartholomew","Residential Improved","Harrison",0.9,0.93,0.95,9.71,14.96,1,0,66
"2.5%32","Bartholomew","Residential Improved","Hawcreek",0.86,0.91,0.96,13.29,17.48,1.01,0,44
"df_sp19","Bartholomew","Residential Improved","Jackson",0.77,0.91,0.98,14.4,17.02,1,0,10
"df_sp20","Bartholomew","Residential Improved","Ohio",0.85,0.9,0.93,8.67,11.74,1.01,0,18
"2.5%33","Bartholomew","Residential Improved","Rockcreek",0.85,0.9,0.99,10.9,13.73,1.02,0,30
"2.5%34","Bartholomew","Residential Improved","Wayne",0.8,0.9,0.9205,8.83,10.85,0.98,0,23
"15","Benton","Industrial Vacant","Countywide",NA,NA,NA,NA,NA,NA,NA,0
"16","Benton","Industrial Improved","Countywide",NA,NA,NA,NA,NA,NA,NA,0
"17","Benton","Commercial Vacant","Countywide",NA,NA,NA,NA,NA,NA,NA,0
"df_sp21","Benton","Commercial Improved","Countywide",0.97,1.01,1.07,4.86,5.97,1.01,0,8
"18","Benton","Residential Vacant","Countywide",NA,NA,NA,NA,NA,NA,NA,0
"2.5%35","Benton","Residential Improved","Countywide",0.93,0.96,1,13.38,17.95,1.03,0,150
"2.5%36","Benton","Residential Improved","Bolivar",0.87,0.93,1,11.86,16.13,1,0,24
"2.5%37","Benton","Residential Improved","Center",0.94,1,1.02,11.34,14.62,1.03,0,50
"df_sp22","Benton","Residential Improved","Grant",0.86,0.92,0.97,14.04,17.91,1.03,0,17
"2.5%38","Benton","Residential Improved","Oak Grove",0.9,0.94,1.03,16.14,21.86,1.04,0,35
"df_sp23","Benton","Residential Improved","Richland",0.92,0.95,1.01,9.14,12.84,1.01,0,10
"df_sp24","Benton","Residential Improved","Gilboa",0.84,0.98,1.12,16.38,22.5,1.06,0,14
"19","Blackford","Industrial Vacant","Countywide",NA,NA,NA,NA,NA,NA,NA,0
"110","Blackford","Industrial Improved","Countywide",NA,NA,NA,NA,NA,NA,NA,0
"111","Blackford","Commercial Vacant","Countywide",NA,NA,NA,NA,NA,NA,NA,0
"df_sp25","Blackford","Commercial Improved","Countywide",0.34,0.5,0.71,25.38,30.39,1.12,0,5
"df_sp26","Blackford","Residential Vacant","Countywide",0.75,1.09,1.53,42.43,54.16,1.18,0,11
"2.5%39","Blackford","Residential Improved","Countywide",0.99,1,1.01,13.04,23.08,1.03,0,225
"2.5%40","Blackford","Residential Improved","Harrison",0.98,1,1.02,8.12,11.92,1.02,0,30
"df_sp27","Blackford","Residential Improved","Jackson",0.95,1,1.11,19.2,28.28,1.08,0,9
"2.5%41","Blackford","Residential Improved","Licking",0.98,1,1.03,13.6,24.36,1.03,0,180
"df_sp28","Blackford","Residential Improved","Washington",0.9,0.98,1.01,11.37,18.84,1.01,0,6
"112","Boone","Industrial Vacant","Countywide",NA,NA,NA,NA,NA,NA,NA,0
"113","Boone","Industrial Improved","Countywide",NA,NA,NA,NA,NA,NA,NA,0
"df_sp29","Boone","Commercial Vacant","Countywide",0.03,0.36,1,80.71,88.65,0.87,0,5
"2.5%42","Boone","Commercial Improved","Countywide",0.93,0.98,0.99,13.72,27.4,1,0,22
"2.5%43","Boone","Residential Vacant","Countywide",1,1,1,24.74,50.06,0.89,0,92
"2.5%44","Boone","Residential Improved","Countywide",1,1,1,6.36,17.94,1.01,0,1760
"2.5%45","Boone","Residential Improved","Center",0.99,1,1,5.23,8.21,1,0,424
"2.5%46","Boone","Residential Improved","Clinton",0.93,0.94,0.96,5.89,8.15,1,0,34
"2.5%47","Boone","Residential Improved","Eagle",1,1,1.01,7.88,24.3,1.02,0,603
"2.5%48","Boone","Residential Improved","Harrison",0.97,0.98,1.02025,14.36,46.28,1.08,0,59
"2.5%49","Boone","Residential Improved","Jefferson",0.94,0.98,1.07,7.57,8.85,1,0,23
"2.5%50","Boone","Residential Improved","Perry",0.99,1,1.01,4.53,7.39,1.01,0,186
"2.5%51","Boone","Residential Improved","Sugar Creek",0.92975,0.99,1.04,7.25,9.36,1.01,0,22
"2.5%52","Boone","Residential Improved","Union",0.98,1.01,1.02,6.36,10.12,1.01,0,57
"2.5%53","Boone","Residential Improved","Worth",1,1,1.01,4.45,6.33,1,0,352
"114","Brown","Industrial Vacant","Countywide",NA,NA,NA,NA,NA,NA,NA,0
"115","Brown","Industrial Improved","Countywide",NA,NA,NA,NA,NA,NA,NA,0
"116","Brown","Commercial Vacant","Countywide",NA,NA,NA,NA,NA,NA,NA,0
"df_sp30","Brown","Commercial Improved","Countywide",0.87,0.94,0.98,10.85,18.63,1.07,0,11
"2.5%54","Brown","Residential Vacant","Countywide",0.95,0.99,1.06,19.36,28.8,1.25,0,60
"2.5%55","Brown","Residential Vacant","Hamblen",0.78,1,1.06,21.62,30.25,1.38,0,22
"df_sp31","Brown","Residential Vacant","Jackson",0.65,0.95,1,22.3,38.97,1.42,0,6
"df_sp32","Brown","Residential Vacant","Van Buren",0.68,0.96,1.08,23.41,35.64,1.16,0,11
"2.5%56","Brown","Residential Vacant","Washington",0.97,1.03,1.13,13.62,21.35,1.08,0,21
"2.5%57","Brown","Residential Improved","Countywide",0.92,0.94,0.96,16.05,28.28,1.06,0,273
"2.5%58","Brown","Residential Improved","Hamblen",0.88,0.91,0.95,18.39,32.97,1.07,0,104
"2.5%59","Brown","Residential Improved","Jackson",0.92,0.98,1.01,16.76,27.1,1.08,0,61
"df_sp33","Brown","Residential Improved","Van Buren",0.85,0.93,1,10.08,13.18,0.99,0,19
"2.5%60","Brown","Residential Improved","Washington",0.89,0.94,0.97,13.47,25.25,1.03,0,89
"117","Carroll","Industrial Vacant","Countywide",NA,NA,NA,NA,NA,NA,NA,0
"118","Carroll","Industrial Improved","Countywide",NA,NA,NA,NA,NA,NA,NA,0
"119","Carroll","Commercial Vacant","Countywide",NA,NA,NA,NA,NA,NA,NA,0
"2.5%61","Carroll","Commercial Improved","Countywide",0.79,0.91,0.97,45.45,103.29,1.16,0,38
"2.5%62","Carroll","Residential Vacant","Countywide",0.53,0.64,0.85,52.57,58.81,1.61,0,67
"2.5%63","Carroll","Residential Improved","Countywide",0.93,0.95,0.96,28.85,78.45,1.14,0,919
"2.5%64","Carroll","Residential Improved","Adams",0.89,0.95,0.99025,46.77,96.71,1.29,0,58
"2.5%65","Carroll","Residential Improved","Burlington",0.92,0.96,1,42.73,106.99,1.26,0,68
"2.5%66","Carroll","Residential Improved","Clay",0.81,0.94,0.99,35.41,109.01,1.21,0,38
"2.5%67","Carroll","Residential Improved","Deer Creek",0.92,0.96,1,26.61,73.42,1.12,0,188
"2.5%68","Carroll","Residential Improved","Democrat",0.87,0.98,1.1,35.5,86.6,1.17,0,27
"2.5%69","Carroll","Residential Improved","Jackson",0.87,0.96,1.0105,35.45,101.36,1.15,0,45
"2.5%70","Carroll","Residential Improved","Jefferson",0.9,0.92,0.95,27.23,80.31,1.12,0,203
"2.5%71","Carroll","Residential Improved","Madison",0.88,0.95,1.1,26.57,55.13,1.1,0,22
"2.5%72","Carroll","Residential Improved","Monroe",0.91,0.95,1.01,19.6,29.2,1.06,0,143
"120","Cass","Industrial Vacant","Countywide",NA,NA,NA,NA,NA,NA,NA,0
"df_sp34","Cass","Industrial Improved","Countywide",0.69,0.99,1.02,22.27,32.04,0.99,0,9
"df_sp35","Cass","Commercial Vacant","Countywide",0.29,0.65,1.04,92.03,106.37,1.86,0,6
"2.5%73","Cass","Commercial Improved","Countywide",0.84,1.04,1.08,26.09,40.82,1.08,0,61
"2.5%74","Cass","Residential Vacant","Countywide",0.87,1.11,1.2,32.87,47.13,1.3,0,35
"2.5%75","Cass","Residential Improved","Countywide",0.94,0.95,0.96,18.95,33.92,1.06,0,1046
"df_sp36","Cass","Residential Improved","Adams",0.62,0.8,1.02,24.27,27.89,1.07,0,11
"df_sp37","Cass","Residential Improved","Bethlehem",0.84,0.99,1.11,16.33,21.09,1.04,0,18
"2.5%76","Cass","Residential Improved","Boone",0.91,0.94,0.99,24.44,44.99,1.09,0,94
"2.5%77","Cass","Residential Improved","Clay",0.91,0.94,0.98,13.82,19.53,1.02,0,80
"2.5%78","Cass","Residential Improved","Deer Creek",0.93,0.95,0.97,13.38,20.02,1.03,0,91
"2.5%79","Cass","Residential Improved","Eel",0.93,0.95,0.97,20.56,37.4,1.08,0,588
"2.5%80","Cass","Residential Improved","Miami",0.86,0.93,1.03,14.64,16.91,1.01,0,28
"2.5%81","Cass","Residential Improved","Noble",0.89,0.95,1.03,14.65,20.24,1.02,0,39
"2.5%82","Cass","Residential Improved","Tipton",0.85975,0.95,0.99,15.29,18.65,1.04,0,70
"2.5%83","Cass","Residential Improved","Washington",0.82,0.95,1.02,19.52,29.3,1.03,0,27
"121","Clark","Industrial Vacant","Countywide",NA,NA,NA,NA,NA,NA,NA,0
"122","Clark","Industrial Improved","Countywide",NA,NA,NA,NA,NA,NA,NA,0
"df_sp38","Clark","Commercial Vacant","Countywide",0.12,0.2,1.9,187.53,146.45,1.76,0,5
"2.5%84","Clark","Commercial Improved","Countywide",0.96,0.98,1,10.49,19.58,1.03,0,75
"2.5%85","Clark","Residential Vacant","Countywide",1.03,1.08,1.13,22.81,36.83,1.36,0,97
"df_sp39","Clark","Residential Vacant","Carr",0.98,1.18,1.3,21.37,38.09,1.33,0,14
"2.5%86","Clark","Residential Vacant","Charlestown",0.98,1.08,1.19,26.71,42.09,1.49,0,28
"df_sp40","Clark","Residential Vacant","Jeffersonville",0.78,1,1.1,26.15,44.28,2.17,0,16
"df_sp41","Clark","Residential Vacant","Monroe",1.04,1.08,1.23,6.78,9.14,1.09,0,7
"df_sp42","Clark","Residential Vacant","Union",0.07,1.15,1.15,27.49,63.07,1.1,0,7
"2.5%87","Clark","Residential Vacant","Utica",1.01,1.05,1.13,14,18.51,1.13,0,21
"123","Clark","Residential Vacant","Bethlehem",NA,NA,NA,NA,NA,NA,NA,4
"2.5%88","Clark","Residential Improved","Countywide",0.98,0.98,0.99,14.19,30.23,1.04,0,2583
"2.5%89","Clark","Residential Improved","Bethlehem",0.89,0.95,1,14.46,21.38,0.98,0,28
"2.5%90","Clark","Residential Improved","Carr",0.96,0.98,0.99,11.83,27.24,1.02,0,97
"2.5%91","Clark","Residential Improved","Charlestown",0.97,0.98,1,9.69,19.86,1.01,0,391
"2.5%92","Clark","Residential Improved","Jeffersonville",0.98,0.99,0.99,18.84,36.49,1.06,0,1171
"2.5%93","Clark","Residential Improved","Monroe",0.95,0.99,1,15.11,27.54,1.06,0,92
"df_sp43","Clark","Residential Improved","Oregon",0.86,0.92,0.97,9.3,12.79,1.01,0,17
"2.5%94","Clark","Residential Improved","Silver Creek",0.96,0.97,0.98,9.6,15.71,1.01,0,275
"2.5%95","Clark","Residential Improved","Union",0.97,0.99,1,10.78,18.03,1.01,0,115
"2.5%96","Clark","Residential Improved","Utica",0.98,0.99,0.99,7.22,21.86,1.02,0,335
"2.5%97","Clark","Residential Improved","Washington",0.86,0.92,1.01,10.67,13.14,1,0,21
"2.5%98","Clark","Residential Improved","Wood",0.88,0.96,0.99,25.59,52.03,1.09,0,41
"124","Clay","Industrial Vacant","Countywide",NA,NA,NA,NA,NA,NA,NA,0
"125","Clay","Industrial Improved","Countywide",NA,NA,NA,NA,NA,NA,NA,0
"126","Clay","Commercial Vacant","Countywide",NA,NA,NA,NA,NA,NA,NA,0
"df_sp44","Clay","Commercial Improved","Countywide",0.91,0.99,1.04,7.15,10.59,1,0,7
"127","Clay","Residential Vacant","Countywide",NA,NA,NA,NA,NA,NA,NA,0
"2.5%99","Clay","Residential Improved","Countywide",0.9,0.92,0.93,13.75,17.92,1.04,0,314
"2.5%100","Clay","Residential Improved","Brazil",0.89,0.92,0.94,14.9,19.15,1.03,0,128
"2.5%101","Clay","Residential Improved","Dick Johnson",0.85,0.96,0.99,15.15,23.15,1.11,0,31
"2.5%102","Clay","Residential Improved","Cass",0.86,0.91,0.93,12.19,15.32,1.04,0,65
"2.5%103","Clay","Residential Improved","Harrison",0.88,0.94,1.04,12.93,17.19,1.02,0,21
"2.5%104","Clay","Residential Improved","Perry",0.88,0.9,0.95,12.55,14.97,1.02,0,69
"128","Clinton","Industrial Vacant","Countywide",NA,NA,NA,NA,NA,NA,NA,0
"129","Clinton","Industrial Improved","Countywide",NA,NA,NA,NA,NA,NA,NA,0
"130","Clinton","Commercial Vacant","Countywide",NA,NA,NA,NA,NA,NA,NA,0
"131","Clinton","Commercial Improved","Countywide",NA,NA,NA,NA,NA,NA,NA,0
"132","Clinton","Residential Vacant","Countywide",NA,NA,NA,NA,NA,NA,NA,0
"2.5%105","Clinton","Residential Improved","Countywide",0.88,0.91,0.92,15.59,20.69,1.03,0,254
"2.5%106","Clinton","Residential Improved","Center",0.84,0.88,0.93,17.81,22.48,1.04,0,143
"2.5%107","Clinton","Residential Improved","Union",0.87,0.9,0.99,11.82,15.65,1.03,0,27
"2.5%108","Clinton","Residential Improved","Perry",0.87,0.91,0.97,13.91,19.28,1.02,0,33
"df_sp45","Clinton","Residential Improved","Madison",0.8,0.89,0.95,11.67,15.67,1.03,0,19
"2.5%109","Clinton","Residential Improved","Ross",0.92,0.96,1.02,9.46,12.35,1,0,21
"df_sp46","Clinton","Residential Improved","Michigan",0.52,0.81,0.99,23.38,29.15,1.03,0,11
"133","Crawford","Industrial Vacant","Countywide",NA,NA,NA,NA,NA,NA,NA,0
"134","Crawford","Industrial Improved","Countywide",NA,NA,NA,NA,NA,NA,NA,0
"135","Crawford","Commercial Vacant","Countywide",NA,NA,NA,NA,NA,NA,NA,0
"df_sp47","Crawford","Commercial Improved","Countywide",0.81,0.92,1.05,12.77,16.55,1.04,0,6
"df_sp48","Crawford","Residential Vacant","Countywide",0.78,0.98,1.12,24.57,40.05,1.06,0,13
"df_sp49","Crawford","Residential Vacant","Boone",0.68,1.07,1.16,23.83,37.45,1.04,0,8
"df_sp50","Crawford","Residential Vacant","Patoka",0.12,0.96,1.03,20.91,47.82,1.06,0,5
"2.5%110","Crawford","Residential Improved","Countywide",0.89,0.91,0.94,10.24,15.82,1.02,0,57
"df_sp51","Crawford","Residential Improved","Boone",0.84,0.94,0.96,12.52,19.51,1.05,0,6
"df_sp52","Crawford","Residential Improved","Jennings",0.72,0.9,0.91,15.41,22.88,0.99,0,13
"df_sp53","Crawford","Residential Improved","Johnson",0.88,0.94,0.98,11.68,16.35,1.03,0,15
"df_sp54","Crawford","Residential Improved","Liberty",0.9,0.93,0.96,6,8.82,1.01,0,15
"df_sp55","Crawford","Residential Improved","Whiskey Run",0.87,0.91,0.95,3.59,5.11,1.01,0,8
"136","Daviess","Industrial Vacant","Countywide",NA,NA,NA,NA,NA,NA,NA,0
"137","Daviess","Industrial Improved","Countywide",NA,NA,NA,NA,NA,NA,NA,0
"138","Daviess","Commercial Vacant","Countywide",NA,NA,NA,NA,NA,NA,NA,0
"139","Daviess","Commercial Improved","Countywide",NA,NA,NA,NA,NA,NA,NA,0
"df_sp56","Daviess","Residential Vacant","Countywide",0.6,0.72,0.94,35.46,48.5,0.92,0,10
"2.5%111","Daviess","Residential Improved","Countywide",0.94,0.97,1,13.46,19.5,1.01,0,157
"2.5%112","Daviess","Residential Improved","Madison",0.83,0.94,1.08,13.54,14.79,1.02,0,20
"2.5%113","Daviess","Residential Improved","Washington",0.95,0.96,1.01,14.5,22.32,1.02,0,94
"df_sp57","Daviess","Residential Improved","Elmore",0.83,0.9,0.99,12.97,18.56,1.03,0,14
"2.5%114","Daviess","Residential Improved","Barr",0.92,1.02,1.06,9.08,12.23,1,0,29
"140","Dearborn","Industrial Vacant","Countywide",NA,NA,NA,NA,NA,NA,NA,0
"141","Dearborn","Industrial Improved","Countywide",NA,NA,NA,NA,NA,NA,NA,0
"142","Dearborn","Commercial Vacant","Countywide",NA,NA,NA,NA,NA,NA,NA,0
"2.5%115","Dearborn","Commercial Improved","Countywide",0.85,0.91,0.97,21.63,34.2,1.04,0,44
"2.5%116","Dearborn","Residential Vacant","Countywide",0.87,0.94,1.03,41.21,54.34,2.09,0,111
"2.5%117","Dearborn","Residential Improved","Countywide",0.88,0.9,0.91,21.07,39.45,1.08,0,897
"2.5%118","Dearborn","Residential Improved","Caesar Creek",0.86,0.89,0.94,22.86,50.66,1.1,0,43
"2.5%119","Dearborn","Residential Improved","Hogan",0.79,0.9,0.97,28.47,48.06,1.16,0,35
"2.5%120","Dearborn","Residential Improved","Center",0.85,0.91,0.96,31.44,54.65,1.16,0,108
"2.5%121","Dearborn","Residential Improved","Harrison",0.83,0.89,0.95,18.68,27.92,1.07,0,57
"df_sp58","Dearborn","Residential Improved","Jackson",0.71,0.84,0.91,16.14,19.89,1.03,0,16
"2.5%122","Dearborn","Residential Improved","Kelso",0.81,0.9,0.95,16.01,22.62,1.05,0,32
"2.5%123","Dearborn","Residential Improved","Lawrenceburg",0.86975,0.89,0.92,16.42,23.34,1.04,0,275
"2.5%124","Dearborn","Residential Improved","Logan",0.86,0.89,0.92,22.41,36.47,1.1,0,48
"2.5%125","Dearborn","Residential Improved","Miller",0.88,0.91,0.93,15.33,26.52,1.04,0,245
"2.5%126","Dearborn","Residential Improved","Sparta",0.69,0.83,1.06,72.63,85.26,1.53,0,28
"df_sp59","Dearborn","Residential Improved","York",0.73,0.94,1.35,37.04,49.22,1.21,0,10
"143","Decatur","Industrial Vacant","Countywide",NA,NA,NA,NA,NA,NA,NA,0
"144","Decatur","Industrial Improved","Countywide",NA,NA,NA,NA,NA,NA,NA,0
"145","Decatur","Commercial Vacant","Countywide",NA,NA,NA,NA,NA,NA,NA,0
"2.5%127","Decatur","Commercial Improved","Countywide",0.72,0.85,0.96,21.68,29.21,0.96,0,37
"2.5%128","Decatur","Residential Vacant","Countywide",0.71,0.87,1.06,47.64,63.22,1.13,0,39
"2.5%129","Decatur","Residential Improved","Countywide",0.92,0.93,0.94,14.88,33.46,1.03,0,775
"2.5%130","Decatur","Residential Improved","Adams",0.85,0.95,0.97,15.07,19.32,1.01,0,42
"2.5%131","Decatur","Residential Improved","Clay",0.82,0.92,0.99,15.63,23.26,1.02,0,24
"df_sp60","Decatur","Residential Improved","Clinton",0.8,0.87,0.93,19.53,30.94,1.08,0,18
"2.5%132","Decatur","Residential Improved","Fugit",0.85,0.92,0.96,14.96,18.75,1.01,0,80
"2.5%133","Decatur","Residential Improved","Marion",0.82,0.93,1.03,19.34,32.71,1.08,0,25
"2.5%134","Decatur","Residential Improved","Saltcreek",0.86,0.97,1.02,13.74,18.73,1.04,0,21
"2.5%135","Decatur","Residential Improved","Sandcreek",0.91,0.94,1.00025,14.2,19.89,1.03,0,58
"2.5%136","Decatur","Residential Improved","Washington",0.91,0.93,0.94,14.45,38.2,1.03,0,507
"146","Dekalb","Industrial Vacant","Countywide",NA,NA,NA,NA,NA,NA,NA,0
"147","Dekalb","Industrial Improved","Countywide",NA,NA,NA,NA,NA,NA,NA,0
"148","Dekalb","Commercial Vacant","Countywide",NA,NA,NA,NA,NA,NA,NA,0
"df_sp61","Dekalb","Commercial Improved","Countywide",0.83,0.88,1.03,16.85,22.02,1,0,15
"df_sp62","Dekalb","Commercial Improved","Union",0.83,0.96,1.08,13.29,16.08,0.99,0,8
"df_sp63","Dekalb","Commercial Improved","Butler",0.73,0.86,0.98,18.29,29.05,1.09,0,7
"2.5%137","Dekalb","Residential Vacant","Countywide",0.74,1.15,1.3,28.84,36.55,1.23,0,20
"df_sp64","Dekalb","Residential Vacant","Keyser",0.72,0.86,1.27,38.28,38.9,1.3,0,9
"149","Dekalb","Residential Vacant","Union",NA,NA,NA,NA,NA,NA,NA,2
"df_sp65","Dekalb","Residential Vacant","Butler",0.64,1.07,1.24,30.83,40.17,1.28,0,9
"2.5%138","Dekalb","Residential Improved","Countywide",0.96975,0.98,0.99,17.3,36.51,1.05,0,647
"2.5%139","Dekalb","Residential Improved","Butler",0.93,0.98,1,10.56,15.74,1.02,0,73
"2.5%140","Dekalb","Residential Improved","Concord",0.9,0.99,1.05,13.89,16.87,1,0,33
"2.5%141","Dekalb","Residential Improved","Fairfield",0.83,0.93,1.01,13.54,16.39,1.03,0,22
"2.5%142","Dekalb","Residential Improved","Franklin",0.89,0.95,1.02,16.65,20.94,1.02,0,68
"2.5%143","Dekalb","Residential Improved","Grant",0.91,0.96,1,13.3,18.87,1.02,0,62
"2.5%144","Dekalb","Residential Improved","Keyser",0.95,0.98,1,22.31,47.51,1.09,0,142
"2.5%145","Dekalb","Residential Improved","Union",0.98,0.99,1.01,18.41,39.97,1.06,0,247
"150","Delaware","Industrial Vacant","Countywide",NA,NA,NA,NA,NA,NA,NA,0
"151","Delaware","Industrial Improved","Countywide",NA,NA,NA,NA,NA,NA,NA,0
"152","Delaware","Commercial Vacant","Countywide",NA,NA,NA,NA,NA,NA,NA,0
"2.5%146","Delaware","Commercial Improved","Countywide",0.89,0.96,0.99,19.47,28.05,1.25,0,90
"2.5%147","Delaware","Commercial Improved","Center",0.85,0.92,0.99,21.5,29.47,1.28,0,69
"df_sp66","Delaware","Commercial Improved","Mt. Pleasant",0.52,0.93,1.08,22.88,34.6,0.99,0,8
"df_sp67","Delaware","Commercial Improved","Delaware",0.9,0.98,1,9.8,14.02,1.01,0,13
"2.5%148","Delaware","Residential Vacant","Countywide",1.04,1.15,1.24,21.15,38.86,1.44,0,26
"153","Delaware","Residential Vacant","Center",NA,NA,NA,NA,NA,NA,NA,2
"df_sp68","Delaware","Residential Vacant","Mt. Pleasant",1.14,1.21,1.25,5.63,7.44,1.14,0,10
"df_sp69","Delaware","Residential Vacant","Delaware",0.81,1,1.24,35.87,56.77,1.63,0,14
"2.5%149","Delaware","Residential Improved","Countywide",0.91,0.92,0.93,14.59,19.08,1.02,0,1495
"2.5%150","Delaware","Residential Improved","Center",0.9,0.91,0.92,15.47,19.7,1.03,0,928
"2.5%151","Delaware","Residential Improved","Delaware",0.88,0.92,0.96,11.76,16.15,0.99,0,33
"2.5%152","Delaware","Residential Improved","Hamilton",0.89,0.92,0.95,12.67,17.76,1,0,90
"2.5%153","Delaware","Residential Improved","Harrison",0.91,0.93,1.01,10.29,12.88,1.03,0,31
"2.5%154","Delaware","Residential Improved","Liberty",0.83,0.94,0.98,16.82,21.27,1.02,0,45
"2.5%155","Delaware","Residential Improved","Monroe",0.89,0.94,0.99,11.69,14.81,1,0,33
"2.5%156","Delaware","Residential Improved","Mt. Pleasant",0.88,0.91,0.93,13.93,19.11,1.02,0,235
"df_sp70","Delaware","Residential Improved","Niles",0.89,0.94,0.99,11.44,17.54,1.01,0,13
"df_sp71","Delaware","Residential Improved","Perry",0.92,0.94,1.07,10.98,14.05,1.01,0,18
"2.5%157","Delaware","Residential Improved","Salem",0.9,0.94,0.99,12.76,17.78,1.04,0,38
"2.5%158","Delaware","Residential Improved","Union",0.93,0.95,1.02,9.52,16.52,0.99,0,21
"df_sp72","Delaware","Residential Improved","Washington",0.92,1.01,1.18,13.71,16.99,1.04,0,10
"154","Dubois","Industrial Vacant","Countywide",NA,NA,NA,NA,NA,NA,NA,0
"155","Dubois","Industrial Improved","Countywide",NA,NA,NA,NA,NA,NA,NA,0
"156","Dubois","Commercial Vacant","Countywide",NA,NA,NA,NA,NA,NA,NA,0
"df_sp73","Dubois","Commercial Improved","Countywide",0.89,0.94,0.98,10.17,21.91,1.04,0,14
"df_sp74","Dubois","Commercial Improved","Bainbridge",0.9,0.96,0.98,12.29,27.69,1.03,0,9
"df_sp75","Dubois","Commercial Improved","Boone",0.89,0.91,1.06,5.06,7.57,1,0,5
"2.5%159","Dubois","Residential Vacant","Countywide",0.99,1.03,1.1,12.75,17.01,1.18,0,38
"df_sp76","Dubois","Residential Vacant","Bainbridge",0.87,1.02,1.12,14.33,18.19,1.17,0,19
"157","Dubois","Residential Vacant","Cass",NA,NA,NA,NA,NA,NA,NA,4
"df_sp77","Dubois","Residential Vacant","Columbia",0.98,1.09,1.16,12.35,16.73,1.17,0,15
"2.5%160","Dubois","Residential Improved","Countywide",0.9,0.91,0.92,30.87,98.96,1.19,0,512
"2.5%161","Dubois","Residential Improved","Bainbridge",0.89,0.91,0.92,17,70.95,1.07,0,249
"2.5%162","Dubois","Residential Improved","Boone",0.89,0.91,0.92,46.15,121.93,1.33,0,56
"df_sp78","Dubois","Residential Improved","Cass",0.87,0.94,1,12.56,19.78,1.03,0,17
"df_sp79","Dubois","Residential Improved","Columbia",0.89,0.91,0.92,9.47,25.36,1.04,0,16
"df_sp80","Dubois","Residential Improved","Jackson",0.87,0.95,1,39.92,91.55,1.29,0,19
"2.5%163","Dubois","Residential Improved","Patoka",0.89,0.91,0.93,32.31,95.41,1.19,0,108
"2.5%164","Dubois","Residential Improved","Ferdinand",0.88,0.91,0.94,92.9,124.25,1.65,0,47
"158","Elkhart","Industrial Vacant","Countywide",NA,NA,NA,NA,NA,NA,NA,0
"2.5%165","Elkhart","Industrial Improved","Countywide",0.82,0.9,1.03,20.65,25.24,1.02,0,50
"159","Elkhart","Commercial Vacant","Countywide",NA,NA,NA,NA,NA,NA,NA,0
"2.5%166","Elkhart","Commercial Improved","Countywide",0.85,0.91,1,20.02,24.06,1,0,75
"2.5%167","Elkhart","Residential Vacant","Countywide",0.97,1.03,1.09,16.35,23.11,1.12,0,46
"2.5%168","Elkhart","Residential Improved","Countywide",0.92,0.93,0.93,12.34,16.49,1.01,0,2363
"2.5%169","Elkhart","Residential Improved","Baugo",0.89,0.91,0.94,12.61,17.81,1,0,142
"2.5%170","Elkhart","Residential Improved","Cleveland",0.89,0.91,0.94,13.21,17.97,1.02,0,155
"2.5%171","Elkhart","Residential Improved","Locke",0.85,0.89,0.99,15.24,17.77,1.03,0,50
"2.5%172","Elkhart","Residential Improved","Concord",0.92,0.93,0.95,12.83,16.48,1.03,0,544
"2.5%173","Elkhart","Residential Improved","Elkhart",0.92,0.94,0.95,12.03,16.13,1.01,0,419
"2.5%174","Elkhart","Residential Improved","York",0.91,0.94,0.97,10.7,15.03,1.02,0,54
"2.5%175","Elkhart","Residential Improved","Jefferson",0.92,0.93,0.95,9.11,12.1,1,0,110
"2.5%176","Elkhart","Residential Improved","Middlebury",0.88,0.91,0.97,12.99,15.82,0.99,0,108
"2.5%177","Elkhart","Residential Improved","Olive",0.92,0.93,0.97,8.64,13.4,0.99,0,38
"2.5%178","Elkhart","Residential Improved","Osolo",0.91,0.92,0.94,12.18,16.45,1.01,0,379
"2.5%179","Elkhart","Residential Improved","Union",0.89,0.92,0.94,12.4,17.39,1,0,88
"2.5%180","Elkhart","Residential Improved","Benton",0.84,0.91,1.03,15.17,21.85,1.03,0,27
"2.5%181","Elkhart","Residential Improved","Clinton",0.8695,0.9,0.97,13.17,16.84,1.03,0,41
"2.5%182","Elkhart","Residential Improved","Harrison",0.89,0.92,1.01,12.68,17.01,1,0,27
"2.5%183","Elkhart","Residential Improved","Jackson",0.88,0.93,0.95,12.04,16.29,1.02,0,85
"2.5%184","Elkhart","Residential Improved","Washington",0.9,0.93,0.96,12.49,17.67,1.01,0,96
"160","Fayette","Industrial Vacant","Countywide",NA,NA,NA,NA,NA,NA,NA,0
"161","Fayette","Industrial Improved","Countywide",NA,NA,NA,NA,NA,NA,NA,0
"162","Fayette","Commercial Vacant","Countywide",NA,NA,NA,NA,NA,NA,NA,0
"2.5%185","Fayette","Commercial Improved","Countywide",0.86,0.91,0.99,18.21,22.71,1.05,0,30
"2.5%186","Fayette","Residential Vacant","Countywide",0.62,0.82,1.27,55.53,57.42,1.18,0,26
"2.5%187","Fayette","Residential Improved","Countywide",0.92,0.94,0.95,18.07,28.36,1.05,0,631
"2.5%188","Fayette","Residential Improved","Columbia",0.87,0.92,1.02,22.95,35.32,1.11,0,33
"2.5%189","Fayette","Residential Improved","Jackson",0.88,0.92,0.95,15.04,18.8,1.02,0,59
"2.5%190","Fayette","Residential Improved","Connersville",0.91,0.93,0.96,17.76,27.5,1.05,0,367
"2.5%191","Fayette","Residential Improved","Harrison",0.93,0.96,0.98,18.79,31.03,1.06,0,172
"163","Floyd","Industrial Vacant","Countywide",NA,NA,NA,NA,NA,NA,NA,0
"164","Floyd","Industrial Improved","Countywide",NA,NA,NA,NA,NA,NA,NA,0
"165","Floyd","Commercial Vacant","Countywide",NA,NA,NA,NA,NA,NA,NA,0
"df_sp81","Floyd","Commercial Improved","Countywide",0.55,0.65,0.98,41.51,42.58,1.18,0,17
"2.5%192","Floyd","Residential Vacant","Countywide",0.68,0.89,1.1,33.63,40.46,1.59,0,26
"2.5%193","Floyd","Residential Improved","Countywide",0.85,0.87,0.88,23.31,34.3,1.1,0,1002
"df_sp82","Floyd","Residential Improved","Franklin",0.63,0.78,0.91,23.85,32.81,1.05,0,12
"2.5%194","Floyd","Residential Improved","Georgetown",0.86,0.89,0.91,21.21,32.7,1.09,0,149
"2.5%195","Floyd","Residential Improved","Greenville",0.82,0.87,0.91,23.17,33.22,1.04,0,80
"2.5%196","Floyd","Residential Improved","Lafayette",0.84,0.86,0.91,23.11,34.79,1.11,0,70
"2.5%197","Floyd","Residential Improved","New Albany",0.84,0.86,0.88,23.72,34.77,1.11,0,691
"166","Fountain","Industrial Vacant","Countywide",NA,NA,NA,NA,NA,NA,NA,0
"167","Fountain","Industrial Improved","Countywide",NA,NA,NA,NA,NA,NA,NA,0
"168","Fountain","Commercial Vacant","Countywide",NA,NA,NA,NA,NA,NA,NA,0
"df_sp83","Fountain","Commercial Improved","Countywide",0.8,0.96,1.07,15.04,21.21,1.05,0,9
"df_sp84","Fountain","Residential Vacant","Countywide",0.65,0.9,1.08,35.76,47.03,1.23,0,17
"2.5%198","Fountain","Residential Improved","Countywide",0.9,0.91,0.94,13.04,16.9,1.01,0,210
"df_sp85","Fountain","Residential Improved","Cain",0.88,0.92,1.02,13.17,17.09,1.04,0,15
"df_sp86","Fountain","Residential Improved","Davis",0.72,0.91,1,7.75,11.64,1.03,0,5
"2.5%199","Fountain","Residential Improved","Logan",0.86,0.94,0.97,13.42,18.46,1.02,0,40
"df_sp87","Fountain","Residential Improved","Richland",0.85,0.93,0.99,11.15,13.31,1,0,12
"df_sp88","Fountain","Residential Improved","Shawnee",0.69,1.01,1.06,10.74,16.78,1.03,0,5
"2.5%200","Fountain","Residential Improved","Troy",0.87,0.9,0.94,12.87,16.92,1,0,82
"2.5%201","Fountain","Residential Improved","Van Buren",0.79,0.9,0.96,12.98,15.7,1.01,0,23
"2.5%202","Fountain","Residential Improved","Millcreek",0.88,0.93,1.02,13.74,18.04,1.01,0,28
"169","Franklin","Industrial Vacant","Countywide",NA,NA,NA,NA,NA,NA,NA,0
"170","Franklin","Industrial Improved","Countywide",NA,NA,NA,NA,NA,NA,NA,0
"171","Franklin","Commercial Vacant","Countywide",NA,NA,NA,NA,NA,NA,NA,0
"172","Franklin","Commercial Improved","Countywide",NA,NA,NA,NA,NA,NA,NA,0
"df_sp89","Franklin","Residential Vacant","Countywide",0.22,0.34,0.43,78.06,98.64,1.58,0,15
"2.5%203","Franklin","Residential Improved","Countywide",0.92,0.93,0.94,10.3,16.21,1.01,0,192
"2.5%204","Franklin","Residential Improved","Brookville",0.88,0.92,0.95,13.77,22.2,1.02,0,85
"2.5%205","Franklin","Residential Improved","Ray",0.93,0.97,0.99,6.53,7.9,1,0,59
"2.5%206","Franklin","Residential Improved","Bath",0.9,0.93,0.94,8.02,10.57,1.02,0,36
"df_sp90","Franklin","Residential Improved","Blooming Grove",0.8,0.92,0.96,6.68,9.72,1.01,0,11
"173","Fulton","Industrial Vacant","Countywide",NA,NA,NA,NA,NA,NA,NA,0
"df_sp91","Fulton","Industrial Improved","Countywide",0.67,0.91,1.07,11.45,16.77,0.96,0,5
"174","Fulton","Commercial Vacant","Countywide",NA,NA,NA,NA,NA,NA,NA,0
"2.5%207","Fulton","Commercial Improved","Countywide",0.86,0.95,1.01,19.12,25.44,1.04,0,37
"2.5%208","Fulton","Residential Vacant","Countywide",0.83,1.08,1.18,35.46,47.63,1.6,0,32
"2.5%209","Fulton","Residential Improved","Countywide",0.94,0.96,0.96,15.25,32.07,1.04,0,631
"2.5%210","Fulton","Residential Improved","Aubbeenaubbee",0.83975,0.91,0.98,17.75,23.59,1.06,0,32
"2.5%211","Fulton","Residential Improved","Henry",0.93,0.97,0.99,11.97,18.61,1.03,0,68
"2.5%212","Fulton","Residential Improved","Liberty",0.94,0.96,0.99,22.43,47.48,1.06,0,60
"2.5%213","Fulton","Residential Improved","Newcastle",0.85,0.95,1.02,13.05,17.17,1.02,0,24
"2.5%214","Fulton","Residential Improved","Richland",0.85,0.91,1.03,14.22,18.1,1.02,0,25
"2.5%215","Fulton","Residential Improved","Rochester",0.94,0.95,0.97,13.87,31,1.03,0,367
"2.5%216","Fulton","Residential Improved","Union",0.92,0.96,1,17.93,35.22,1.07,0,53
"175","Gibson","Industrial Vacant","Countywide",NA,NA,NA,NA,NA,NA,NA,0
"176","Gibson","Industrial Improved","Countywide",NA,NA,NA,NA,NA,NA,NA,0
"177","Gibson","Commercial Vacant","Countywide",NA,NA,NA,NA,NA,NA,NA,0
"df_sp92","Gibson","Commercial Improved","Countywide",0.85,0.98,1.08,15.71,19.52,0.99,0,12
"df_sp93","Gibson","Residential Vacant","Countywide",1.07,1.17,1.27,11.81,18.04,1.13,1e-04,6
"2.5%217","Gibson","Residential Improved","Countywide",0.87,0.9,0.92,13.01,16.95,1.02,0,293
"df_sp94","Gibson","Residential Improved","Barton",0.81,0.93,0.94,11.17,15.98,1.03,0,9
"2.5%218","Gibson","Residential Improved","Columbia",0.85,0.9,0.95,12.36,16.01,1.03,0,28
"2.5%219","Gibson","Residential Improved","Johnson",0.81,0.9,0.93,13.7,19.32,1.03,0,34
"2.5%220","Gibson","Residential Improved","Montgomery",0.81,0.91,0.92,12.23,16.84,1,0,38
"2.5%221","Gibson","Residential Improved","Patoka",0.85,0.9,0.93,13.31,17.1,1.02,0,132
"2.5%222","Gibson","Residential Improved","Union",0.79,0.9,0.92,13.08,16.22,1.03,0,52
"178","Grant","Industrial Vacant","Countywide",NA,NA,NA,NA,NA,NA,NA,0
"179","Grant","Industrial Improved","Countywide",NA,NA,NA,NA,NA,NA,NA,0
"180","Grant","Commercial Vacant","Countywide",NA,NA,NA,NA,NA,NA,NA,0
"2.5%223","Grant","Commercial Improved","Countywide",0.95,0.96,1,7.86,11.6,1.04,0,22
"181","Grant","Residential Vacant","Countywide",NA,NA,NA,NA,NA,NA,NA,0
"2.5%224","Grant","Residential Improved","Countywide",0.93,0.94,0.96,10.57,14.03,1.02,0,614
"2.5%225","Grant","Residential Improved","Jefferson",0.89,0.94,0.98,9.4,11.88,1.02,0,49
"2.5%226","Grant","Residential Improved","Center",0.93,0.95,0.97,10.89,14.8,1.03,0,173
"2.5%227","Grant","Residential Improved","Fairmount",0.87,0.94,0.99,10.93,14.47,1.02,0,30
"2.5%228","Grant","Residential Improved","Franklin",0.92,0.96,0.97,9.9,12.94,1.01,0,61
"2.5%229","Grant","Residential Improved","Mill",0.92,0.95,0.97,10.96,14.34,1.03,0,119
"2.5%230","Grant","Residential Improved","Pleasant",0.92,0.93,0.94025,10.02,13.02,1.02,0,113
"2.5%231","Grant","Residential Improved","Sims",0.89,0.95,1,8.27,10.99,1.02,0,23
"2.5%232","Grant","Residential Improved","Van Buren",0.92,0.99,1.07,12.47,16.69,1.03,0,21
"2.5%233","Grant","Residential Improved","Washington",0.88,0.97,1.02,10.73,15.46,1.02,0,25
"182","Greene","Industrial Vacant","Countywide",NA,NA,NA,NA,NA,NA,NA,0
"183","Greene","Industrial Improved","Countywide",NA,NA,NA,NA,NA,NA,NA,0
"184","Greene","Commercial Vacant","Countywide",NA,NA,NA,NA,NA,NA,NA,0
"df_sp95","Greene","Commercial Improved","Countywide",0.83,0.91,1.1,15.35,18.36,1.03,0,13
"df_sp96","Greene","Residential Vacant","Countywide",0.73,1.02,1.15,13.41,18.26,1.19,0,8
"2.5%234","Greene","Residential Improved","Countywide",0.91,0.92,0.94,11.03,13.79,1.03,0,245
"2.5%235","Greene","Residential Improved","Beech Creek",0.88,0.93,0.97,10.49,13.16,1.05,0,50
"df_sp97","Greene","Residential Improved","Cass",0.92,0.99,1.02,6.29,7.8,1.03,0,8
"2.5%236","Greene","Residential Improved","Fairplay",0.88,0.92,0.95,11.72,14.52,1.02,0,95
"2.5%237","Greene","Residential Improved","Highland",0.91,0.93,0.96,11.34,14.84,1.04,0,56
"2.5%238","Greene","Residential Improved","Richland",0.87,0.91,0.97,10.08,12.37,1.03,0,36
"185","Hamilton","Industrial Vacant","Countywide",NA,NA,NA,NA,NA,NA,NA,0
"186","Hamilton","Industrial Improved","Countywide",NA,NA,NA,NA,NA,NA,NA,0
"2.5%239","Hamilton","Commercial Vacant","Countywide",0.11,0.24,0.29,134.82,106.07,1.16,0,53
"2.5%240","Hamilton","Commercial Improved","Countywide",0.88,0.91,0.95,10.36,17.35,1,0,44
"2.5%241","Hamilton","Residential Vacant","Countywide",0.02,0.02,0.02,1586.35,127.79,0.77,0,634
"2.5%242","Hamilton","Residential Vacant","Adams",0.46,0.73,1,55.98,74.58,1.15,0,23
"2.5%243","Hamilton","Residential Vacant","Clay",0.03,0.28,0.63,149.35,101.41,0.72,0,126
"2.5%244","Hamilton","Residential Vacant","Fall Creek",0.02,0.02,0.02,1525.65,146.17,0.67,0,111
"2.5%245","Hamilton","Residential Vacant","Noblesville",0.03,0.61,0.840499999999999,72.28,91.39,1.17,0,48
"2.5%246","Hamilton","Residential Vacant","Westfield Washington",0.02,0.02,0.02,1440.09,149.03,0.79,0,324
"2.5%247","Hamilton","Residential Improved","Countywide",0.9,0.9,0.9,7.96,12.84,1.01,0,8435
"2.5%248","Hamilton","Residential Improved","Adams",0.90975,0.93,0.94,13.99,31.5,1.05,0,160
"2.5%249","Hamilton","Residential Improved","Clay",0.89,0.9,0.9,9.54,13.77,1.02,0,1775
"2.5%250","Hamilton","Residential Improved","Delaware",0.9,0.9,0.91,7.84,11.85,1.01,0,605
"2.5%251","Hamilton","Residential Improved","Fall Creek",0.89,0.9,0.9,6.98,9.51,1,0,1705
"2.5%252","Hamilton","Residential Improved","Jackson",0.9,0.91,0.92,8,11.15,1.01,0,275
"2.5%253","Hamilton","Residential Improved","Noblesville",0.9,0.91,0.91,9.15,16.92,1.01,0,1384
"2.5%254","Hamilton","Residential Improved","Wayne",0.89,0.9,0.91,5.96,9.67,1,0,170
"2.5%255","Hamilton","Residential Improved","Westfield Washington",0.9,0.9,0.91,6.35,8.46,1,0,2339
"df_sp98","Hamilton","Residential Improved","White River",0.77,0.93,0.99,17.76,23.44,1.06,0,18
"187","Hancock","Industrial Vacant","Countywide",NA,NA,NA,NA,NA,NA,NA,0
"188","Hancock","Industrial Improved","Countywide",NA,NA,NA,NA,NA,NA,NA,0
"189","Hancock","Commercial Vacant","Countywide",NA,NA,NA,NA,NA,NA,NA,0
"2.5%256","Hancock","Commercial Improved","Countywide",0.74,0.8,0.94,17.42,22.01,1.04,0,24
"2.5%257","Hancock","Residential Vacant","Countywide",1.12,1.12,1.14,13.13,20.97,1.26,0,139
"2.5%258","Hancock","Residential Vacant","Brandywine",1.12,1.15,1.15,10.8,19.67,1.29,0,35
"2.5%259","Hancock","Residential Vacant","Buck Creek",0.89,1.08,1.14,19.02,26.19,1.25,0,48
"2.5%260","Hancock","Residential Vacant","Green",1.12,1.12,1.15,9.44,16.08,1.24,0,56
"190","Hancock","Residential Vacant","Blue River",NA,NA,NA,NA,NA,NA,NA,0
"2.5%261","Hancock","Residential Improved","Countywide",0.89,0.9,0.9,10.59,24.99,1.03,0,2477
"2.5%262","Hancock","Residential Improved","Blue River",0.8,0.84,0.89,29.63,65.5,1.19,0,71
"2.5%263","Hancock","Residential Improved","Brandywine",0.89,0.9,0.9,7.87,16.67,1.01,0,549
"2.5%264","Hancock","Residential Improved","Buck Creek",0.87,0.89,0.9,10.02,16.58,1.01,0,277
"2.5%265","Hancock","Residential Improved","Center",0.89,0.9,0.9,13.71,30.53,1.05,0,735
"2.5%266","Hancock","Residential Improved","Vernon",0.9,0.9,0.9,8.29,16.91,1.01,0,845
"191","Harrison","Industrial Vacant","Countywide",NA,NA,NA,NA,NA,NA,NA,0
"192","Harrison","Industrial Improved","Countywide",NA,NA,NA,NA,NA,NA,NA,0
"193","Harrison","Commercial Vacant","Countywide",NA,NA,NA,NA,NA,NA,NA,0
"2.5%267","Harrison","Commercial Improved","Countywide",0.95,0.99,1.04,9.43,12.31,0.99,0,28
"2.5%268","Harrison","Residential Vacant","Countywide",1.03,1.1,1.14,23.7,38.98,1.29,0,52
"2.5%269","Harrison","Residential Vacant","Harrison",1,1.09,1.13,24.42,41.33,1.33,0,30
"df_sp99","Harrison","Residential Vacant","Blue River",0.83,1.12,1.17,23.5,38.33,1.19,0,16
"2.5%270","Harrison","Residential Improved","Countywide",0.94,0.95,0.96,12.89,20.38,1.02,0,517
"2.5%271","Harrison","Residential Improved","Heth",0.85,0.88,0.96,10.66,14.11,1.01,0,25
"2.5%272","Harrison","Residential Improved","Harrison",0.96,0.98,1,11.6,18.5,1.03,0,182
"2.5%273","Harrison","Residential Improved","Posey",0.86,0.96,1.02,13.88,17.72,1.01,0,29
"2.5%274","Harrison","Residential Improved","Blue River",0.83,0.91,1,18.31,34.24,1.07,0,25
"2.5%275","Harrison","Residential Improved","Jackson",0.94,0.97,1.00025,12.41,17.81,1.02,0,76
"2.5%276","Harrison","Residential Improved","Morgan",0.88,0.92,0.99,16.47,27.5,1.04,0,52
"2.5%277","Harrison","Residential Improved","Spencer",0.89,0.94,1.01,12.97,16.68,1.02,0,26
"df_sp100","Harrison","Residential Improved","Boone",0.91,0.94,1,6.2,7.49,1.02,0,12
"df_sp101","Harrison","Residential Improved","Taylor",0.9,0.96,1.02,6.16,6.78,1,0,6
"2.5%278","Harrison","Residential Improved","Webster",0.86,0.94,0.95,11.23,19,1.01,0,23
"194","Hendricks","Industrial Vacant","Countywide",NA,NA,NA,NA,NA,NA,NA,0
"195","Hendricks","Industrial Improved","Countywide",NA,NA,NA,NA,NA,NA,NA,0
"df_sp102","Hendricks","Commercial Vacant","Countywide",0.3,0.43,0.78,81.51,78.79,1.09,0,16
"df_sp103","Hendricks","Commercial Improved","Countywide",0.57,0.91,0.94,8.68,18.38,0.93,0,5
"2.5%279","Hendricks","Residential Vacant","Countywide",0.06,0.13,0.22,219.72,120.71,1.5,0,171
"2.5%280","Hendricks","Residential Improved","Countywide",0.92,0.92,0.93,9.06,21.95,1.01,0,2199
"2.5%281","Hendricks","Residential Improved","Brown",0.94,0.95,0.96,6.66,8.7,1,0,239
"2.5%282","Hendricks","Residential Improved","Center",0.89,0.9,0.91,16.92,49.25,1.07,0,186
"2.5%283","Hendricks","Residential Improved","Guilford",0.89,0.91,0.92,8.31,11.79,1,0,334
"2.5%284","Hendricks","Residential Improved","Liberty",0.92,0.94,0.97,7.63,11.43,1.01,0,82
"2.5%285","Hendricks","Residential Improved","Lincoln",0.93,0.94,0.95,9.67,26.38,1.01,0,502
"2.5%286","Hendricks","Residential Improved","Middle",0.91975,0.93,0.98,8.89,11.26,1,0,73
"2.5%287","Hendricks","Residential Improved","Eel River",0.86,0.9,0.96,12.28,15.59,1.03,0,34
"2.5%288","Hendricks","Residential Improved","Washington",0.91,0.92,0.92,7.32,11.11,1,0,736
"196","Henry","Industrial Vacant","Countywide",NA,NA,NA,NA,NA,NA,NA,0
"197","Henry","Industrial Improved","Countywide",NA,NA,NA,NA,NA,NA,NA,0
"df_sp104","Henry","Commercial Vacant","Countywide",0.08,0.71,1.56,54.97,72.23,1.44,0,5
"df_sp105","Henry","Commercial Improved","Countywide",0.63,0.75,0.83,19.43,27.85,1.04,0,7
"df_sp106","Henry","Residential Vacant","Countywide",0.09,0.39,0.65,85.11,103.84,1.15,0,12
"2.5%289","Henry","Residential Improved","Countywide",0.94,0.95,0.96,13.13,17.61,1.03,0,544
"df_sp107","Henry","Residential Improved","Blue River",0.92,0.94,0.97,5.18,9.35,1.01,0,7
"df_sp108","Henry","Residential Improved","Dudley",0.74,0.94,0.98,14.81,21.74,1.05,0,9
"2.5%290","Henry","Residential Improved","Fall Creek",0.93,0.96,1,12.02,15.17,1.02,0,58
"df_sp109","Henry","Residential Improved","Franklin",0.85,0.96,0.99,11.47,18.04,1.03,0,14
"df_sp110","Henry","Residential Improved","Greensboro",0.77,0.95,1.07,12.67,16.75,1.01,0,6
"df_sp111","Henry","Residential Improved","Harrison",0.87,0.91,0.96,5.1,6.73,1,0,7
"df_sp112","Henry","Residential Improved","Jefferson",0.88,0.96,1.05,16.36,24.37,1.03,0,18
"df_sp113","Henry","Residential Improved","Liberty",0.91,1,1.21,15.61,19.58,1.01,0,6
"2.5%291","Henry","Residential Improved","Prairie",0.87,0.94,1,13.78,18.65,1.05,0,44
"df_sp114","Henry","Residential Improved","Spiceland",0.92,0.94,1,8.2,11,1.02,0,19
"2.5%292","Henry","Residential Improved","Wayne",0.91,0.97,1.01,13.11,17.58,1.02,0,49
"2.5%293","Henry","Residential Improved","Henry",0.93,0.95,0.96,13.51,17.86,1.02,0,306
"198","Howard","Industrial Vacant","Countywide",NA,NA,NA,NA,NA,NA,NA,0
"df_sp115","Howard","Industrial Improved","Countywide",0.62,0.75,0.75,14.41,22.56,1.03,0,9
"199","Howard","Commercial Vacant","Countywide",NA,NA,NA,NA,NA,NA,NA,0
"2.5%294","Howard","Commercial Improved","Countywide",0.85,0.91,0.96,20.3,28.18,1.08,0,105
"2.5%295","Howard","Residential Vacant","Countywide",0.82,1.01,1.08,41.67,58.25,1.66,0,80
"2.5%296","Howard","Residential Improved","Countywide",0.92,0.92,0.93,16.9,36.41,1.05,0,3034
"2.5%297","Howard","Residential Improved","Center",0.92,0.92,0.93,18.32,32.5,1.05,0,1779
"2.5%298","Howard","Residential Improved","Clay",0.9,0.91,0.93,16.48,75.74,1.07,0,120
"2.5%299","Howard","Residential Improved","Ervin",0.88,0.91,0.97,9.14,11.61,1.01,0,32
"2.5%300","Howard","Residential Improved","Harrison",0.91,0.92,0.93,13.56,45.19,1.04,0,377
"2.5%301","Howard","Residential Improved","Honey Creek",0.89,0.91,0.99,13.5,16.76,1.02,0,57
"2.5%302","Howard","Residential Improved","Howard",0.89,0.91,0.95,10.21,14.4,1.01,0,69
"df_sp116","Howard","Residential Improved","Jackson",0.82,0.92,1.05,12.54,14.41,1.02,0,13
"2.5%303","Howard","Residential Improved","Liberty",0.91,0.93,0.96,17.22,32.14,1.06,0,147
"2.5%304","Howard","Residential Improved","Monroe",0.92,0.97,1.03025,16.72,22.89,1.02,0,32
"2.5%305","Howard","Residential Improved","Taylor",0.91,0.93,0.94,15.97,34.6,1.04,0,381
"2.5%306","Howard","Residential Improved","Union",0.86,0.92,1.02,15.59,18.76,1.03,0,27
"1100","Huntington","Industrial Vacant","Countywide",NA,NA,NA,NA,NA,NA,NA,0
"1101","Huntington","Industrial Improved","Countywide",NA,NA,NA,NA,NA,NA,NA,0
"1102","Huntington","Commercial Vacant","Countywide",NA,NA,NA,NA,NA,NA,NA,0
"df_sp117","Huntington","Commercial Improved","Countywide",0.75,0.92,0.98,14.6,19.65,1.05,0,17
"df_sp118","Huntington","Residential Vacant","Countywide",0.46,0.99,1.1,36.95,54.91,1.58,0,15
"2.5%307","Huntington","Residential Improved","Countywide",0.92,0.93,0.94,12.31,16.78,1.02,0,843
"df_sp119","Huntington","Residential Improved","Jefferson",0.81,0.92,1.02,9.51,11.95,1,0,11
"df_sp120","Huntington","Residential Improved","Warren",0.81,0.95,1.02,13.08,16.88,1.03,0,14
"2.5%308","Huntington","Residential Improved","Clear Creek",0.84,0.92,0.97,9.38,11.72,1,0,24
"2.5%309","Huntington","Residential Improved","Dallas",0.9,0.95,0.96,7.41,10.76,1.03,0,36
"2.5%310","Huntington","Residential Improved","Huntington",0.92,0.93,0.94,12.68,16.93,1.01,0,536
"2.5%311","Huntington","Residential Improved","Jackson",0.89,0.93,0.95,12.24,17.87,1.02,0,123
"2.5%312","Huntington","Residential Improved","Lancaster",0.88,0.93,0.96,11.67,16.41,1.01,0,20
"2.5%313","Huntington","Residential Improved","Rock Creek",0.79,0.92,1.01,12.62,14.88,1.01,0,23
"2.5%314","Huntington","Residential Improved","Salamonie",0.89,0.95,1,15.5,21.55,1.05,0,40
"df_sp121","Huntington","Residential Improved","Union",0.89,0.93,0.96,7.57,10.28,1.02,0,15
"1103","Jackson","Industrial Vacant","Countywide",NA,NA,NA,NA,NA,NA,NA,0
"1104","Jackson","Industrial Improved","Countywide",NA,NA,NA,NA,NA,NA,NA,0
"1105","Jackson","Commercial Vacant","Countywide",NA,NA,NA,NA,NA,NA,NA,0
"df_sp122","Jackson","Commercial Improved","Countywide",0.71,0.89,0.97,20.07,24.49,1,0,17
"2.5%315","Jackson","Residential Vacant","Countywide",0.86,0.97,1.03,34.29,49.24,1.33,0,59
"2.5%316","Jackson","Residential Improved","Countywide",0.89,0.91,0.92,12.57,21.02,1.02,0,621
"2.5%317","Jackson","Residential Improved","Brownstown",0.88,0.91,0.95,14.2,25.38,1.02,0,54
"df_sp123","Jackson","Residential Improved","Carr",0.84,0.89,1.07,13.71,16.33,1.03,0,9
"df_sp124","Jackson","Residential Improved","Owen",0.89,0.92,1.09,12.46,16.18,1.01,0,9
"2.5%318","Jackson","Residential Improved","Jackson",0.89,0.9,0.91,12.16,20.09,1.02,0,415
"df_sp125","Jackson","Residential Improved","Pershing",0.73,0.93,1,12.25,16.32,1.02,0,6
"2.5%319","Jackson","Residential Improved","Redding",0.89,0.91,0.93,11.91,17.13,1.02,0,87
"2.5%320","Jackson","Residential Improved","Vernon",0.85,0.93,0.97,18.7,34.67,1.08,0,29
"df_sp126","Jackson","Residential Improved","Washington",0.86,0.9,0.93,6.13,8.4,1,0,12
"1106","Jasper","Industrial Vacant","Countywide",NA,NA,NA,NA,NA,NA,NA,0
"df_sp127","Jasper","Industrial Improved","Countywide",0.48,0.91,1.35,22.3,34.13,0.83,0,5
"1107","Jasper","Commercial Vacant","Countywide",NA,NA,NA,NA,NA,NA,NA,0
"2.5%321","Jasper","Commercial Improved","Countywide",0.85,0.92,0.99,14.73,22.19,1.09,0,25
"df_sp128","Jasper","Commercial Improved","Keener",0.83,0.91,0.96,5.24,7.44,0.99,0,7
"df_sp129","Jasper","Commercial Improved","Marion",0.85,0.95,1.18,20.02,26.65,1.09,0,11
"df_sp130","Jasper","Commercial Improved","Barkley",0.77,0.96,1,12.97,17.43,1.08,0,7
"2.5%322","Jasper","Residential Vacant","Countywide",0.96,0.99,1.03,16.43,24.39,1.15,0,97
"2.5%323","Jasper","Residential Vacant","Keener",0.97,1.03,1.07,11.54,16.4,1.15,0,38
"1108","Jasper","Residential Vacant","Marion",NA,NA,NA,NA,NA,NA,NA,4
"1109","Jasper","Residential Vacant","Newton",NA,NA,NA,NA,NA,NA,NA,4
"1110","Jasper","Residential Vacant","Union",NA,NA,NA,NA,NA,NA,NA,4
"2.5%324","Jasper","Residential Vacant","Walker",0.89,0.94,1.01,18.33,27.38,1.09,0,31
"df_sp131","Jasper","Residential Vacant","Wheatfield",0.91,1.01,1.11,7.27,9.75,1.11,0,8
"df_sp132","Jasper","Residential Vacant","Barkley",0.54,0.76,1.19,33.38,35.74,1.23,0,8
"2.5%325","Jasper","Residential Improved","Countywide",0.96,0.97,0.98,54.2,138.47,1.35,0,998
"2.5%326","Jasper","Residential Improved","Carpenter",0.87975,0.94,0.99,12.32,15.1,1.03,0,48
"2.5%327","Jasper","Residential Improved","Kankakee",0.89,0.97,1.04,43.97,117.94,1.28,0,23
"2.5%328","Jasper","Residential Improved","Keener",0.98,0.99,1,41.05,129.63,1.27,0,382
"2.5%329","Jasper","Residential Improved","Marion",0.95,0.97,0.99,23.83,75.4,1.12,0,217
"df_sp133","Jasper","Residential Improved","Jordan",0.9,0.96,1.04,19.01,39.75,1.1,0,13
"df_sp134","Jasper","Residential Improved","Newton",0.87,0.95,1.01,10.21,12.26,1.02,0,18
"2.5%330","Jasper","Residential Improved","Union",0.89,0.93,1.01,79.23,144.86,1.49,0,24
"2.5%331","Jasper","Residential Improved","Walker",0.92,0.94,0.96,124.03,155.68,1.81,0,131
"2.5%332","Jasper","Residential Improved","Wheatfield",0.93,0.96,1,95.13,147.37,1.63,0,142
"1111","Jay","Industrial Vacant","Countywide",NA,NA,NA,NA,NA,NA,NA,0
"1112","Jay","Industrial Improved","Countywide",NA,NA,NA,NA,NA,NA,NA,0
"1113","Jay","Commercial Vacant","Countywide",NA,NA,NA,NA,NA,NA,NA,0
"df_sp135","Jay","Commercial Improved","Countywide",0.77,0.96,1.05,29.4,45.34,2.08,0,15
"df_sp136","Jay","Residential Vacant","Countywide",0.18,0.3,0.39,54.81,63.79,1.6,0,9
"2.5%333","Jay","Residential Improved","Countywide",0.91,0.93,0.96,15.58,20.47,1.06,0,442
"2.5%334","Jay","Residential Improved","Jefferson",0.86,0.9,1,17.31,24.59,1.06,0,30
"2.5%335","Jay","Residential Improved","Bearcreek",0.9,0.95,1.04,15.43,23.8,1.16,0,25
"2.5%336","Jay","Residential Improved","Knox",0.78,0.91,1.02,20.06,27.71,1.12,0,24
"df_sp137","Jay","Residential Improved","Greene",0.84,0.89,1.01,12.4,15.41,1.06,0,19
"2.5%337","Jay","Residential Improved","Richland",0.89,0.92,0.99,17.02,21.45,1.05,0,110
"2.5%338","Jay","Residential Improved","Wayne",0.92,0.95,0.97,14.39,18.56,1.03,0,234
"1114","Jefferson","Industrial Vacant","Countywide",NA,NA,NA,NA,NA,NA,NA,0
"1115","Jefferson","Industrial Improved","Countywide",NA,NA,NA,NA,NA,NA,NA,0
"1116","Jefferson","Commercial Vacant","Countywide",NA,NA,NA,NA,NA,NA,NA,0
"2.5%339","Jefferson","Commercial Improved","Countywide",0.56,0.76,0.92,36.04,45.19,1.18,0,26
"2.5%340","Jefferson","Residential Vacant","Countywide",0.65,0.69,0.76,37.01,45.86,1.32,0,72
"2.5%341","Jefferson","Residential Improved","Countywide",0.82,0.84,0.86,21.92,29.85,1.06,0,601
"2.5%342","Jefferson","Residential Improved","Lancaster",0.74,0.84,0.92,21.41,28.48,1.07,0,26
"df_sp138","Jefferson","Residential Improved","Milton",0.59,0.88,0.99,28.52,43.47,1.17,0,14
"df_sp139","Jefferson","Residential Improved","Republican",0.57,0.84,0.97,25.32,30.35,1.17,0,18
"df_sp140","Jefferson","Residential Improved","Graham",0.64,0.78,0.93,33.8,43.67,1.29,0,16
"2.5%343","Jefferson","Residential Improved","Hanover",0.77,0.81,0.86,21.15,26.81,1.04,0,112
"2.5%344","Jefferson","Residential Improved","Madison",0.84,0.85,0.88,20.55,28.71,1.07,0,396
"df_sp141","Jefferson","Residential Improved","Saluda",0.44,0.58,0.82,37.31,41.77,1.09,0,19
"1117","Jennings","Industrial Vacant","Countywide",NA,NA,NA,NA,NA,NA,NA,0
"1118","Jennings","Industrial Improved","Countywide",NA,NA,NA,NA,NA,NA,NA,0
"1119","Jennings","Commercial Vacant","Countywide",NA,NA,NA,NA,NA,NA,NA,0
"df_sp142","Jennings","Commercial Improved","Countywide",0.8,0.98,1.06,17.46,23.78,1.02,0,16
"2.5%345","Jennings","Residential Vacant","Countywide",0.47,0.73,0.99,54.19,64.78,2.12,0,27
"2.5%346","Jennings","Residential Improved","Countywide",0.9,0.91,0.92,15.73,27.3,1.05,0,272
"2.5%347","Jennings","Residential Improved","Bigger",0.84,0.92,0.98,18.09,31.66,1.06,0,52
"df_sp143","Jennings","Residential Improved","Columbia",0.81,0.89,0.94,10.59,14.33,1.04,0,9
"df_sp144","Jennings","Residential Improved","Campbell",0.82,0.98,2.17,40.03,48.67,1.13,0,8
"2.5%348","Jennings","Residential Improved","Center",0.88,0.91,0.93,14.62,22.7,1.04,0,104
"2.5%349","Jennings","Residential Improved","Geneva",0.87975,0.91,0.94,13.83,19.26,1.02,0,54
"df_sp145","Jennings","Residential Improved","Lovett",0.8,0.93,0.96,9.35,13.57,1.02,0,7
"df_sp146","Jennings","Residential Improved","Montgomery",0.84,0.91,1.02,32.71,57.69,1.19,0,7
"2.5%350","Jennings","Residential Improved","Spencer",0.85,0.91,0.94,10.13,12.98,1.02,0,31
"df_sp147","Johnson","Industrial Vacant","Countywide",0.28,0.88,1,19.91,37.53,1.54,0,5
"1120","Johnson","Industrial Improved","Countywide",NA,NA,NA,NA,NA,NA,NA,0
"df_sp148","Johnson","Commercial Vacant","Countywide",0.02,0.4,0.71,77.49,95.1,3.97,0,7
"2.5%351","Johnson","Commercial Improved","Countywide",0.84,0.92,0.97,13.38,17.41,1.02,0,22
"2.5%352","Johnson","Residential Vacant","Countywide",0.05,0.41,0.78,108.22,95.87,1.16,0,140
"df_sp149","Johnson","Residential Vacant","Blue River",0.8,0.89,1.11,25.29,33.12,1.27,0,18
"2.5%353","Johnson","Residential Vacant","Needham",0.01,0.02,0.15,1495.78,144.72,0.71,0,33
"2.5%354","Johnson","Residential Vacant","White River",0.03,0.36,0.8,125.12,97.23,1.23,0,89
"2.5%355","Johnson","Residential Improved","Countywide",0.91,0.91,0.91,8.71,34.97,1.02,0,2288
"2.5%356","Johnson","Residential Improved","Blue River",0.87,0.9,0.95,8.73,11.84,1,0,29
"df_sp150","Johnson","Residential Improved","Clark",0.85,0.92,0.97,7.78,11.41,1.02,0,10
"2.5%357","Johnson","Residential Improved","Franklin",0.89,0.9,0.92,5.81,7.51,1,0,227
"2.5%358","Johnson","Residential Improved","Hensley",0.89,0.91,0.93,6.32,8.83,1.01,0,45
"2.5%359","Johnson","Residential Improved","Needham",0.9,0.91,0.93,11.28,43.87,1.04,0,98
"2.5%360","Johnson","Residential Improved","Nineveh",0.89,0.91,0.95,7.83,12.16,1.01,0,42
"2.5%361","Johnson","Residential Improved","Pleasant",0.9,0.91,0.91,6.48,10.13,1.01,0,991
"df_sp151","Johnson","Residential Improved","Union",0.9,0.91,0.96,5.42,6.91,1,0,16
"2.5%362","Johnson","Residential Improved","White River",0.91,0.91,0.92,12.07,52.54,1.05,0,830
"1121","Knox","Industrial Vacant","Countywide",NA,NA,NA,NA,NA,NA,NA,0
"1122","Knox","Industrial Improved","Countywide",NA,NA,NA,NA,NA,NA,NA,0
"1123","Knox","Commercial Vacant","Countywide",NA,NA,NA,NA,NA,NA,NA,0
"2.5%363","Knox","Commercial Improved","Countywide",0.82,0.91,1.01,20.12,26.86,1.05,0,23
"df_sp152","Knox","Commercial Improved","Busseron",0.71,0.91,1.01,10.25,14.01,0.99,0,5
"df_sp153","Knox","Commercial Improved","Vincennes",0.82,0.93,1.09,22.61,28.58,1.07,0,18
"2.5%364","Knox","Residential Vacant","Countywide",0.85,0.97,1.04,24.77,40.64,1.25,0,25
"df_sp154","Knox","Residential Vacant","Busseron",0.52,1.04,1.24,31.31,48.53,1.26,0,7
"df_sp155","Knox","Residential Vacant","Vincennes",0.88,0.97,1,21.06,38.78,1.24,0,18
"2.5%365","Knox","Residential Improved","Countywide",0.9,0.91,0.93,18.2,27.69,1.06,0,385
"df_sp156","Knox","Residential Improved","Busseron",0.85,0.92,0.99,7.46,9.62,1.03,0,10
"df_sp157","Knox","Residential Improved","Decker",0.85,0.92,1.01,6.61,8.46,0.99,0,8
"2.5%366","Knox","Residential Improved","Harrison",0.85,0.92,0.94,13.39,17.64,1.01,0,21
"df_sp158","Knox","Residential Improved","Palmyra",0.85,0.94,1.04,15.69,20.19,1,0,18
"df_sp159","Knox","Residential Improved","Steen",0.82,0.94,1.03,10.9,14.09,1.02,0,9
"2.5%367","Knox","Residential Improved","Vigo",0.9,0.94,1.02,19.23,27.11,1.06,0,42
"2.5%368","Knox","Residential Improved","Vincennes",0.89,0.91,0.93,19.83,30.25,1.07,0,257
"2.5%369","Knox","Residential Improved","Washington",0.81975,0.9,0.94,14.16,20.67,1.05,0,20
"df_sp160","Kosciusko","Industrial Vacant","Countywide",1.15,1.28,1.56,13.95,18.79,1.31,0,6
"df_sp161","Kosciusko","Industrial Improved","Countywide",0.83,1,1.06,17.24,22.69,1.05,0,13
"df_sp162","Kosciusko","Industrial Improved","Plain",0.84,0.99,1.29,18.38,21.09,0.99,0,6
"df_sp163","Kosciusko","Industrial Improved","Clay",0.65,1,1.06,16.46,22.93,1.03,0,7
"df_sp164","Kosciusko","Commercial Vacant","Countywide",0.72,0.89,1.09,27.36,35.06,1.08,0,6
"2.5%370","Kosciusko","Commercial Improved","Countywide",0.94,0.98,1.01,16.91,21.35,1.04,0,142
"2.5%371","Kosciusko","Commercial Improved","Wayne",0.95,0.98,1.01,17.56,22.01,1.04,0,98
"df_sp165","Kosciusko","Commercial Improved","Tippecanoe",0.82,1,1.06,13.39,18.98,1.02,0,11
"2.5%372","Kosciusko","Commercial Improved","Turkey Creek",0.88,0.96,1.09,16.65,21.95,1.03,0,20
"df_sp166","Kosciusko","Commercial Improved","Clay",0.88,0.95,1.06,15.23,18.28,1.11,0,13
"2.5%373","Kosciusko","Residential Vacant","Countywide",1.08,1.14,1.15,14.77,21.87,1.14,0,155
"df_sp167","Kosciusko","Residential Vacant","Plain",0.98,1.15,1.21,12.03,19.55,1.15,0,10
"df_sp168","Kosciusko","Residential Vacant","Van Buren",1.08,1.12,1.16,4.57,5.77,1.1,0,10
"2.5%374","Kosciusko","Residential Vacant","Turkey Creek",0.9495,1.15,1.19,22.08,30.82,1.15,0,33
"2.5%375","Kosciusko","Residential Vacant","Tippecanoe",0.95,1.04,1.17,18.68,23.7,1.09,0,29
"2.5%376","Kosciusko","Residential Vacant","Wayne",1.08,1.15,1.16,10.68,14.67,1.17,0,62
"df_sp169","Kosciusko","Residential Vacant","Clay",0.98,1.1,1.16,18.46,31.34,1.13,0,10
"2.5%377","Kosciusko","Residential Improved","Countywide",1,1,1,10.4,17.77,1.02,0,1342
"2.5%378","Kosciusko","Residential Improved","Clay",0.91,1.01,1.02,7.18,9.58,1.03,0,24
"df_sp170","Kosciusko","Residential Improved","Monroe",0.97,1,1,7.88,12.21,1.02,0,18
"2.5%379","Kosciusko","Residential Improved","Harrison",0.93,1,1.01,8.33,11.21,1.01,0,43
"df_sp171","Kosciusko","Residential Improved","Franklin",0.92,1,1.03,5.88,8.7,1,0,10
"2.5%380","Kosciusko","Residential Improved","Lake",0.9,1,1.02,13.41,19.75,1.01,0,30
"2.5%381","Kosciusko","Residential Improved","Plain",0.97,1,1,9.3,13.05,0.99,0,137
"df_sp172","Kosciusko","Residential Improved","Prairie",0.86,1,1.01,10.09,14.6,1.01,0,14
"2.5%382","Kosciusko","Residential Improved","Tippecanoe",0.92975,1,1.01,13.22,16.87,1.04,0,159
"2.5%383","Kosciusko","Residential Improved","Turkey Creek",0.99,1,1,11.22,15.74,1.03,0,206
"2.5%384","Kosciusko","Residential Improved","Van Buren",0.91,1,1.01,10.59,14.31,1,0,56
"2.5%385","Kosciusko","Residential Improved","Washington",0.87,1,1.01,17.63,41.1,1.08,0,35
"2.5%386","Kosciusko","Residential Improved","Wayne",0.98975,1,1,9.3,18.73,1.01,0,540
"df_sp173","Kosciusko","Residential Improved","Etna",0.98,1,1.02,9.12,16.85,1,0,13
"2.5%387","Kosciusko","Residential Improved","Seward",0.93,1,1.01,11.49,16.51,1.03,0,38
"df_sp174","Kosciusko","Residential Improved","Scott",0.87,1,1.04,10.51,13.77,1.03,0,19
"1124","Lagrange","Industrial Vacant","Countywide",NA,NA,NA,NA,NA,NA,NA,0
"df_sp175","Lagrange","Industrial Improved","Countywide",0.48,0.52,0.56,13.59,22.19,1.03,0,8
"1125","Lagrange","Commercial Vacant","Countywide",NA,NA,NA,NA,NA,NA,NA,0
"2.5%388","Lagrange","Commercial Improved","Countywide",0.74,0.84,0.94,25.57,35.22,1.04,0,20
"2.5%389","Lagrange","Residential Vacant","Countywide",0.87,1.02,1.21,23.62,31.66,1.22,0,22
"df_sp176","Lagrange","Residential Vacant","Johnson",0.87,1.02,1.25,17.98,22.42,1.05,0,10
"df_sp177","Lagrange","Residential Vacant","Bloomfield",0.78,1.03,1.21,28.06,38.97,1.41,0,12
"2.5%390","Lagrange","Residential Improved","Countywide",0.93,0.94,0.96,12.6,15.67,1.02,0,616
"2.5%391","Lagrange","Residential Improved","Bloomfield",0.91,0.94,0.99,12.99,15.96,1.02,0,110
"2.5%392","Lagrange","Residential Improved","Clay",0.92,0.94,1,12.4,15.99,1.02,0,45
"2.5%393","Lagrange","Residential Improved","Clearspring",0.86,0.93,0.96,12.78,16.47,1.02,0,45
"df_sp178","Lagrange","Residential Improved","Eden",0.86,0.95,0.99,12.42,15.42,1.02,0,18
"2.5%394","Lagrange","Residential Improved","Greenfield",0.87,0.95,1.03,12.58,15.82,1.03,0,22
"2.5%395","Lagrange","Residential Improved","Johnson",0.92,0.94,0.98,12.3,15.18,1.02,0,120
"2.5%396","Lagrange","Residential Improved","Lima",0.84,0.95,1.01,13.68,16.31,1.01,0,38
"2.5%397","Lagrange","Residential Improved","Milford",0.88,0.93,0.97,12.5,15.58,1.02,0,100
"2.5%398","Lagrange","Residential Improved","Newbury",0.92,0.96,0.99,12.84,16.89,1.01,0,75
"df_sp179","Lagrange","Residential Improved","Springfield",0.81,0.95,1,11.21,13.76,1.02,0,12
"2.5%399","Lagrange","Residential Improved","Van Buren",0.89,0.94,0.99,11.08,13.14,1.02,0,31
"df_sp180","Lake","Industrial Vacant","Countywide",1,1.01,1.14,30.65,48.26,1.15,0,9
"2.5%400","Lake","Industrial Improved","Countywide",0.95,0.96,0.98,12.17,39.92,1.1,0,48
"df_sp181","Lake","Industrial Improved","Calumet",0.85,0.98,1,8.1,11.58,1.17,0,10
"df_sp182","Lake","Industrial Improved","Center",0.95,0.97,1.17,43.7,72.79,1.33,0,7
"df_sp183","Lake","Industrial Improved","North",0.95,0.98,0.99,5.32,9.1,0.98,0,19
"df_sp184","Lake","Industrial Improved","Ross",0.89,0.91,0.95,6.47,9.67,1.01,0,9
"1126","Lake","Industrial Improved","Cedar Creek",NA,NA,NA,NA,NA,NA,NA,3
"2.5%401","Lake","Commercial Vacant","Countywide",0.93,0.99,1,12.39,19.86,0.99,0,28
"df_sp185","Lake","Commercial Vacant","Center",0.87,0.98,1.01,7.49,11.87,1.01,0,7
"df_sp186","Lake","Commercial Vacant","North",0.98,1.01,1.07,7.89,13.78,1.03,0,8
"1127","Lake","Commercial Vacant","Ross",NA,NA,NA,NA,NA,NA,NA,3
"df_sp187","Lake","Commercial Vacant","Calumet",0.62,0.89,0.99,17.82,24.38,0.89,0,9
"2.5%402","Lake","Commercial Improved","Countywide",0.98,0.98,0.99,10.58,28.49,1.06,0,564
"2.5%403","Lake","Commercial Improved","Calumet",0.95,0.97,1,7.91,11.34,1.04,0,53
"df_sp188","Lake","Commercial Improved","Cedar Creek",0.91,0.97,1.02,9.99,15.79,1.01,0,15
"2.5%404","Lake","Commercial Improved","Center",0.92975,0.97,1,9.68,14.94,1.03,0,36
"2.5%405","Lake","Commercial Improved","Hanover",0.95,0.98,1,6.26,11.66,1.01,0,20
"2.5%406","Lake","Commercial Improved","Hobart",0.96,0.98,0.99,5.87,11.54,1,0,46
"2.5%407","Lake","Commercial Improved","North",0.98,0.99,0.99,11.26,31.42,1.06,0,316
"2.5%408","Lake","Commercial Improved","Ross",0.85,0.93,0.96,17.67,50.03,1.14,0,42
"2.5%409","Lake","Commercial Improved","St. John",0.97,0.99,1.03,10.43,14.58,1.04,0,30
"df_sp189","Lake","Commercial Improved","Eagle Creek",0.96,0.98,0.99,2.14,3.33,1,0,6
"2.5%410","Lake","Residential Vacant","Countywide",1.03,1.06,1.07,21.23,36.63,1.1,0,297
"2.5%411","Lake","Residential Vacant","Calumet",1,1.08,1.16,19.04,29.24,1.12,0,24
"2.5%412","Lake","Residential Vacant","Cedar Creek",1.12,1.15,1.17,12.53,28.15,1.1,0,26
"2.5%413","Lake","Residential Vacant","Center",0.95925,1.05,1.09,16.51,22.81,1.12,0,49
"df_sp190","Lake","Residential Vacant","Hanover",1.05,1.07,1.23,13.43,22.66,1.13,0,10
"df_sp191","Lake","Residential Vacant","Hobart",0.87,0.95,1.14,13.36,18.62,1.12,0,6
"2.5%414","Lake","Residential Vacant","North",1.01,1.05,1.09,17.46,31.1,1.15,0,55
"2.5%415","Lake","Residential Vacant","St. John",1.04,1.09,1.13,15.74,25.82,1.25,0,58
"2.5%416","Lake","Residential Vacant","Winfield",0.58,1.01,1.14,37.8,63.38,1.07,0,24
"2.5%417","Lake","Residential Vacant","Eagle Creek",0.90975,1,1.03,35.19,64.27,0.85,0,45
"2.5%418","Lake","Residential Improved","Countywide",0.99,0.99,0.99,11.58,32.66,1.03,0,14545
"2.5%419","Lake","Residential Improved","Calumet",0.98,0.99,0.99,19.2,47.84,1.1,0,1486
"2.5%420","Lake","Residential Improved","Cedar Creek",0.98,0.99,1,13.13,45.59,1.05,0,485
"2.5%421","Lake","Residential Improved","Center",0.96,0.97,0.97,14.17,44.46,1.04,0,1850
"2.5%422","Lake","Residential Improved","Eagle Creek",0.97,1,1.05,6.93,8.8,1.01,0,22
"2.5%423","Lake","Residential Improved","Hanover",0.98,0.98,0.99,8.51,25.26,1.01,0,1473
"2.5%424","Lake","Residential Improved","Hobart",1,1,1,7.8,16.73,1.01,0,1292
"2.5%425","Lake","Residential Improved","North",0.97,0.98,0.98,12.85,30.64,1.03,0,4283
"2.5%426","Lake","Residential Improved","Ross",0.99,0.99,1,8.36,11.67,1.01,0,779
"2.5%427","Lake","Residential Improved","St. John",0.99,1,1,7.58,24.13,1.01,0,1945
"2.5%428","Lake","Residential Improved","West Creek",0.99,0.99,1,9.31,18.69,1.02,0,323
"2.5%429","Lake","Residential Improved","Winfield",0.99,1,1,8.34,26.15,1.02,0,606
"1128","Laporte","Industrial Vacant","Countywide",NA,NA,NA,NA,NA,NA,NA,0
"1129","Laporte","Industrial Improved","Countywide",NA,NA,NA,NA,NA,NA,NA,0
"1130","Laporte","Commercial Vacant","Countywide",NA,NA,NA,NA,NA,NA,NA,0
"df_sp192","Laporte","Commercial Improved","Countywide",0.92,0.98,1.02,7.27,10.18,1.01,0,19
"2.5%430","Laporte","Residential Vacant","Countywide",1.04,1.07,1.13,7.51,9.42,1.13,0,42
"df_sp193","Laporte","Residential Vacant","Center",0.9,1.1,1.24,8.79,12.29,1.1,0,5
"df_sp194","Laporte","Residential Vacant","Coolspring",0.91,1.05,1.13,5.07,7.72,1.11,0,5
"df_sp195","Laporte","Residential Vacant","Kankakee",1.03,1.12,1.13,3.54,4.73,1.15,0,5
"df_sp196","Laporte","Residential Vacant","Michigan",1.04,1.08,1.15,8.57,10.9,1.13,0,9
"df_sp197","Laporte","Residential Vacant","New Durham",0.88,1.15,1.25,7.97,12.72,1.12,0,5
"df_sp198","Laporte","Residential Vacant","Galena",0.99,1.03,1.19,6.95,9.4,1.14,0,8
"df_sp199","Laporte","Residential Vacant","Lincoln",0.96,1.07,1.15,5.72,7.66,1.13,0,5
"2.5%431","Laporte","Residential Improved","Countywide",0.87,0.89,0.9,10.71,13.96,1.01,0,989
"df_sp200","Laporte","Residential Improved","Clinton",0.74,0.83,0.93,14.03,15.54,1.02,0,12
"df_sp201","Laporte","Residential Improved","Cass",0.6,0.78,0.93,15.27,18.39,1.07,0,8
"2.5%432","Laporte","Residential Improved","Center",0.88,0.9,0.9,9.99,13.32,1.01,0,288
"2.5%433","Laporte","Residential Improved","Coolspring",0.85,0.87,0.9,11.62,15.33,1,0,108
"df_sp202","Laporte","Residential Improved","Galena",0.64,0.86,0.93,16.76,21.42,1.08,0,9
"df_sp203","Laporte","Residential Improved","Hanna",0.82,0.92,0.93,6.2,8.8,1.01,0,11
"df_sp204","Laporte","Residential Improved","Hudson",0.72,0.91,0.96,10.31,14.47,1.11,0,8
"2.5%434","Laporte","Residential Improved","Kankakee",0.79,0.86,0.91,10.18,12.26,0.98,0,24
"df_sp205","Laporte","Residential Improved","Lincoln",0.8,0.91,0.98,8.48,12.36,1.02,0,14
"2.5%435","Laporte","Residential Improved","Michigan",0.86,0.88,0.9,11.51,14.54,1.01,0,308
"2.5%436","Laporte","Residential Improved","New Durham",0.84,0.89,0.91,8.69,11.49,1,0,42
"df_sp206","Laporte","Residential Improved","Noble",0.67,0.87,0.98,13.55,19.02,1.01,0,11
"2.5%437","Laporte","Residential Improved","Pleasant",0.81,0.89,0.9,7.45,10.08,1.01,0,25
"2.5%438","Laporte","Residential Improved","Scipio",0.82,0.87,0.9,9.01,11.84,1.01,0,37
"2.5%439","Laporte","Residential Improved","Springfield",0.78,0.9,0.94,12.05,16.01,0.98,0,29
"2.5%440","Laporte","Residential Improved","Union",0.78,0.86,0.91,10.59,12.75,1.02,0,35
"df_sp207","Laporte","Residential Improved","Washington",0.71,0.92,0.95,14,18.26,1.02,0,13
"df_sp208","Laporte","Residential Improved","Wills",0.84,0.9,0.92,3.76,5.2,1,0,7
"1131","Lawrence","Industrial Vacant","Countywide",NA,NA,NA,NA,NA,NA,NA,0
"1132","Lawrence","Industrial Improved","Countywide",NA,NA,NA,NA,NA,NA,NA,0
"1133","Lawrence","Commercial Vacant","Countywide",NA,NA,NA,NA,NA,NA,NA,0
"2.5%441","Lawrence","Commercial Improved","Countywide",0.89,1.03,1.09,16.98,23.12,1.06,0,46
"2.5%442","Lawrence","Commercial Improved","Shawswick",0.88,0.95,1.09,18.98,24.12,1.03,0,31
"df_sp209","Lawrence","Commercial Improved","Indian Creek",0.98,1.08,1.1,13.57,21.62,1.15,0,15
"2.5%443","Lawrence","Residential Vacant","Countywide",0.67,0.93,1.12,33.55,39.08,1.42,0,53
"2.5%444","Lawrence","Residential Vacant","Shawswick",0.67,0.97,1.12,29.7,35.25,1.37,0,31
"2.5%445","Lawrence","Residential Vacant","Indian Creek",0.58,0.86,1.15,40,45.06,1.49,0,22
"2.5%446","Lawrence","Residential Improved","Countywide",0.91,0.92,0.93,17.66,25.24,1.04,0,1064
"2.5%447","Lawrence","Residential Improved","Guthrie",0.9,0.94,1.03,10.72,14.43,1.05,0,23
"2.5%448","Lawrence","Residential Improved","Indian Creek",0.85,0.89,0.93,12.25,17.12,1.02,0,48
"2.5%449","Lawrence","Residential Improved","Marion",0.9,0.92,0.95,19.99,28.21,1.06,0,213
"2.5%450","Lawrence","Residential Improved","Marshall",0.91,0.94,0.97,15.41,23.71,1.02,0,105
"2.5%451","Lawrence","Residential Improved","Perry",0.91,0.93,0.96,8.12,11.2,0.99,0,32
"2.5%452","Lawrence","Residential Improved","Shawswick",0.9,0.92,0.93,18.44,25.71,1.05,0,636
"1134","Madison","Industrial Vacant","Countywide",NA,NA,NA,NA,NA,NA,NA,0
"1135","Madison","Industrial Improved","Countywide",NA,NA,NA,NA,NA,NA,NA,0
"df_sp210","Madison","Commercial Vacant","Countywide",0.18,0.37,1.44,117.64,100.6,2.74,0,8
"df_sp211","Madison","Commercial Improved","Countywide",0.55,0.81,1.26,33.18,42.09,1.25,0,7
"2.5%453","Madison","Residential Vacant","Countywide",0.07,0.11,0.24,176.92,114.57,1.19,0,48
"2.5%454","Madison","Residential Improved","Countywide",0.92,0.93,0.94,13.13,17.39,1.03,0,807
"df_sp212","Madison","Residential Improved","Adams",0.86,0.94,1.03,12.31,17.56,1.02,0,14
"2.5%455","Madison","Residential Improved","Anderson",0.92,0.93,0.95,12.56,16.76,1.04,0,367
"2.5%456","Madison","Residential Improved","Boone",0.86,0.91,1.01,17.81,22.18,1.05,0,49
"2.5%457","Madison","Residential Improved","Duck Creek",0.85,0.92,0.97,15.03,18.36,1.05,0,83
"2.5%458","Madison","Residential Improved","Fall Creek",0.9,0.92,0.95,12.26,16.32,1.02,0,101
"2.5%459","Madison","Residential Improved","Green",0.87,0.9,0.93,10.74,14.06,1.01,0,70
"2.5%460","Madison","Residential Improved","Lafayette",0.79,0.84,0.94,18.08,24.05,1.05,0,30
"df_sp213","Madison","Residential Improved","Richland",0.89,0.97,1.04,13.63,19.04,1.03,0,18
"2.5%461","Madison","Residential Improved","Stony Creek",0.89,0.93,0.97,10.68,15.06,1.02,0,30
"2.5%462","Madison","Residential Improved","Union",0.89,0.92,0.99,13.12,16.94,1.05,0,45
"df_sp214","Marion","Industrial Vacant","Countywide",0.94,1.09,1.25,15.05,16.9,1.02,0,6
"2.5%463","Marion","Industrial Improved","Countywide",0.9,0.94,1,10.09,13.94,1.04,0,28
"df_sp215","Marion","Industrial Improved","Center",0.84,0.94,1,11.35,15.81,1.03,0,17
"df_sp216","Marion","Industrial Improved","Decatur",0.77,0.91,0.99,5.97,9.1,1.02,0,5
"df_sp217","Marion","Industrial Improved","Warren",0.93,0.97,1.1,8.7,10.45,0.99,0,6
"df_sp218","Marion","Commercial Vacant","Countywide",0.8,0.95,1.05,29.58,45.07,1.17,0,9
"2.5%464","Marion","Commercial Improved","Countywide",0.93,0.95,0.98,15.84,20.26,1.01,0,201
"2.5%465","Marion","Commercial Improved","Center",0.99,1.04,1.1,18.83,24.53,1,0,53
"df_sp219","Marion","Commercial Improved","Decatur",0.87,0.95,0.97,6.7,9.67,1.06,0,6
"df_sp220","Marion","Commercial Improved","Franklin",0.75,0.91,1.08,10.71,14.25,1.03,0,5
"2.5%466","Marion","Commercial Improved","Lawrence",0.84,0.95,1.01,13.58,16.52,1.04,0,24
"2.5%467","Marion","Commercial Improved","Perry",0.88,0.91,0.95,7.11,8.9,1,0,30
"df_sp221","Marion","Commercial Improved","Pike",0.84,0.91,1.08,16.21,20.08,0.99,0,10
"2.5%468","Marion","Commercial Improved","Warren",0.82,0.93,1.03,20.94,25.63,0.99,0,30
"df_sp222","Marion","Commercial Improved","Washington",0.92,0.94,1,10.1,14.14,1,0,15
"2.5%469","Marion","Commercial Improved","Wayne",0.89,0.96,1.03,14.13,17.49,1.05,0,27
"2.5%470","Marion","Residential Vacant","Countywide",0.95,1.01,1.05,31.46,46.68,1.37,0,156
"2.5%471","Marion","Residential Vacant","Center",0.78,0.87,1.06,48.78,64.42,2.01,0,56
"df_sp223","Marion","Residential Vacant","Decatur",0.61,0.83,1.14,15.92,22.33,1.08,0,5
"df_sp224","Marion","Residential Vacant","Franklin",0.14,0.94,1.31,46.8,67.97,1.32,0,10
"df_sp225","Marion","Residential Vacant","Lawrence",0.96,1.14,1.84,33.98,39.54,1.56,0,14
"df_sp226","Marion","Residential Vacant","Perry",1.01,1.11,1.23,15.7,19.66,1.16,0,15
"df_sp227","Marion","Residential Vacant","Pike",0.91,1.08,1.18,12.12,15.05,1.16,0,7
"df_sp228","Marion","Residential Vacant","Warren",0.93,1.05,1.62,32.24,40.3,1.43,0,11
"2.5%472","Marion","Residential Vacant","Washington",0.97,1.01,1.05,10.34,14.51,1.1,0,28
"df_sp229","Marion","Residential Vacant","Wayne",0.92,1.02,1.11,28.8,47.93,1.14,0,10
"2.5%473","Marion","Residential Improved","Countywide",0.95,0.95,0.95,15.02,27.35,1.04,0,17860
"2.5%474","Marion","Residential Improved","Center",0.96,0.96,0.97,17.46,30.14,1.05,0,4273
"2.5%475","Marion","Residential Improved","Decatur",0.91,0.92,0.93,10.22,18.18,1,0,646
"2.5%476","Marion","Residential Improved","Franklin",0.92,0.93,0.93,10.34,22.26,1.02,0,1335
"2.5%477","Marion","Residential Improved","Lawrence",0.94,0.95,0.95,11.11,18.66,1.02,0,1992
"2.5%478","Marion","Residential Improved","Perry",0.94,0.94,0.95,10.86,15.82,1.01,0,1959
"2.5%479","Marion","Residential Improved","Pike",0.93,0.93,0.94,14.44,21.91,1.03,0,1270
"2.5%480","Marion","Residential Improved","Warren",0.94,0.94,0.95,13.53,24.14,1.02,0,2079
"2.5%481","Marion","Residential Improved","Washington",0.95,0.96,0.96,10.2,14.97,1.01,0,2432
"2.5%482","Marion","Residential Improved","Wayne",0.96,0.97,0.98,29.86,44.1,1.14,0,1872
"1136","Marshall","Industrial Vacant","Countywide",NA,NA,NA,NA,NA,NA,NA,0
"1137","Marshall","Industrial Improved","Countywide",NA,NA,NA,NA,NA,NA,NA,0
"df_sp230","Marshall","Commercial Vacant","Countywide",0.97,0.99,1,6.94,13.83,0.99,0,6
"df_sp231","Marshall","Commercial Improved","Countywide",0.93,0.98,1.03,9.13,12.25,1.04,0,16
"df_sp232","Marshall","Commercial Improved","Union",0.82,0.99,1.3,11.3,17.36,1.05,0,5
"df_sp233","Marshall","Commercial Improved","Center",0.91,0.93,1.02,6.17,10.53,1.03,0,7
"1138","Marshall","Commercial Improved","Bourbon",NA,NA,NA,NA,NA,NA,NA,4
"2.5%483","Marshall","Residential Vacant","Countywide",0.8,0.98,1.00075,25.91,42.26,1.42,0,27
"df_sp234","Marshall","Residential Vacant","Center",0.76,1.03,1.12,14.17,22,1.07,0,7
"2.5%484","Marshall","Residential Vacant","Bourbon",0.74,0.97,1,29.73,48.56,1.46,0,20
"2.5%485","Marshall","Residential Improved","Countywide",0.93,0.94,0.95,11.35,17.06,1.03,0,588
"2.5%486","Marshall","Residential Improved","Bourbon",0.92,0.95,1.01,12.53,15.93,1.03,0,35
"2.5%487","Marshall","Residential Improved","German",0.9,0.93,0.97,13.26,20.59,1.02,0,99
"2.5%488","Marshall","Residential Improved","North",0.87,0.92,0.98,14.07,20.42,1.03,0,28
"2.5%489","Marshall","Residential Improved","Polk",0.89,0.93,1.01,12.62,18.27,1.02,0,22
"df_sp235","Marshall","Residential Improved","Tippecanoe",0.91,0.95,1.03,8.47,11.29,1.03,0,12
"2.5%490","Marshall","Residential Improved","Union",0.87,0.93,0.96,12.15,17.5,1.04,0,45
"2.5%491","Marshall","Residential Improved","Walnut",0.9,0.92,0.95,8.83,12.4,1.02,0,45
"2.5%492","Marshall","Residential Improved","West",0.91,0.95,0.97,12.31,16.63,1.07,0,63
"2.5%493","Marshall","Residential Improved","Center",0.93,0.94,0.95,10.06,16.1,1.02,0,239
"1139","Martin","Industrial Vacant","Countywide",NA,NA,NA,NA,NA,NA,NA,0
"1140","Martin","Industrial Improved","Countywide",NA,NA,NA,NA,NA,NA,NA,0
"1141","Martin","Commercial Vacant","Countywide",NA,NA,NA,NA,NA,NA,NA,0
"df_sp236","Martin","Commercial Improved","Countywide",0.91,0.96,1.05,9.25,11.32,0.99,0,17
"df_sp237","Martin","Residential Vacant","Countywide",0.71,1.09,1.33,12.51,21.23,1.14,0,5
"2.5%494","Martin","Residential Improved","Countywide",0.92,0.95,0.98,16.98,25.06,1.04,0,183
"2.5%495","Martin","Residential Improved","Helbert",0.9,0.97,1.04,20.08,28.4,1.06,0,39
"2.5%496","Martin","Residential Improved","Perry",0.92,0.95,0.98,15.31,23.74,1.04,0,118
"1142","Miami","Industrial Vacant","Countywide",NA,NA,NA,NA,NA,NA,NA,0
"1143","Miami","Industrial Improved","Countywide",NA,NA,NA,NA,NA,NA,NA,0
"1144","Miami","Commercial Vacant","Countywide",NA,NA,NA,NA,NA,NA,NA,0
"df_sp238","Miami","Commercial Improved","Countywide",0.87,1,1.08,12.24,17.54,1.04,0,10
"df_sp239","Miami","Residential Vacant","Countywide",0.23,0.56,1.1,59.21,64.11,1.22,0,8
"2.5%497","Miami","Residential Improved","Countywide",0.9,0.92,0.97,17.97,26.1,1.06,0,200
"2.5%498","Miami","Residential Improved","Peru",0.87,0.92,0.99,19.93,29.43,1.07,0,85
"df_sp240","Miami","Residential Improved","Washington",0.86,0.91,1.01,16.89,25.29,1.05,0,18
"2.5%499","Miami","Residential Improved","Pipe Creek",0.84,0.91,0.99,16.07,21.39,1.04,0,37
"df_sp241","Miami","Residential Improved","Union",0.9,0.96,1.02,15.18,24.56,1.13,0,18
"2.5%500","Miami","Residential Improved","Butler",0.84,0.93,1,16.52,23.41,1.04,0,38
"1145","Monroe","Industrial Vacant","Countywide",NA,NA,NA,NA,NA,NA,NA,0
"1146","Monroe","Industrial Improved","Countywide",NA,NA,NA,NA,NA,NA,NA,0
"1147","Monroe","Commercial Vacant","Countywide",NA,NA,NA,NA,NA,NA,NA,0
"2.5%501","Monroe","Commercial Improved","Countywide",0.94,0.97,1.02,15.43,22.04,1.05,0,103
"2.5%502","Monroe","Residential Vacant","Countywide",0.9,0.97,1.06,18.47,26.97,1.26,0,54
"2.5%503","Monroe","Residential Improved","Countywide",0.96,0.97,0.97,12.04,18.29,1.02,0,1841
"df_sp242","Monroe","Residential Improved","Bean Blossom",0.88,0.97,1.08,19.5,34.24,1.11,0,16
"2.5%504","Monroe","Residential Improved","Benton",0.87,1.01,1.06,16.99,24.88,1.04,0,36
"2.5%505","Monroe","Residential Improved","Bloomington",0.88,0.9,0.92,12.42,17.34,1.02,0,207
"2.5%506","Monroe","Residential Improved","Clear Creek",0.94,0.97,1,14.15,19.06,1.03,0,162
"df_sp243","Monroe","Residential Improved","Indian Creek",0.86,0.95,1.17,9.57,13.04,1.01,0,5
"2.5%507","Monroe","Residential Improved","Perry",0.94,0.95,0.96,11.79,16.44,1.02,0,790
"2.5%508","Monroe","Residential Improved","Richland",0.99,0.99,1,6.23,12.6,1.01,0,364
"2.5%509","Monroe","Residential Improved","Salt Creek",0.88,0.95,1.06,19.45,25.74,1.05,0,22
"2.5%510","Monroe","Residential Improved","Van Buren",0.92975,0.94,0.97,16.26,24.69,1.04,0,207
"2.5%511","Monroe","Residential Improved","Washington",0.78,0.87,0.95,22.25,33.67,1.12,0,27
"1148","Montgomery","Industrial Vacant","Countywide",NA,NA,NA,NA,NA,NA,NA,0
"1149","Montgomery","Industrial Improved","Countywide",NA,NA,NA,NA,NA,NA,NA,0
"1150","Montgomery","Commercial Vacant","Countywide",NA,NA,NA,NA,NA,NA,NA,0
"df_sp244","Montgomery","Commercial Improved","Countywide",0.78,0.97,1.02,15.94,22.27,0.98,0,14
"2.5%512","Montgomery","Residential Vacant","Countywide",0.27,0.53,0.64,67.04,87.97,5.77,0,33
"2.5%513","Montgomery","Residential Improved","Countywide",0.94,0.96,0.98,14.62,18.52,1.02,0,317
"2.5%514","Montgomery","Residential Improved","Brown",0.94,1,1.07,15.59,19.47,1.02,0,44
"2.5%515","Montgomery","Residential Improved","Madison",0.9,0.97,0.99,12.51,16.66,1.01,0,42
"2.5%516","Montgomery","Residential Improved","Union",0.92,0.95,0.98,14.82,18.62,1.02,0,231
"1151","Morgan","Industrial Vacant","Countywide",NA,NA,NA,NA,NA,NA,NA,0
"1152","Morgan","Industrial Improved","Countywide",NA,NA,NA,NA,NA,NA,NA,0
"df_sp245","Morgan","Commercial Vacant","Countywide",0.71,1,1.02,17.13,23.89,0.97,0,13
"2.5%517","Morgan","Commercial Improved","Countywide",0.95,0.99,1.29,128.49,113.61,1.21,0,25
"2.5%518","Morgan","Residential Vacant","Countywide",0.98,1.01,1.04,14.12,21.2,1.08,0,199
"2.5%519","Morgan","Residential Vacant","Adams",1.02,1.13,1.15,11.26,15.7,1.11,0,76
"2.5%520","Morgan","Residential Vacant","Ray",0.94,0.97,1.03,16.25,27.06,1.04,0,54
"2.5%521","Morgan","Residential Vacant","Brown",0.92,0.98,1.04,12.47,16.35,1.08,0,33
"2.5%522","Morgan","Residential Vacant","Jackson",0.96,1.01,1.07,13.72,25.18,1.07,0,35
"2.5%523","Morgan","Residential Improved","Countywide",0.93,0.93,0.94,33.39,90.61,1.19,0,1324
"2.5%524","Morgan","Residential Improved","Adams",0.88,0.95,1.05,44.76,115.39,1.27,0,21
"2.5%525","Morgan","Residential Improved","Baker",0.85,0.91,0.98,17.31,31.07,1,0,24
"2.5%526","Morgan","Residential Improved","Brown",0.9,0.92,0.93,19.74,80.38,1.09,0,230
"2.5%527","Morgan","Residential Improved","Clay",0.9,0.93,0.98,9.8,12.01,1.01,0,47
"2.5%528","Morgan","Residential Improved","Green",0.89,0.91,0.94,7.02,9.7,1.01,0,34
"2.5%529","Morgan","Residential Improved","Gregg",0.87,0.92,0.97,13.55,27.71,1.03,0,42
"df_sp246","Morgan","Residential Improved","Harrison",0.9,0.93,1.05,17.49,25.53,1.02,0,17
"2.5%530","Morgan","Residential Improved","Jackson",0.83,0.91,0.96,16.36,27.55,1.05,0,45
"2.5%531","Morgan","Residential Improved","Jefferson",0.85,0.92,0.96,13.66,17.97,1.02,0,31
"2.5%532","Morgan","Residential Improved","Madison",0.91,0.93,0.95,56.32,111.57,1.37,0,356
"2.5%533","Morgan","Residential Improved","Monroe",0.93,0.94,0.96,52.7,80.56,1.37,0,187
"2.5%534","Morgan","Residential Improved","Washington",0.93,0.94,0.96,19.08,62.77,1.04,0,290
"1153","Newton","Industrial Vacant","Countywide",NA,NA,NA,NA,NA,NA,NA,0
"1154","Newton","Industrial Improved","Countywide",NA,NA,NA,NA,NA,NA,NA,0
"1155","Newton","Commercial Vacant","Countywide",NA,NA,NA,NA,NA,NA,NA,0
"2.5%535","Newton","Commercial Improved","Countywide",0.84,0.91,1,34.66,86.92,1.19,0,29
"2.5%536","Newton","Residential Vacant","Countywide",0.97975,1.06,1.19,32.93,45.42,1.57,0,62
"2.5%537","Newton","Residential Improved","Countywide",0.94,0.96,0.98,47.6,123.95,1.3,0,710
"2.5%538","Newton","Residential Improved","Beaver",0.89,0.93,0.98,35.41,108.1,1.18,0,87
"2.5%539","Newton","Residential Improved","Grant",0.88,0.96,1.01,19.22,29.47,1.07,0,50
"2.5%540","Newton","Residential Improved","Iroquois",0.88,0.94,0.98,17.95,26.58,1.03,0,57
"2.5%541","Newton","Residential Improved","Jefferson",0.93,0.94,0.99,60.98,141.26,1.41,0,137
"2.5%542","Newton","Residential Improved","Lake",0.94,0.98,1.02,77.19,130.69,1.52,0,130
"2.5%543","Newton","Residential Improved","Lincoln",0.95,0.97,0.99,41.19,117.15,1.27,0,243
"1156","Noble","Industrial Vacant","Countywide",NA,NA,NA,NA,NA,NA,NA,0
"1157","Noble","Industrial Improved","Countywide",NA,NA,NA,NA,NA,NA,NA,0
"1158","Noble","Commercial Vacant","Countywide",NA,NA,NA,NA,NA,NA,NA,0
"2.5%544","Noble","Commercial Improved","Countywide",0.81,0.95,1.02,25.31,41.93,1.46,0,34
"2.5%545","Noble","Residential Vacant","Countywide",0.95,1.05,1.14,33.1,50.71,1.5,0,52
"2.5%546","Noble","Residential Improved","Countywide",0.94,0.95,0.96,12.99,28.25,1.02,0,1117
"2.5%547","Noble","Residential Improved","Albion",0.85,0.94,1.01,16.13,22.36,1,0,47
"2.5%548","Noble","Residential Improved","Allen",0.93,0.95,0.98,11.25,18.99,1.03,0,206
"2.5%549","Noble","Residential Improved","Elkhart",0.85,0.98,1.01,16.17,23.92,1,0,35
"2.5%550","Noble","Residential Improved","Green",0.91,0.95,1.01,11.75,16.64,1.03,0,21
"2.5%551","Noble","Residential Improved","Jefferson",0.86,0.96,0.99,15.84,29.56,1.01,0,24
"2.5%552","Noble","Residential Improved","Noble",0.89,0.95,1,16.4,22.3,1.02,0,88
"2.5%553","Noble","Residential Improved","Orange",0.91,0.94,0.96,11.47,16.42,1,0,121
"2.5%554","Noble","Residential Improved","Perry",0.93,0.96,0.99,15.68,49.93,1.05,0,102
"2.5%555","Noble","Residential Improved","Sparta",0.92,0.96,1.02025,16.78,28.29,1.01,0,35
"2.5%556","Noble","Residential Improved","Swan",0.89,0.95,0.97,12.52,18.77,1,0,37
"2.5%557","Noble","Residential Improved","Washington",0.89,0.92,1,12.27,15.23,1.03,0,37
"2.5%558","Noble","Residential Improved","Wayne",0.94,0.95,0.97,11.58,31.3,1.02,0,335
"2.5%559","Noble","Residential Improved","York",0.87,0.92,0.97,14.01,20.8,1,0,29
"1159","Ohio","Industrial Vacant","Countywide",NA,NA,NA,NA,NA,NA,NA,0
"1160","Ohio","Industrial Improved","Countywide",NA,NA,NA,NA,NA,NA,NA,0
"1161","Ohio","Commercial Vacant","Countywide",NA,NA,NA,NA,NA,NA,NA,0
"df_sp247","Ohio","Commercial Improved","Countywide",0.86,0.99,1.12,21.06,25.76,1.04,0,17
"2.5%560","Ohio","Residential Vacant","Countywide",0.88,0.96,1.13,20.54,24.03,1.08,0,24
"2.5%561","Ohio","Residential Improved","Countywide",0.89,0.93,0.95,15.92,20.64,1.04,0,206
"2.5%562","Ohio","Residential Improved","Cass",0.83,0.89,0.96,20.36,30.52,1.13,0,34
"2.5%563","Ohio","Residential Improved","Randolph",0.89,0.93,0.95,15.14,18.32,1.03,0,172
"1162","Orange","Industrial Vacant","Countywide",NA,NA,NA,NA,NA,NA,NA,0
"1163","Orange","Industrial Improved","Countywide",NA,NA,NA,NA,NA,NA,NA,0
"1164","Orange","Commercial Vacant","Countywide",NA,NA,NA,NA,NA,NA,NA,0
"2.5%564","Orange","Commercial Improved","Countywide",0.93,1.02,1.07,21.57,36.66,1.25,0,35
"df_sp248","Orange","Commercial Improved","Orleans",0.93,1.04,1.12,7.05,8.85,1.02,0,6
"df_sp249","Orange","Commercial Improved","Paoli",0.31,0.92,0.94,30.97,51.9,1.93,0,17
"df_sp250","Orange","Commercial Improved","French Lick",1.07,1.11,1.15,9.51,14.64,1.04,0,12
"2.5%565","Orange","Residential Vacant","Countywide",0.6,0.95,1.03,38.35,57.66,1.64,0,31
"2.5%566","Orange","Residential Vacant","French Lick",0.94,1.03,1.21,30.62,50.9,2.01,0,20
"df_sp251","Orange","Residential Vacant","Southeast",0.27,0.64,0.91,44.12,56.69,1.18,0,10
"2.5%567","Orange","Residential Improved","Countywide",0.94,0.97,0.99,22.36,32.75,1.06,0,340
"2.5%568","Orange","Residential Improved","French Lick",0.97,1.02,1.06,24.15,34.28,1.04,0,88
"df_sp252","Orange","Residential Improved","Greenfield",0.92,0.99,1.08,10.66,13.65,1.03,0,12
"df_sp253","Orange","Residential Improved","Jackson",0.88,0.94,1.02,13.36,17.77,1.02,0,15
"2.5%569","Orange","Residential Improved","Orleans",0.93,1,1.06,21.15,29.57,1.07,0,59
"2.5%570","Orange","Residential Improved","Paoli",0.9,0.93,0.96025,20.72,32.01,1.06,0,113
"2.5%571","Orange","Residential Improved","Stampers Creek",0.85,0.93,1,25.77,35.22,1.07,0,43
"1165","Owen","Industrial Vacant","Countywide",NA,NA,NA,NA,NA,NA,NA,0
"1166","Owen","Industrial Improved","Countywide",NA,NA,NA,NA,NA,NA,NA,0
"1167","Owen","Commercial Vacant","Countywide",NA,NA,NA,NA,NA,NA,NA,0
"df_sp254","Owen","Commercial Improved","Countywide",0.86,0.95,1.04,7.28,9.66,1.02,0,7
"2.5%572","Owen","Residential Vacant","Countywide",0.75,0.85,0.97,31.67,43.34,1.26,0,32
"2.5%573","Owen","Residential Improved","Countywide",0.9,0.91,0.92,13.72,17.51,1.02,0,211
"df_sp255","Owen","Residential Improved","Clay",0.78,0.9,0.94,12.54,15.76,1.02,0,19
"df_sp256","Owen","Residential Improved","Franklin",0.74,0.93,1.04,11.86,15.03,1.01,0,8
"df_sp257","Owen","Residential Improved","Harrison",0.75,0.9,1.1,13.97,17.17,1.02,0,5
"2.5%574","Owen","Residential Improved","Jackson",0.87,0.92,1,13.46,19,1.04,0,29
"df_sp258","Owen","Residential Improved","Jefferson",0.88,0.91,0.92,6.18,9.04,1.02,0,9
"df_sp259","Owen","Residential Improved","Jennings",0.65,0.89,1.02,15.62,19.98,0.99,0,8
"df_sp260","Owen","Residential Improved","Lafayette",0.8,0.91,0.95,12.9,17.21,1,0,19
"df_sp261","Owen","Residential Improved","Montgomery",0.79,0.93,0.96,12.67,17.87,1.03,0,12
"df_sp262","Owen","Residential Improved","Morgan",0.68,0.9,1.01,14.96,21.27,1,0,7
"df_sp263","Owen","Residential Improved","Taylor",0.68,0.92,1.01,13.3,17.49,0.98,0,8
"2.5%575","Owen","Residential Improved","Washington",0.83,0.9,0.93,14.95,18,1.02,0,62
"2.5%576","Owen","Residential Improved","Wayne",0.81,0.91,0.95,14.99,19.55,1.01,0,25
"1168","Parke","Industrial Vacant","Countywide",NA,NA,NA,NA,NA,NA,NA,0
"1169","Parke","Industrial Improved","Countywide",NA,NA,NA,NA,NA,NA,NA,0
"1170","Parke","Commercial Vacant","Countywide",NA,NA,NA,NA,NA,NA,NA,0
"df_sp264","Parke","Commercial Improved","Countywide",0.71,0.92,1.04,18.04,23.78,1,0,8
"2.5%577","Parke","Residential Vacant","Countywide",0.83,0.97,1.04,32.66,45.49,1.4,0,43
"2.5%578","Parke","Residential Vacant","Union",0.89,1,1.18,27.93,39.12,1.43,0,21
"2.5%579","Parke","Residential Vacant","Adams",0.72,0.96,1.04,36.52,51.89,1.37,0,21
"2.5%580","Parke","Residential Improved","Countywide",0.88,0.91,0.94,14.13,17.71,1.01,0,173
"2.5%581","Parke","Residential Improved","Adams",0.86,0.93,0.96,13.85,17.62,1.01,0,85
"2.5%582","Parke","Residential Improved","Florida",0.81,0.91,0.96,14.67,18.87,1,0,24
"df_sp265","Parke","Residential Improved","Reserve",0.81,1.11,1.15,10.14,15.29,0.99,0,7
"2.5%583","Parke","Residential Improved","Union",0.81,0.91,0.96,13.48,17.16,1.01,0,35
"2.5%584","Parke","Residential Improved","Greene",0.77,0.87,0.93025,12.9,16.27,1,0,22
"1171","Perry","Industrial Vacant","Countywide",NA,NA,NA,NA,NA,NA,NA,0
"1172","Perry","Industrial Improved","Countywide",NA,NA,NA,NA,NA,NA,NA,0
"1173","Perry","Commercial Vacant","Countywide",NA,NA,NA,NA,NA,NA,NA,0
"df_sp266","Perry","Commercial Improved","Countywide",0.67,0.9,0.94,12.39,17.28,0.99,0,7
"df_sp267","Perry","Residential Vacant","Countywide",0.48,0.92,1.07,14.29,26.08,1.06,0,5
"2.5%585","Perry","Residential Improved","Countywide",0.89,0.91,0.95,11.34,14.8,1.03,0,126
"2.5%586","Perry","Residential Improved","Anderson",0.74,0.92,1.01,17.77,24.34,1.08,0,21
"2.5%587","Perry","Residential Improved","Troy",0.89,0.91,0.95,10.1,12.24,1.03,0,105
"1174","Pike","Industrial Vacant","Countywide",NA,NA,NA,NA,NA,NA,NA,0
"1175","Pike","Industrial Improved","Countywide",NA,NA,NA,NA,NA,NA,NA,0
"1176","Pike","Commercial Vacant","Countywide",NA,NA,NA,NA,NA,NA,NA,0
"df_sp268","Pike","Commercial Improved","Countywide",0.91,0.95,0.99,4.32,5.8,1,0,9
"df_sp269","Pike","Residential Vacant","Countywide",0.08,0.18,0.8,234.84,100.55,2.01,0,15
"2.5%588","Pike","Residential Improved","Countywide",0.94,0.96,0.98,14.97,24.72,1.04,0,167
"df_sp270","Pike","Residential Improved","Clay",0.98,1,1.05,5.9,7.69,1.02,0,15
"2.5%589","Pike","Residential Improved","Jefferson",0.89975,0.93,0.95,7.46,9.84,1.01,0,36
"2.5%590","Pike","Residential Improved","Patoka",0.89975,0.92,0.96,11.54,23.82,1.03,0,22
"2.5%591","Pike","Residential Improved","Washington",0.95975,0.98,1.01,19.02,29.08,1.06,0,93
"1177","Porter","Industrial Vacant","Countywide",NA,NA,NA,NA,NA,NA,NA,0
"1178","Porter","Industrial Improved","Countywide",NA,NA,NA,NA,NA,NA,NA,0
"1179","Porter","Commercial Vacant","Countywide",NA,NA,NA,NA,NA,NA,NA,0
"2.5%592","Porter","Commercial Improved","Countywide",0.84,0.91,0.96,15.88,23.42,1.02,0,35
"df_sp271","Porter","Commercial Improved","Center",0.74,0.91,0.96,17.59,27.32,0.95,0,9
"df_sp272","Porter","Commercial Improved","Portage",0.81,0.96,1.06,14.57,20.45,1.04,0,13
"df_sp273","Porter","Commercial Improved","Boone",0.89,0.92,0.95,13.29,21.68,1.01,0,12
"2.5%593","Porter","Residential Vacant","Countywide",0.82,0.92,1,28.03,35.44,1.23,0,115
"2.5%594","Porter","Residential Vacant","Boone",0.78,1.01,1.15,23.69,33.21,1.21,0,35
"2.5%595","Porter","Residential Vacant","Center",0.92,1,1.13,19.52,26.41,1.14,0,39
"2.5%596","Porter","Residential Vacant","Liberty",0.64,0.67,0.82,33.35,43.69,1.29,0,33
"df_sp274","Porter","Residential Vacant","Portage",0.9,1.1,1.39,20.08,25.86,1.12,0,7
"2.5%597","Porter","Residential Improved","Countywide",0.94,0.95,0.96,14.35,20.1,1.02,0,2255
"2.5%598","Porter","Residential Improved","Boone",0.9,0.96,1,18.38,25.76,1.03,0,74
"2.5%599","Porter","Residential Improved","Center",0.93,0.95,0.96,13.2,17.44,1.01,0,685
"2.5%600","Porter","Residential Improved","Jackson",0.88,0.94,0.99,16.89,23.5,1,0,62
"2.5%601","Porter","Residential Improved","Liberty",0.95,0.96,0.98,12.05,17.97,1.01,0,118
"2.5%602","Porter","Residential Improved","Morgan",0.89,0.95,1,14.45,24.16,1.01,0,45
"2.5%603","Porter","Residential Improved","Pine",0.81,0.96,1.06,19.87,27.37,1.04,0,27
"2.5%604","Porter","Residential Improved","Pleasant",0.88,0.95,0.98,12.77,16.93,1.01,0,62
"2.5%605","Porter","Residential Improved","Portage",0.94,0.95,0.96,15.33,21.77,1.03,0,623
"2.5%606","Porter","Residential Improved","Porter",0.91,0.95,0.97,13.7,20.13,1.03,0,116
"2.5%607","Porter","Residential Improved","Union",0.92,0.95,0.96,14.27,18.38,1.01,0,128
"2.5%608","Porter","Residential Improved","Washington",0.88,0.95,0.97,11.68,15.37,1,0,49
"2.5%609","Porter","Residential Improved","Westchester",0.92,0.95,0.97,14.5,19.66,1.02,0,263
"1180","Posey","Industrial Vacant","Countywide",NA,NA,NA,NA,NA,NA,NA,0
"1181","Posey","Industrial Improved","Countywide",NA,NA,NA,NA,NA,NA,NA,0
"1182","Posey","Commercial Vacant","Countywide",NA,NA,NA,NA,NA,NA,NA,0
"df_sp275","Posey","Commercial Improved","Countywide",0.88,0.93,1.01,11.16,15.07,1.01,0,19
"df_sp276","Posey","Commercial Improved","Black",0.82,0.92,1.01,10.16,13.9,0.98,0,11
"df_sp277","Posey","Commercial Improved","Bethel",0.88,0.96,1.2,11.91,16.12,1.03,0,8
"2.5%610","Posey","Residential Vacant","Countywide",0.79,0.94,0.99,26.17,36.71,1.19,0,38
"df_sp278","Posey","Residential Vacant","Bethel",0.76,0.93,1.04,16.55,23.94,1.23,0,8
"2.5%611","Posey","Residential Vacant","Black",0.79,0.95,1.11,28.36,39.88,1.18,0,30
"2.5%612","Posey","Residential Improved","Countywide",0.92,0.92,0.94,12.32,16.39,1.02,0,336
"df_sp279","Posey","Residential Improved","Bethel",0.82,0.97,1.02,13.44,17.56,1.01,0,16
"2.5%613","Posey","Residential Improved","Black",0.89,0.92,0.92,13.34,18.35,1.02,0,149
"2.5%614","Posey","Residential Improved","Center",0.89,0.93,0.99,11.77,16.59,1,0,21
"2.5%615","Posey","Residential Improved","Harmony",0.89,0.9,0.97,11.27,15.71,1.01,0,23
"df_sp280","Posey","Residential Improved","Lynn",0.81,0.92,1.01,8.69,12.29,1.03,0,8
"2.5%616","Posey","Residential Improved","Marrs",0.92,0.97,1.01,8.91,10.92,1.02,0,55
"2.5%617","Posey","Residential Improved","Robb",0.88,0.95,0.96,11.25,16.69,1.02,0,21
"2.5%618","Posey","Residential Improved","Robinson",0.9,0.95,0.98,12.35,15.84,1.02,0,43
"1183","Pulaski","Industrial Vacant","Countywide",NA,NA,NA,NA,NA,NA,NA,0
"1184","Pulaski","Industrial Improved","Countywide",NA,NA,NA,NA,NA,NA,NA,0
"1185","Pulaski","Commercial Vacant","Countywide",NA,NA,NA,NA,NA,NA,NA,0
"df_sp281","Pulaski","Commercial Improved","Countywide",0.81,0.97,1.01,17.92,29.54,1.01,0,18
"2.5%619","Pulaski","Residential Vacant","Countywide",0.7,0.95,0.97,30.3,48,1.25,0,37
"df_sp282","Pulaski","Residential Vacant","Franklin",0.55,0.89,1.08,35.28,50.58,1,0,12
"df_sp283","Pulaski","Residential Vacant","Rich Grove",0.7,0.74,1.12,18.59,22.39,0.95,0,5
"df_sp284","Pulaski","Residential Vacant","Harrison",0.35,0.89,1.04,46.33,71.92,2.52,0,11
"df_sp285","Pulaski","Residential Vacant","Van Buren",0.97,0.97,1.01,14.26,26.5,1.14,0,9
"2.5%620","Pulaski","Residential Improved","Countywide",0.93,0.95,0.96,13.1,22.32,1.04,0,328
"df_sp286","Pulaski","Residential Improved","Cass",0.79,0.9,0.94,20.98,36.01,1.09,0,17
"df_sp287","Pulaski","Residential Improved","Jefferson",0.9,0.94,0.99,14.61,24.2,1.06,0,17
"df_sp288","Pulaski","Residential Improved","Harrison",0.83,0.94,0.99,16.68,28.46,1,0,9
"2.5%621","Pulaski","Residential Improved","Indian Creek",0.92,0.95,1.01,11.1,14.12,1.03,0,22
"2.5%622","Pulaski","Residential Improved","Monroe",0.93,0.96,0.97,10.51,17.54,1.02,0,143
"2.5%623","Pulaski","Residential Improved","Salem",0.89,0.93,0.97,11.75,21.61,1.03,0,51
"df_sp289","Pulaski","Residential Improved","Tippecanoe",0.87,0.9,0.95,14.57,22.64,1.04,0,17
"2.5%624","Pulaski","Residential Improved","Van Buren",0.95,0.97,1.04,16.45,29.38,1.08,0,27
"2.5%625","Pulaski","Residential Improved","White Post",0.9,0.99,1.06,17.71,25.25,1.11,0,25
"1186","Putnam","Industrial Vacant","Countywide",NA,NA,NA,NA,NA,NA,NA,0
"1187","Putnam","Industrial Improved","Countywide",NA,NA,NA,NA,NA,NA,NA,0
"1188","Putnam","Commercial Vacant","Countywide",NA,NA,NA,NA,NA,NA,NA,0
"df_sp290","Putnam","Commercial Improved","Countywide",0.85,0.92,0.94,19.46,38.38,1.3,0,16
"df_sp291","Putnam","Commercial Improved","Cloverdale",0.88,0.92,0.95,14.67,33.15,1.12,0,10
"df_sp292","Putnam","Commercial Improved","Greencastle",0.08,0.92,1.18,26.13,52.94,1.47,0,5
"2.5%626","Putnam","Residential Vacant","Countywide",0.88975,0.97,1.08,35.45,50.95,1.69,0,50
"2.5%627","Putnam","Residential Vacant","Floyd",0.93,1.01,1.09,25.66,39.35,1.48,0,36
"df_sp293","Putnam","Residential Vacant","Clinton",0.23,0.83,1.34,65.78,80.66,2.31,0,14
"2.5%628","Putnam","Residential Improved","Countywide",0.88,0.9,0.91,10.87,17.85,1.04,0,336
"2.5%629","Putnam","Residential Improved","Clinton",0.84,0.91,0.96,14.37,24.64,1.07,0,24
"2.5%630","Putnam","Residential Improved","Cloverdale",0.85,0.91,0.96,12.09,18.07,1.06,0,49
"df_sp294","Putnam","Residential Improved","Floyd",0.81,0.88,0.95,9.07,11.59,1.02,0,18
"2.5%631","Putnam","Residential Improved","Franklin",0.83,0.9,0.92,11.57,17.7,1.01,0,28
"2.5%632","Putnam","Residential Improved","Greencastle",0.86,0.9,0.91,10.97,18.87,1.05,0,148
"df_sp295","Putnam","Residential Improved","Jackson",0.8,0.86,0.95,12.98,17.23,1.04,0,10
"df_sp296","Putnam","Residential Improved","Marion",0.83,0.9,0.91,7.2,9.53,1.02,0,15
"df_sp297","Putnam","Residential Improved","Monroe",0.82,0.88,0.93,9.71,13.44,0.99,0,14
"df_sp298","Putnam","Residential Improved","Russell",0.84,0.91,1.06,8.76,12.7,1.01,0,7
"df_sp299","Putnam","Residential Improved","Warren",0.81,0.92,1.01,9.23,10.99,1.05,0,7
"df_sp300","Putnam","Residential Improved","Washington",0.84,0.9,0.93,6.21,7.68,1.02,0,16
"1189","Randolph","Industrial Vacant","Countywide",NA,NA,NA,NA,NA,NA,NA,0
"1190","Randolph","Industrial Improved","Countywide",NA,NA,NA,NA,NA,NA,NA,0
"1191","Randolph","Commercial Vacant","Countywide",NA,NA,NA,NA,NA,NA,NA,0
"1192","Randolph","Commercial Improved","Countywide",NA,NA,NA,NA,NA,NA,NA,0
"df_sp301","Randolph","Residential Vacant","Countywide",0.23,0.53,0.86,84.64,87.12,4.11,0,11
"2.5%633","Randolph","Residential Improved","Countywide",0.95,0.97,0.98025,11.79,15.04,1.03,0,269
"df_sp302","Randolph","Residential Improved","Franklin",0.86,1,1.11,11.85,17.67,1.02,0,7
"df_sp303","Randolph","Residential Improved","Green",0.71,1.03,1.05,8.25,15.12,1,0,5
"df_sp304","Randolph","Residential Improved","Greensfork",0.83,0.97,1.2,18.11,23.16,1.05,0,12
"2.5%634","Randolph","Residential Improved","Monroe",0.91,0.95,1.01,12.61,16.96,1.04,0,56
"df_sp305","Randolph","Residential Improved","Stoney Creek",0.85,0.93,1.1,12.46,14.11,1.06,0,6
"df_sp306","Randolph","Residential Improved","Union",0.81,0.96,1.03,12.99,16.44,1,0,12
"2.5%635","Randolph","Residential Improved","Washington",0.89,0.95,1.05,9.62,10.83,1.03,0,21
"2.5%636","Randolph","Residential Improved","Wayne",0.91,0.98,1.01,11.03,13.88,1.03,0,36
"2.5%637","Randolph","Residential Improved","White River",0.94,0.96,0.99,11.3,14.18,1.02,0,114
"1193","Ripley","Industrial Vacant","Countywide",NA,NA,NA,NA,NA,NA,NA,0
"1194","Ripley","Industrial Improved","Countywide",NA,NA,NA,NA,NA,NA,NA,0
"1195","Ripley","Commercial Vacant","Countywide",NA,NA,NA,NA,NA,NA,NA,0
"2.5%638","Ripley","Commercial Improved","Countywide",0.519,0.77,0.99,34.88,45.06,1.05,0,22
"2.5%639","Ripley","Residential Vacant","Countywide",0.53,0.76,0.92,46.79,57.88,2.27,0,46
"2.5%640","Ripley","Residential Improved","Countywide",0.85975,0.88,0.91,20.11,27.97,1.05,0,177
"2.5%641","Ripley","Residential Improved","Brown",0.76,0.83,0.93,23.12,29.53,1.09,0,43
"2.5%642","Ripley","Residential Improved","Center",0.83,0.93,0.99,26.85,34.06,1.19,0,43
"2.5%643","Ripley","Residential Improved","Adams",0.86,0.89,0.93,13.35,21.84,0.98,0,30
"df_sp307","Ripley","Residential Improved","Johnson",0.71,0.85,0.89,16.79,23.44,1.01,0,19
"2.5%644","Ripley","Residential Improved","Laughery",0.85,0.91,0.93,13.84,21.68,1.01,0,42
"1196","Rush","Industrial Vacant","Countywide",NA,NA,NA,NA,NA,NA,NA,0
"1197","Rush","Industrial Improved","Countywide",NA,NA,NA,NA,NA,NA,NA,0
"1198","Rush","Commercial Vacant","Countywide",NA,NA,NA,NA,NA,NA,NA,0
"1199","Rush","Commercial Improved","Countywide",NA,NA,NA,NA,NA,NA,NA,0
"df_sp308","Rush","Residential Vacant","Countywide",0.51,0.77,1.37,35.69,43.37,1.16,0,5
"2.5%645","Rush","Residential Improved","Countywide",0.96,0.98,0.99,9.87,15.47,1.01,0,149
"2.5%646","Rush","Residential Improved","Rushville",0.96,0.99,0.99,8.04,12.79,1.01,0,77
"2.5%647","Rush","Residential Improved","Anderson",0.94,0.96,1,11.78,18.01,1.01,0,72
"1200","Scott","Industrial Vacant","Countywide",NA,NA,NA,NA,NA,NA,NA,0
"1201","Scott","Industrial Improved","Countywide",NA,NA,NA,NA,NA,NA,NA,0
"df_sp309","Scott","Commercial Vacant","Countywide",1.02,1.02,1.14,2.51,5.1,1,0,5
"df_sp310","Scott","Commercial Improved","Countywide",0.73,0.92,1.1,20.33,25.07,1.07,0,10
"2.5%648","Scott","Residential Vacant","Countywide",0.68,0.77,0.84,35.7,48.3,1.3,0,76
"2.5%649","Scott","Residential Improved","Countywide",0.88,0.9,0.91,11.87,16.43,1.02,0,316
"df_sp311","Scott","Residential Improved","Finley",0.78,0.89,1.03,14.37,17.07,1.02,0,14
"2.5%650","Scott","Residential Improved","Jennings",0.86,0.92,0.97,15.6,22.71,1.07,0,50
"2.5%651","Scott","Residential Improved","Johnson",0.75,0.8,0.92,19.59,26.06,1.08,0,26
"2.5%652","Scott","Residential Improved","Lexington",0.84,0.89,0.93,11.77,15.67,1.02,0,48
"2.5%653","Scott","Residential Improved","Vienna",0.88,0.91,0.92,9.59,12.53,1.01,0,178
"1202","Shelby","Industrial Vacant","Countywide",NA,NA,NA,NA,NA,NA,NA,0
"1203","Shelby","Industrial Improved","Countywide",NA,NA,NA,NA,NA,NA,NA,0
"1204","Shelby","Commercial Vacant","Countywide",NA,NA,NA,NA,NA,NA,NA,0
"df_sp312","Shelby","Commercial Improved","Countywide",0.23,0.93,1.06,21.1,41.05,0.98,0,5
"2.5%654","Shelby","Residential Vacant","Countywide",0.03,0.03,0.31,939.9,141.85,2.98,0,33
"2.5%655","Shelby","Residential Improved","Countywide",0.92,0.95,0.96,13.9,21.59,1.1,0,380
"2.5%656","Shelby","Residential Improved","Hanover",0.93,0.98,1.02,12.26,15.77,1.02,0,27
"2.5%657","Shelby","Residential Improved","Jackson",0.92,0.96,1.04,13.45,18.49,1.04,0,26
"2.5%658","Shelby","Residential Improved","Moral",0.9,0.96,0.99,9.32,12.79,1.01,0,38
"df_sp313","Shelby","Residential Improved","Noble",0.83,1.01,1.07,9.86,12.71,1,0,13
"2.5%659","Shelby","Residential Improved","Addison",0.9,0.92,0.95,15.13,24.58,1.19,0,220
"df_sp314","Shelby","Residential Improved","Marion",0.86,0.95,1.01,10.62,13.69,0.99,0,14
"df_sp315","Shelby","Residential Improved","Brandywine",0.8,0.95,1.05,14.58,17.2,1.03,0,15
"df_sp316","Shelby","Residential Improved","Shelby",0.88,0.95,1,12.08,15.71,1.01,0,18
"1205","Spencer","Industrial Vacant","Countywide",NA,NA,NA,NA,NA,NA,NA,0
"1206","Spencer","Industrial Improved","Countywide",NA,NA,NA,NA,NA,NA,NA,0
"1207","Spencer","Commercial Vacant","Countywide",NA,NA,NA,NA,NA,NA,NA,0
"1208","Spencer","Commercial Improved","Countywide",NA,NA,NA,NA,NA,NA,NA,0
"df_sp317","Spencer","Residential Vacant","Countywide",0.27,0.79,1.1,49.77,65.62,1.46,0,9
"df_sp318","Spencer","Residential Vacant","Carter",0.2,0.63,1.02,61.75,74.74,1.5,0,6
"1209","Spencer","Residential Vacant","Clay",NA,NA,NA,NA,NA,NA,NA,3
"2.5%660","Spencer","Residential Improved","Countywide",0.89,0.91,0.92,14.18,28.94,1.07,0,154
"2.5%661","Spencer","Residential Improved","Carter",0.87,0.91,0.99,14.08,24.78,1.07,0,27
"2.5%662","Spencer","Residential Improved","Clay",0.87,0.91,0.93,9.66,19.4,1.03,0,43
"df_sp319","Spencer","Residential Improved","Grass",0.82,0.88,0.98,10.9,15.23,1,0,11
"df_sp320","Spencer","Residential Improved","Hammond",0.93,1.01,1.02,12.39,22.43,1.1,0,9
"df_sp321","Spencer","Residential Improved","Harrison",0.88,0.9,0.95,19.36,33.79,1.09,0,11
"df_sp322","Spencer","Residential Improved","Luce",0.87,0.91,0.99,23.88,44.41,1.14,0,18
"2.5%663","Spencer","Residential Improved","Ohio",0.88,0.9,0.91,13.68,31.34,1.07,0,35
"1210","St. Joseph","Industrial Vacant","Countywide",NA,NA,NA,NA,NA,NA,NA,0
"1211","St. Joseph","Industrial Improved","Countywide",NA,NA,NA,NA,NA,NA,NA,0
"df_sp323","St. Joseph","Commercial Vacant","Countywide",0.13,0.44,1.14,86.06,78.5,1.49,0,5
"2.5%664","St. Joseph","Commercial Improved","Countywide",0.85,0.99,1.06,22.18,29.3,1.01,0,37
"2.5%665","St. Joseph","Residential Vacant","Countywide",0.08,0.25,0.43,186.83,124.67,1.87,0,120
"2.5%666","St. Joseph","Residential Improved","Countywide",0.92,0.93,0.93,20.18,36.45,1.08,0,3473
"2.5%667","St. Joseph","Residential Improved","Centre",0.89,0.91,0.92,17.31,32.69,1.05,0,271
"2.5%668","St. Joseph","Residential Improved","Clay",0.9,0.92,0.93,16.06,29.12,1.05,0,557
"2.5%669","St. Joseph","Residential Improved","German",0.88,0.9,0.91,11.52,18.9,1.02,0,167
"2.5%670","St. Joseph","Residential Improved","Greene",0.87,0.92,1.05,38.45,66.93,1.23,0,32
"2.5%671","St. Joseph","Residential Improved","Harris",0.9,0.91,0.92,11.89,17.99,1.02,0,318
"2.5%672","St. Joseph","Residential Improved","Liberty",0.86,0.9,1.01,24.83,35.04,1.1,0,45
"2.5%673","St. Joseph","Residential Improved","Lincoln",0.84,0.97,1.05,21.9,44.32,1.11,0,27
"df_sp324","St. Joseph","Residential Improved","Madison",0.83,0.9,0.98,11.89,18.83,1.02,0,11
"2.5%674","St. Joseph","Residential Improved","Olive",0.88,0.94,1,19.2,29.2,1.06,0,55
"2.5%675","St. Joseph","Residential Improved","Penn",0.89,0.9,0.91,12.46,17.99,1.01,0,433
"2.5%676","St. Joseph","Residential Improved","Portage",0.96,0.97,0.98,25.4,42.41,1.11,0,1393
"2.5%677","St. Joseph","Residential Improved","Union",0.91,0.94,1.05,24.96,38.38,1.08,0,47
"2.5%678","St. Joseph","Residential Improved","Warren",0.89,0.92,0.94,19.81,39.98,1.05,0,117
"1212","Starke","Industrial Vacant","Countywide",NA,NA,NA,NA,NA,NA,NA,0
"1213","Starke","Industrial Improved","Countywide",NA,NA,NA,NA,NA,NA,NA,0
"1214","Starke","Commercial Vacant","Countywide",NA,NA,NA,NA,NA,NA,NA,0
"2.5%679","Starke","Commercial Improved","Countywide",0.84,0.93,0.94,15.02,27.01,1.42,0,21
"2.5%680","Starke","Residential Vacant","Countywide",1.01,1.07,1.13,15.56,25.15,1.15,0,70
"1215","Starke","Residential Vacant","California",NA,NA,NA,NA,NA,NA,NA,4
"df_sp325","Starke","Residential Vacant","Center",1.03,1.15,1.19,13.97,25.74,1.2,0,16
"df_sp326","Starke","Residential Vacant","Davis",0.92,1.07,1.12,20.61,34.48,1.21,0,14
"2.5%681","Starke","Residential Vacant","North Bend",1,1.12,1.14,10.88,16.77,1.12,0,24
"df_sp327","Starke","Residential Vacant","Railroad",0.87,1.06,1.2,10.12,13.79,1.01,0,5
"df_sp328","Starke","Residential Vacant","Washington",0.8,0.91,1.01,18.4,28.05,1.07,0,7
"2.5%682","Starke","Residential Improved","Countywide",0.91,0.92,0.93,10.92,20.4,1.02,0,704
"2.5%683","Starke","Residential Improved","California",0.9,0.92,0.95,10.7,13.98,1.01,0,83
"2.5%684","Starke","Residential Improved","Center",0.91,0.93,0.94,9.2,12.68,1.01,0,193
"2.5%685","Starke","Residential Improved","Davis",0.89,0.91,0.96025,17.09,46.03,1.08,0,38
"df_sp329","Starke","Residential Improved","Jackson",0.76,0.93,0.98,8.65,11.86,1.04,0,10
"2.5%686","Starke","Residential Improved","North Bend",0.88,0.91,0.94,13.08,25.04,1.05,0,57
"2.5%687","Starke","Residential Improved","Oregon",0.89,0.92,0.95,12.56,28.46,1.04,0,91
"2.5%688","Starke","Residential Improved","Railroad",0.9,0.93,0.96,8.95,13.42,1.02,0,21
"2.5%689","Starke","Residential Improved","Washington",0.87,0.9,0.96,11.2,14.22,1.02,0,56
"2.5%690","Starke","Residential Improved","Wayne",0.91,0.92,0.93,10.17,13.85,1.02,0,155
"1216","Steuben","Industrial Vacant","Countywide",NA,NA,NA,NA,NA,NA,NA,0
"1217","Steuben","Industrial Improved","Countywide",NA,NA,NA,NA,NA,NA,NA,0
"1218","Steuben","Commercial Vacant","Countywide",NA,NA,NA,NA,NA,NA,NA,0
"2.5%691","Steuben","Commercial Improved","Countywide",0.71,0.77,0.88,20.52,25.75,1.04,0,27
"df_sp330","Steuben","Commercial Improved","Pleasant",0.71,0.88,0.98,15.02,18.77,1.02,0,13
"df_sp331","Steuben","Commercial Improved","Clear Lake",0.5,0.76,0.83,21.16,29.82,1.05,0,14
"2.5%692","Steuben","Residential Vacant","Countywide",0.42,0.67,0.96,56.08,64.77,1.24,0,54
"df_sp332","Steuben","Residential Vacant","Pleasant",0.22,0.99,1.1,39.03,65.97,1.6,0,10
"2.5%693","Steuben","Residential Vacant","Clear Lake",0.36,0.66,0.95,54.63,64.47,1.18,0,43
"2.5%694","Steuben","Residential Improved","Countywide",0.93,0.95,0.96,14.74,21.31,1.02,0,442
"2.5%695","Steuben","Residential Improved","Clear Lake",0.9,0.97,1,16.72,24.68,1.01,0,69
"2.5%696","Steuben","Residential Improved","Jackson",0.86,0.92,0.99,17.46,23.42,1.01,0,36
"2.5%697","Steuben","Residential Improved","Jamestown",0.86,0.9,0.98,15.77,19.99,1.06,0,51
"2.5%698","Steuben","Residential Improved","Otsego",0.89,0.94,0.98,13.56,18.64,1.03,0,51
"2.5%699","Steuben","Residential Improved","Pleasant",0.93,0.95,0.98,13.16,20.16,1.01,0,193
"2.5%700","Steuben","Residential Improved","Salem",0.87,0.93,0.98,16.17,24.08,1,0,42
"1219","Sullivan","Industrial Vacant","Countywide",NA,NA,NA,NA,NA,NA,NA,0
"1220","Sullivan","Industrial Improved","Countywide",NA,NA,NA,NA,NA,NA,NA,0
"1221","Sullivan","Commercial Vacant","Countywide",NA,NA,NA,NA,NA,NA,NA,0
"df_sp333","Sullivan","Commercial Improved","Countywide",0.83,1.03,1.16,16.63,20.08,0.99,0,10
"1222","Sullivan","Residential Vacant","Countywide",NA,NA,NA,NA,NA,NA,NA,0
"2.5%701","Sullivan","Residential Improved","Countywide",0.88,0.93,0.97,13.49,15.91,1.02,0,168
"2.5%702","Sullivan","Residential Improved","Cass",0.88,0.97,1.01,12.38,15.2,1.02,0,52
"df_sp334","Sullivan","Residential Improved","Haddon",0.92,0.99,1.09,12.46,17.37,1.02,0,9
"2.5%703","Sullivan","Residential Improved","Hamilton",0.88,0.91,0.95,13.55,16,1.02,0,107
"1223","Switzerland","Industrial Vacant","Countywide",NA,NA,NA,NA,NA,NA,NA,0
"1224","Switzerland","Industrial Improved","Countywide",NA,NA,NA,NA,NA,NA,NA,0
"1225","Switzerland","Commercial Vacant","Countywide",NA,NA,NA,NA,NA,NA,NA,0
"df_sp335","Switzerland","Commercial Improved","Countywide",0.89,0.95,1.12,14.78,20.8,1.02,0,6
"1226","Switzerland","Residential Vacant","Countywide",NA,NA,NA,NA,NA,NA,NA,0
"2.5%704","Switzerland","Residential Improved","Countywide",0.88,0.92,0.96,11.36,13.76,1.03,0,84
"2.5%705","Switzerland","Residential Improved","Craig",0.86975,0.92,0.96,11.93,15.39,1.02,0,35
"df_sp336","Switzerland","Residential Improved","Cotton",0.83,0.92,1.11,11.03,13.97,1.03,0,11
"2.5%706","Switzerland","Residential Improved","Jefferson",0.86,0.94,0.99,10.73,12.42,1.03,0,38
"1227","Tippecanoe","Industrial Vacant","Countywide",NA,NA,NA,NA,NA,NA,NA,0
"df_sp337","Tippecanoe","Industrial Improved","Countywide",0.55,0.98,1.33,36.58,54.43,2.45,0,10
"2.5%707","Tippecanoe","Commercial Vacant","Countywide",0.05,0.16,0.31,139.84,130.96,1.79,0,20
"2.5%708","Tippecanoe","Commercial Improved","Countywide",0.69,0.75,0.79,46.25,72.1,1.27,0,161
"2.5%709","Tippecanoe","Residential Vacant","Countywide",0.99,1.01,1.03,23.19,40.49,4.69,0,229
"2.5%710","Tippecanoe","Residential Vacant","Fairfield",0.95,0.98,1.01,29.59,49.7,1.48,0,56
"df_sp338","Tippecanoe","Residential Vacant","Perry",0.88,0.97,1.03,28.82,52.64,1.34,0,16
"df_sp339","Tippecanoe","Residential Vacant","Shelby",0.18,0.89,0.95,29.42,54.55,1.31,0,11
"2.5%711","Tippecanoe","Residential Vacant","Tippecanoe",1.03,1.09,1.09,12.7,21.02,1.18,0,63
"2.5%712","Tippecanoe","Residential Vacant","Union",1.03,1.08,1.11,4.6,5.8,1.15,0,26
"2.5%713","Tippecanoe","Residential Vacant","Wabash",0.93,0.96,1.06,29.91,51.9,14.73,0,56
"2.5%714","Tippecanoe","Residential Improved","Countywide",0.88,0.89,0.89,18.35,35.38,1.06,0,3463
"2.5%715","Tippecanoe","Residential Improved","Fairfield",0.85,0.86,0.88,20.46,30.8,1.04,0,1097
"2.5%716","Tippecanoe","Residential Improved","Jackson",0.78,0.89,0.94,24.39,45.73,1.09,0,27
"2.5%717","Tippecanoe","Residential Improved","Lauramie",0.77,0.85,0.92,25.45,32.83,1.06,0,48
"2.5%718","Tippecanoe","Residential Improved","Perry",0.89,0.91,0.93,12.91,21.08,1.02,0,207
"2.5%719","Tippecanoe","Residential Improved","Sheffield",0.86,0.88,0.9,15.97,45.43,1.06,0,72
"2.5%720","Tippecanoe","Residential Improved","Shelby",0.8,0.85,0.94,20.95,32.75,1.09,0,41
"2.5%721","Tippecanoe","Residential Improved","Tippecanoe",0.88,0.89,0.91,15.19,37.44,1.03,0,290
"2.5%722","Tippecanoe","Residential Improved","Union",0.88,0.9,0.92,14.7,25.34,0.97,0,44
"2.5%723","Tippecanoe","Residential Improved","Wabash",0.87,0.88,0.89,20.78,39.33,1.17,0,754
"2.5%724","Tippecanoe","Residential Improved","Wayne",0.72,0.86,0.96,29.96,39.53,1.09,0,21
"2.5%725","Tippecanoe","Residential Improved","Wea",0.89,0.9,0.91,14.4,37.05,1.03,0,811
"1228","Tipton","Industrial Vacant","Countywide",NA,NA,NA,NA,NA,NA,NA,0
"1229","Tipton","Industrial Improved","Countywide",NA,NA,NA,NA,NA,NA,NA,0
"1230","Tipton","Commercial Vacant","Countywide",NA,NA,NA,NA,NA,NA,NA,0
"df_sp340","Tipton","Commercial Improved","Countywide",0.82,0.88,1.03,20.07,27,1,0,10
"df_sp341","Tipton","Residential Vacant","Countywide",0.65,0.93,1.27,25.23,32.29,1.3,0,6
"2.5%726","Tipton","Residential Improved","Countywide",0.92,0.93,0.95025,14.86,19.05,1.03,0,426
"2.5%727","Tipton","Residential Improved","Cicero",0.91,0.94,0.96,14.96,18.89,1.03,0,285
"2.5%728","Tipton","Residential Improved","Jefferson",0.88,0.94,1.01,15.71,22.88,1.05,0,22
"2.5%729","Tipton","Residential Improved","Liberty",0.87,0.93,0.96,13.1,17,1.02,0,57
"2.5%730","Tipton","Residential Improved","Madison",0.8,0.9,1.03,17.28,21.47,1.04,0,24
"2.5%731","Tipton","Residential Improved","Prairie",0.9,0.93,1.03,15.12,19.98,1.07,0,20
"df_sp342","Tipton","Residential Improved","Wildcat",0.89,0.94,1.1,13.7,17.84,1.01,0,18
"1231","Union","Industrial Vacant","Countywide",NA,NA,NA,NA,NA,NA,NA,0
"1232","Union","Industrial Improved","Countywide",NA,NA,NA,NA,NA,NA,NA,0
"1233","Union","Commercial Vacant","Countywide",NA,NA,NA,NA,NA,NA,NA,0
"df_sp343","Union","Commercial Improved","Countywide",0.49,0.73,0.79,29.79,47.37,1.13,0,6
"1234","Union","Residential Vacant","Countywide",NA,NA,NA,NA,NA,NA,NA,0
"2.5%732","Union","Residential Improved","Countywide",0.9,0.94,0.97,16.94,21.36,1.03,0,143
"2.5%733","Union","Residential Improved","Brownsville",0.86,0.95,0.98,15.48,20.05,1.01,0,37
"2.5%734","Union","Residential Improved","Harrison",0.84,0.96,1.05,19.26,25.42,1.04,0,29
"2.5%735","Union","Residential Improved","Center",0.87,0.93,0.97,16.69,20.59,1.04,0,77
"1235","Vanderburgh","Industrial Vacant","Countywide",NA,NA,NA,NA,NA,NA,NA,0
"1236","Vanderburgh","Industrial Improved","Countywide",NA,NA,NA,NA,NA,NA,NA,0
"2.5%736","Vanderburgh","Commercial Vacant","Countywide",0.06,0.38,0.58025,69.16,85.61,1.18,0,22
"2.5%737","Vanderburgh","Commercial Improved","Countywide",0.83,0.91,0.97,17.33,20.34,1.02,0,80
"df_sp344","Vanderburgh","Commercial Improved","Center",0.75,0.91,1.04,16.52,19.93,1,0,16
"2.5%738","Vanderburgh","Commercial Improved","Knight",0.81,0.93,1.04,18.63,21.96,1.03,0,40
"2.5%739","Vanderburgh","Commercial Improved","Pigeon",0.81,0.9,1.02,15.25,18.53,1.01,0,23
"1237","Vanderburgh","Commercial Improved","Armstrong",NA,NA,NA,NA,NA,NA,NA,1
"2.5%740","Vanderburgh","Residential Vacant","Countywide",0.17,0.27,0.43,123.29,103.94,1.53,0,105
"2.5%741","Vanderburgh","Residential Improved","Countywide",0.97,0.98,0.98,13.23,17.97,1.01,0,2594
"2.5%742","Vanderburgh","Residential Improved","Armstrong",0.84,0.9,1,14.31,18.15,1.04,0,28
"2.5%743","Vanderburgh","Residential Improved","Center",0.98,0.99,1,11.38,16.35,1.01,0,729
"2.5%744","Vanderburgh","Residential Improved","Perry",0.89,0.92,0.94,14.99,18.39,1.01,0,308
"2.5%745","Vanderburgh","Residential Improved","Knight",0.97,0.98,0.99,14.32,19.35,1.01,0,984
"2.5%746","Vanderburgh","Residential Improved","Pigeon",0.92,0.95,0.97,14.89,18.02,1.01,0,264
"2.5%747","Vanderburgh","Residential Improved","Scott",0.98,0.99,1,9.99,14.28,1.01,0,281
"1238","Vermillion","Industrial Vacant","Countywide",NA,NA,NA,NA,NA,NA,NA,0
"1239","Vermillion","Industrial Improved","Countywide",NA,NA,NA,NA,NA,NA,NA,0
"1240","Vermillion","Commercial Vacant","Countywide",NA,NA,NA,NA,NA,NA,NA,0
"1241","Vermillion","Commercial Improved","Countywide",NA,NA,NA,NA,NA,NA,NA,0
"df_sp345","Vermillion","Residential Vacant","Countywide",0.56,0.8,0.99,28.49,36.98,1.14,0,13
"2.5%748","Vermillion","Residential Improved","Countywide",0.84,0.91,0.93,13.58,16.7,1.02,0,100
"2.5%749","Vermillion","Residential Improved","Clinton",0.82,0.9,0.93,14.96,18.1,1.03,0,64
"df_sp346","Vermillion","Residential Improved","Eugene",0.83,0.92,0.98,12.01,17,1.05,0,6
"df_sp347","Vermillion","Residential Improved","Helt",0.83,0.95,1.02,11.79,14.77,0.98,0,16
"df_sp348","Vermillion","Residential Improved","Highland",0.78,0.92,1.03,11.75,15.35,1.04,0,9
"df_sp349","Vermillion","Residential Improved","Vermillion",0.79,0.9,0.93,5.18,7.07,1,0,5
"1242","Vigo","Industrial Vacant","Countywide",NA,NA,NA,NA,NA,NA,NA,0
"1243","Vigo","Industrial Improved","Countywide",NA,NA,NA,NA,NA,NA,NA,0
"1244","Vigo","Commercial Vacant","Countywide",NA,NA,NA,NA,NA,NA,NA,0
"2.5%750","Vigo","Commercial Improved","Countywide",0.77,0.84,0.96,22.26,26.94,0.94,0,45
"df_sp350","Vigo","Residential Vacant","Countywide",0.94,1.15,1.23,16.39,24.41,1.16,0,19
"2.5%751","Vigo","Residential Improved","Countywide",0.81,0.83,0.85,19.66,23.59,1.06,0,1128
"2.5%752","Vigo","Residential Improved","Fayette",0.74,0.86,1.10025,24.07,26.95,1.1,0,28
"2.5%753","Vigo","Residential Improved","Harrison",0.83,0.85,0.87,19.1,22.86,1.06,0,582
"2.5%754","Vigo","Residential Improved","Honey Creek",0.77,0.79,0.82,18.54,23.89,1.03,0,141
"2.5%755","Vigo","Residential Improved","Lost Creek",0.81,0.85,0.88,16.18,20.66,1.02,0,132
"2.5%756","Vigo","Residential Improved","Otter Creek",0.71,0.77,0.81,21.24,25.19,1.07,0,83
"2.5%757","Vigo","Residential Improved","Pierson",0.61,0.76,0.83,24.39,28.29,1.12,0,41
"2.5%758","Vigo","Residential Improved","Riley",0.72,0.74,0.81,17.36,21.52,1.01,0,61
"2.5%759","Vigo","Residential Improved","Sugar Creek",0.85875,0.9,1.05,22.29,26.75,1.15,0,49
"1245","Wabash","Industrial Vacant","Countywide",NA,NA,NA,NA,NA,NA,NA,0
"1246","Wabash","Industrial Improved","Countywide",NA,NA,NA,NA,NA,NA,NA,0
"1247","Wabash","Commercial Vacant","Countywide",NA,NA,NA,NA,NA,NA,NA,0
"df_sp351","Wabash","Commercial Improved","Countywide",0.82,0.94,1,11.66,14.07,1,0,17
"df_sp352","Wabash","Commercial Improved","Chester",0.73,1,1.13,13.27,18.52,1,0,5
"df_sp353","Wabash","Commercial Improved","Noble",0.82,0.92,0.98,10.46,12.56,1,0,12
"1248","Wabash","Residential Vacant","Countywide",NA,NA,NA,NA,NA,NA,NA,0
"2.5%760","Wabash","Residential Improved","Countywide",0.93,0.95,0.96,12.59,15.58,1.02,0,718
"2.5%761","Wabash","Residential Improved","Chester",0.94,0.97,0.99,11.53,14.43,1.01,0,149
"2.5%762","Wabash","Residential Improved","Lagro",0.88,0.97,1.03,12.68,14.86,1.03,0,36
"2.5%763","Wabash","Residential Improved","Liberty",0.91,0.95,1.03,12.84,15.48,1.03,0,39
"2.5%764","Wabash","Residential Improved","Noble",0.93,0.94,0.96,13.3,16.34,1.03,0,408
"2.5%765","Wabash","Residential Improved","Paw Paw",0.87,0.92,0.98,12.33,17.11,1.03,0,28
"2.5%766","Wabash","Residential Improved","Pleasant",0.89,0.93,0.99,11.81,15.02,1.03,0,34
"2.5%767","Wabash","Residential Improved","Waltz",0.94,0.98,1.04,6.92,8.76,1.01,0,24
"1249","Warren","Industrial Vacant","Countywide",NA,NA,NA,NA,NA,NA,NA,0
"1250","Warren","Industrial Improved","Countywide",NA,NA,NA,NA,NA,NA,NA,0
"1251","Warren","Commercial Vacant","Countywide",NA,NA,NA,NA,NA,NA,NA,0
"df_sp354","Warren","Commercial Improved","Countywide",0.8,0.88,1.01,18.95,25.88,1.2,0,6
"2.5%768","Warren","Residential Vacant","Countywide",0.52,0.6,0.94,45.05,50.49,1.7,0,28
"2.5%769","Warren","Residential Improved","Countywide",0.89,0.95,0.98,23.29,38.3,1.07,0,217
"2.5%770","Warren","Residential Improved","Adams",0.91,0.96,1.03,27.18,46.8,1.1,0,65
"2.5%771","Warren","Residential Improved","Jordan",0.87,0.96,1.03,24.8,36.28,1.08,0,64
"2.5%772","Warren","Residential Improved","Washington",0.87,0.9,0.97,19.19,30.66,1.05,0,88
"1252","Warrick","Industrial Vacant","Countywide",NA,NA,NA,NA,NA,NA,NA,0
"df_sp355","Warrick","Industrial Improved","Countywide",0.71,0.94,0.98,12.87,19.87,0.99,0,7
"df_sp356","Warrick","Commercial Vacant","Countywide",0.79,0.99,1.01,46.14,63.76,1.29,0,16
"2.5%773","Warrick","Commercial Improved","Countywide",0.85,0.9,0.93,14.97,21.1,1.01,0,39
"df_sp357","Warrick","Commercial Improved","Boon",0.81,0.88,0.91,11.04,15.22,1.01,0,12
"2.5%774","Warrick","Commercial Improved","Ohio",0.71,0.92,0.93,16.4,23.58,1.02,0,27
"2.5%775","Warrick","Residential Vacant","Countywide",1.06,1.08,1.12,117.45,116.33,1.44,0,375
"2.5%776","Warrick","Residential Vacant","Hart",0.9,0.99,1.13,19.46,28.78,1.08,0,22
"2.5%777","Warrick","Residential Vacant","Boon",1.01,1.09,1.12,94.33,122.82,1.45,0,134
"df_sp358","Warrick","Residential Vacant","Campbell",0.91,0.98,1.02,12.49,19.24,1.09,0,18
"df_sp359","Warrick","Residential Vacant","Greer",1,1.08,1.09,21.21,41.07,1.25,0,15
"2.5%778","Warrick","Residential Vacant","Ohio",1.07,1.13,1.16,154.75,105.01,1.27,0,186
"2.5%779","Warrick","Residential Improved","Countywide",0.91,0.91,0.91,9.94,14.28,1.01,0,1130
"df_sp360","Warrick","Residential Improved","Anderson",0.79,0.91,0.99,14.12,18.52,0.99,0,13
"2.5%780","Warrick","Residential Improved","Boon",0.9,0.91,0.92,12.41,17.35,1.03,0,241
"df_sp361","Warrick","Residential Improved","Campbell",0.84,0.9,0.95,9.6,13.75,0.99,0,9
"2.5%781","Warrick","Residential Improved","Greer",0.86,0.91,0.96,11.84,16.92,1.01,0,26
"df_sp362","Warrick","Residential Improved","Hart",0.86,0.9,0.97,11.25,17.57,1.02,0,14
"df_sp363","Warrick","Residential Improved","Pigeon",0.81,0.92,0.96,11.46,14.99,1,0,19
"2.5%782","Warrick","Residential Improved","Ohio",0.9,0.91,0.92,8.91,12.83,1.01,0,790
"df_sp364","Warrick","Residential Improved","Skelton",0.87,0.91,0.93,13.08,19.49,1.02,0,18
"1253","Washington","Industrial Vacant","Countywide",NA,NA,NA,NA,NA,NA,NA,0
"1254","Washington","Industrial Improved","Countywide",NA,NA,NA,NA,NA,NA,NA,0
"1255","Washington","Commercial Vacant","Countywide",NA,NA,NA,NA,NA,NA,NA,0
"df_sp365","Washington","Commercial Improved","Countywide",0.81,0.91,1.14,16.17,21.61,1.02,0,10
"2.5%783","Washington","Residential Vacant","Countywide",0.58,0.74,0.89,52.82,59.52,2.01,0,93
"2.5%784","Washington","Residential Improved","Countywide",0.88,0.91,0.92,13.86,17.66,1.03,0,298
"df_sp366","Washington","Residential Improved","Brown",0.83,0.91,1.01,10.85,13.46,1.02,0,13
"df_sp367","Washington","Residential Improved","Franklin",0.85,0.92,1.01,12.74,17.31,1,0,13
"df_sp368","Washington","Residential Improved","Howard",0.8,0.94,0.99,13.5,18.66,1.05,0,19
"2.5%785","Washington","Residential Improved","Pierce",0.87,0.92,0.99,13.97,17.22,1.02,0,34
"df_sp369","Washington","Residential Improved","Polk",0.78,0.89,0.92,12.71,18.8,1.03,0,13
"df_sp370","Washington","Residential Improved","Posey",0.83,0.93,0.97,13.21,18.65,1.05,0,16
"2.5%786","Washington","Residential Improved","Washington",0.87,0.9,0.93,14.19,17.8,1.03,0,190
"1256","Wayne","Industrial Vacant","Countywide",NA,NA,NA,NA,NA,NA,NA,0
"1257","Wayne","Industrial Improved","Countywide",NA,NA,NA,NA,NA,NA,NA,0
"1258","Wayne","Commercial Vacant","Countywide",NA,NA,NA,NA,NA,NA,NA,0
"2.5%787","Wayne","Commercial Improved","Countywide",0.92,0.97,0.99,6.64,8.61,1.01,0,39
"df_sp371","Wayne","Commercial Improved","Center",0.87,0.96,1,5.48,7.82,1.02,0,8
"2.5%788","Wayne","Commercial Improved","Wayne",0.92,0.97,0.99,6.94,8.9,1.01,0,31
"df_sp372","Wayne","Residential Vacant","Countywide",0.93,1.07,1.1,17.15,38.44,1.03,0,16
"2.5%789","Wayne","Residential Improved","Countywide",0.95,0.95,0.96,6.11,27.25,1.01,0,939
"df_sp373","Wayne","Residential Improved","Dalton",0.96,0.97,0.98,1.47,1.99,1,0,6
"df_sp374","Wayne","Residential Improved","Clay",0.86,0.96,0.97,4.61,6.7,1,0,13
"2.5%790","Wayne","Residential Improved","Center",0.94,0.95,0.96,4.3,5.53,1,0,114
"df_sp375","Wayne","Residential Improved","Franklin",0.86,0.96,0.98,5.59,6.79,0.99,0,14
"2.5%791","Wayne","Residential Improved","Jackson",0.9,0.95,0.96,5.51,6.61,1,0,69
"2.5%792","Wayne","Residential Improved","Jefferson",0.92,0.95,0.96,5.14,6.06,1,0,61
"2.5%793","Wayne","Residential Improved","Wayne",0.95,0.96,0.96,6.7,34.02,1.01,0,582
"df_sp376","Wayne","Residential Improved","Abington",0.87,0.96,0.98,3.79,5.35,1,0,5
"df_sp377","Wayne","Residential Improved","Boston",0.85,0.95,0.97,5.74,7.32,0.99,0,13
"df_sp378","Wayne","Residential Improved","Greene",0.85,0.95,0.98,7.98,11.67,1.01,0,9
"2.5%794","Wayne","Residential Improved","New Garden",0.89,0.95,0.97,5.72,7.02,1,0,26
"df_sp379","Wayne","Residential Improved","Washington",0.86,0.94,0.98,6.95,9.41,1.03,0,14
"df_sp380","Wayne","Residential Improved","Webster",0.87,0.94,0.98,6.36,7.86,1,0,13
"1259","Wells","Industrial Vacant","Countywide",NA,NA,NA,NA,NA,NA,NA,0
"1260","Wells","Industrial Improved","Countywide",NA,NA,NA,NA,NA,NA,NA,0
"1261","Wells","Commercial Vacant","Countywide",NA,NA,NA,NA,NA,NA,NA,0
"df_sp381","Wells","Commercial Improved","Countywide",0.87,1.01,1.1,107.54,141.47,1.64,0,9
"2.5%795","Wells","Residential Vacant","Countywide",1.13,1.15,1.28,27.17,42.09,1.25,0,40
"df_sp382","Wells","Residential Vacant","Jefferson",1.04,1.15,1.41,13.48,16.34,1.11,0,7
"df_sp383","Wells","Residential Vacant","Lancaster",1.08,1.14,1.31,18.62,33.23,1,0,12
"1262","Wells","Residential Vacant","Rockcreek",NA,NA,NA,NA,NA,NA,NA,4
"df_sp384","Wells","Residential Vacant","Chester",1.14,1.22,1.49,40.59,51.01,1.61,0,17
"2.5%796","Wells","Residential Improved","Countywide",1,1,1.01,18.8,65.01,1.08,0,619
"df_sp385","Wells","Residential Improved","Chester",0.97,1.01,1.08,41.06,96.14,1.25,0,14
"2.5%797","Wells","Residential Improved","Harrison",0.99,1,1.02,11.36,15.89,1.02,0,231
"df_sp386","Wells","Residential Improved","Jackson",0.96,1.02,1.38,28.61,42.35,1.02,0,7
"2.5%798","Wells","Residential Improved","Jefferson",1,1,1.02,21.87,81.6,1.12,0,162
"2.5%799","Wells","Residential Improved","Lancaster",0.99,1,1.02,19.44,72.2,1.09,0,126
"df_sp387","Wells","Residential Improved","Liberty",0.94,0.99,1.04,9.91,15,1,0,14
"df_sp388","Wells","Residential Improved","Nottingham",0.94,1.03,1.12,14.49,21.84,1.04,0,12
"2.5%800","Wells","Residential Improved","Rockcreek",0.96,1.02,1.1,58.33,94.97,1.33,0,28
"2.5%801","Wells","Residential Improved","Union",0.94,1,1.07,10.13,15.37,1.03,0,25
"1263","White","Industrial Vacant","Countywide",NA,NA,NA,NA,NA,NA,NA,0
"1264","White","Industrial Improved","Countywide",NA,NA,NA,NA,NA,NA,NA,0
"1265","White","Commercial Vacant","Countywide",NA,NA,NA,NA,NA,NA,NA,0
"2.5%802","White","Commercial Improved","Countywide",0.82,0.89,0.97,21.08,27.81,0.98,0,22
"2.5%803","White","Residential Vacant","Countywide",1.02,1.11,1.33,29.18,41.63,1.9,0,21
"1266","White","Residential Vacant","Liberty",NA,NA,NA,NA,NA,NA,NA,3
"df_sp389","White","Residential Vacant","Monon",1,1.23,1.47,26.1,43.15,1.37,0,7
"df_sp390","White","Residential Vacant","Union",1.03,1.09,1.33,11.86,16.72,1.29,0,7
"1267","White","Residential Vacant","Big Creek",NA,NA,NA,NA,NA,NA,NA,1
"2.5%804","White","Residential Improved","Countywide",0.9,0.91,0.92,20.15,33.86,1.06,0,860
"2.5%805","White","Residential Improved","Big Creek",0.79,0.9,0.96,12.65,15.81,1.01,0,22
"df_sp391","White","Residential Improved","Cass",0.78,0.91,1.51,40.49,61.89,1.14,0,8
"2.5%806","White","Residential Improved","Honey Creek",0.86,0.94,1.02,24.21,39.72,1.06,0,28
"df_sp392","White","Residential Improved","Jackson",0.82,0.95,0.98,19.18,39.1,1.09,0,11
"2.5%807","White","Residential Improved","Liberty",0.86,0.9,0.94,21.84,33.5,1.07,0,115
"df_sp393","White","Residential Improved","Lincoln",0.74,0.94,1.05,30.06,40.31,1.13,0,9
"2.5%808","White","Residential Improved","Monon",0.88,0.92,0.97,21.13,35.46,1.06,0,108
"2.5%809","White","Residential Improved","Prairie",0.89,0.91,0.96,17.6,29.79,1.04,0,127
"2.5%810","White","Residential Improved","Princeton",0.86,0.91,1,35.83,53.72,1.23,0,32
"df_sp394","White","Residential Improved","Round Grove",0.82,0.9,0.97,8.04,11.29,1,0,6
"2.5%811","White","Residential Improved","Union",0.89,0.91,0.92,18.5,29.85,1.04,0,394
"1268","Whitley","Industrial Vacant","Countywide",NA,NA,NA,NA,NA,NA,NA,0
"df_sp395","Whitley","Industrial Improved","Countywide",0.44,0.68,0.91,22.6,28.34,0.97,0,5
"1269","Whitley","Commercial Vacant","Countywide",NA,NA,NA,NA,NA,NA,NA,0
"df_sp396","Whitley","Commercial Improved","Countywide",0.67,0.99,1.19,30.48,44.89,1.76,0,10
"1270","Whitley","Commercial Improved","Columbia",NA,NA,NA,NA,NA,NA,NA,4
"df_sp397","Whitley","Commercial Improved","Cleveland",0.65,0.95,1.21,45.77,58.22,2.3,0,6
"df_sp398","Whitley","Residential Vacant","Countywide",0.35,0.48,0.72,74.07,87.67,1.5,0,10
"2.5%812","Whitley","Residential Improved","Countywide",0.94,0.95,0.95,11.67,16.11,1.01,0,679
"2.5%813","Whitley","Residential Improved","Cleveland",0.88,0.95,1.03,14.02,16.83,1.01,0,41
"2.5%814","Whitley","Residential Improved","Columbia",0.94,0.95,0.96,11.05,15.13,1.01,0,339
"2.5%815","Whitley","Residential Improved","Etna Troy",0.84,0.93,0.95,12.58,18.06,0.97,0,28
"2.5%816","Whitley","Residential Improved","Jefferson",0.92,0.95,1,11.07,16.24,1.05,0,29
"df_sp399","Whitley","Residential Improved","Richland",0.82,0.93,1.07,15.09,18.31,0.99,0,16
"2.5%817","Whitley","Residential Improved","Smith",0.93,0.95,0.96,11.09,14.97,1,0,96
"2.5%818","Whitley","Residential Improved","Thorncreek",0.89,0.94,0.97,14.39,21.79,1.01,0,69
"2.5%819","Whitley","Residential Improved","Union",0.92,0.95,0.97,9.1,12.79,1.01,0,50
"df_sp400","Whitley","Residential Improved","Washington",0.83,0.95,1.05,13.84,18.85,1.01,0,11
