"","County","Type","Grouping","LowerBound","Median","UpperBound","COD","COV","PRD","PRB","Sales"
"1","Adams","Industrial Vacant","Countywide",NA,NA,NA,NA,NA,NA,NA,0
"2","Adams","Industrial Improved","Countywide",NA,NA,NA,NA,NA,NA,NA,0
"3","Adams","Commercial Vacant","Countywide",NA,NA,NA,NA,NA,NA,NA,0
"2.5%","Adams","Commercial Improved","Countywide",0.86,0.95,1.03,13.46,15.3,1.02,0,26
"df_sp","Adams","Residential Vacant","Countywide",0.74,0.95,1.24,35.78,48.58,1.13,0,7
"2.5%1","Adams","Residential Improved","Countywide",0.92,0.94,0.95,14.48,19.01,1.03,0,707
"2.5%2","Adams","Residential Improved","Blue Creek",0.91,0.95,0.97,15.44,19.86,1.03,0,137
"2.5%3","Adams","Residential Improved","Hartford",0.88,0.93,0.97,15.68,20.76,1.03,0,122
"2.5%4","Adams","Residential Improved","Preble",0.82,0.91,1.01,16.51,23.38,1.02,0,30
"2.5%5","Adams","Residential Improved","Washington",0.9,0.92,0.96,15.24,18.8,1.03,0,206
"2.5%6","Adams","Residential Improved","Root",0.92,0.94,0.96,12.35,16.95,1.02,0,212
"df_sp1","Allen","Industrial Vacant","Countywide",0.84,0.9,0.99,15.83,25.26,1.38,0,12
"df_sp2","Allen","Industrial Improved","Countywide",0.88,0.91,0.93,7.64,13.69,1.06,0,19
"df_sp3","Allen","Commercial Vacant","Countywide",0.91,0.93,0.99,6.04,7.47,1.03,0,12
"2.5%7","Allen","Commercial Improved","Countywide",0.91,0.94,0.96,9.44,14.78,1.04,0,93
"df_sp4","Allen","Commercial Improved","Aboite",0.93,0.99,1.03,5.41,6.92,1.03,0,6
"2.5%8","Allen","Commercial Improved","Adams",0.85,0.92,0.94,8.88,12.23,1.06,0,40
"df_sp5","Allen","Commercial Improved","Perry",0.89,0.97,0.98,8.65,12.96,1.02,0,19
"2.5%9","Allen","Commercial Improved","Washington",0.88,0.92,0.99,12.09,20.24,1.03,0,24
"2.5%10","Allen","Residential Vacant","Countywide",0.68,0.87,0.93,38.17,60.67,1.81,0,70
"df_sp6","Allen","Residential Vacant","Aboite",0.77,0.95,0.99,22.88,46.18,2.17,0,13
"df_sp7","Allen","Residential Vacant","Adams",0.57,0.57,0.86,35.81,45.68,1.01,0,9
"df_sp8","Allen","Residential Vacant","Cedar Creek",0.69,0.98,1,23.49,44.33,1.15,0,15
"df_sp9","Allen","Residential Vacant","Eel River",0.03,0.71,0.88,59.19,89.6,2.02,0,15
"df_sp10","Allen","Residential Vacant","Perry",0.52,0.91,1.07,33.38,58.26,1.04,0,13
"11","Allen","Residential Vacant","St. Joseph",NA,NA,NA,NA,NA,NA,NA,2
"2.5%11","Allen","Residential Improved","Countywide",0.99,0.99,0.99,15.77,50.62,1.05,0,6136
"2.5%12","Allen","Residential Improved","Aboite",0.99,1,1,16.95,58.86,1.08,0,946
"2.5%13","Allen","Residential Improved","Adams",0.95,0.97,0.98,10.96,22.02,1.01,0,409
"2.5%14","Allen","Residential Improved","Cedar Creek",0.99,1,1.01,60.71,86.8,1.35,0,236
"2.5%15","Allen","Residential Improved","Eel River",0.99,1,1.00025,15.55,55.47,1.09,0,104
"df_sp11","Allen","Residential Improved","Jackson",0.92,0.98,1.02,10.03,13.52,1,0,13
"2.5%16","Allen","Residential Improved","Lafayette",0.95,0.98,1.00025,8.26,10.52,1.01,0,82
"2.5%17","Allen","Residential Improved","Lake",0.92,0.99,1.04,9.06,11.33,1,0,28
"2.5%18","Allen","Residential Improved","Maumee",0.9,0.95,1,8.85,10.79,0.99,0,35
"df_sp12","Allen","Residential Improved","Milan",0.89,0.96,1.01,18.31,35.05,1.07,0,19
"df_sp13","Allen","Residential Improved","Monroe",0.91,0.95,0.99,9.97,14.03,1.02,0,17
"2.5%19","Allen","Residential Improved","Perry",0.99,0.99,1,18.27,56.11,1.09,0,1025
"2.5%20","Allen","Residential Improved","Pleasant",0.91,0.96,0.99,12.82,20.28,1,0,41
"2.5%21","Allen","Residential Improved","Scipio",0.93,0.98,1.03,9.44,13.12,1.02,0,30
"2.5%22","Allen","Residential Improved","St. Joseph",0.98,0.98,0.99,14.75,52.13,1.06,0,1186
"2.5%23","Allen","Residential Improved","Washington",0.99,1,1,9.22,31.08,1.02,0,562
"2.5%24","Allen","Residential Improved","Wayne",0.99,1,1,11.33,16.52,1.01,0,1403
"12","Bartholomew","Industrial Vacant","Countywide",NA,NA,NA,NA,NA,NA,NA,0
"13","Bartholomew","Industrial Improved","Countywide",NA,NA,NA,NA,NA,NA,NA,0
"14","Bartholomew","Commercial Vacant","Countywide",NA,NA,NA,NA,NA,NA,NA,0
"df_sp14","Bartholomew","Commercial Improved","Countywide",0.82,0.95,0.97,18.55,34.04,1.03,0,15
"2.5%25","Bartholomew","Residential Vacant","Countywide",0.93,0.96,1.05,9.31,11.06,1,0,34
"df_sp15","Bartholomew","Residential Vacant","Columbus",0.92,0.98,1.11,8.94,10.08,1.01,0,14
"df_sp16","Bartholomew","Residential Vacant","Harrison",0.91,0.99,1.07,7.93,9.91,1.02,0,8
"df_sp17","Bartholomew","Residential Vacant","Clay",0.83,0.94,1,9.89,12.55,1,0,12
"2.5%26","Bartholomew","Residential Improved","Countywide",0.9,0.9,0.91,9.74,14.64,1,0,1085
"2.5%27","Bartholomew","Residential Improved","Clay",0.87,0.91,0.96,9.28,12.81,0.99,0,38
"df_sp18","Bartholomew","Residential Improved","Clifty",0.86,0.91,1,9.17,11.06,1,0,9
"2.5%28","Bartholomew","Residential Improved","Columbus",0.89,0.9,0.91,9.4,14.7,1,0,749
"2.5%29","Bartholomew","Residential Improved","Flatrock",0.9,0.93,0.98,13.73,19.23,1.01,0,29
"2.5%30","Bartholomew","Residential Improved","German",0.85,0.9,0.92,8.33,10.84,1,0,69
"2.5%31","Bartholomew","Residential Improved","Harrison",0.9,0.93,0.95,9.91,15.28,1,0,66
"2.5%32","Bartholomew","Residential Improved","Hawcreek",0.86,0.91,0.96,13.29,17.48,1.01,0,44
"df_sp19","Bartholomew","Residential Improved","Jackson",0.77,0.91,0.98,14.4,17.02,1,0,10
"df_sp20","Bartholomew","Residential Improved","Ohio",0.85,0.9,0.93,8.67,11.74,1.01,0,18
"2.5%33","Bartholomew","Residential Improved","Rockcreek",0.85,0.9,0.99,10.9,13.73,1.02,0,30
"2.5%34","Bartholomew","Residential Improved","Wayne",0.8,0.9,0.92,8.83,10.85,0.98,0,23
"15","Benton","Industrial Vacant","Countywide",NA,NA,NA,NA,NA,NA,NA,0
"16","Benton","Industrial Improved","Countywide",NA,NA,NA,NA,NA,NA,NA,0
"17","Benton","Commercial Vacant","Countywide",NA,NA,NA,NA,NA,NA,NA,0
"df_sp21","Benton","Commercial Improved","Countywide",0.97,1.01,1.07,4.86,5.97,1.01,0,8
"18","Benton","Residential Vacant","Countywide",NA,NA,NA,NA,NA,NA,NA,0
"2.5%35","Benton","Residential Improved","Countywide",0.93,0.96,1,13.94,19.62,1.03,0,151
"2.5%36","Benton","Residential Improved","Bolivar",0.87,0.93,1,11.86,16.13,1,0,24
"2.5%37","Benton","Residential Improved","Center",0.94,1,1.02,11.34,14.62,1.03,0,50
"df_sp22","Benton","Residential Improved","Grant",0.86,0.93,1.01,18.95,30.11,1.04,0,18
"2.5%38","Benton","Residential Improved","Oak Grove",0.9,0.94,1.01,16.14,21.86,1.04,0,35
"df_sp23","Benton","Residential Improved","Richland",0.92,0.95,1.01,9.14,12.84,1.01,0,10
"df_sp24","Benton","Residential Improved","Gilboa",0.84,0.98,1.12,16.38,22.5,1.06,0,14
"19","Blackford","Industrial Vacant","Countywide",NA,NA,NA,NA,NA,NA,NA,0
"110","Blackford","Industrial Improved","Countywide",NA,NA,NA,NA,NA,NA,NA,0
"111","Blackford","Commercial Vacant","Countywide",NA,NA,NA,NA,NA,NA,NA,0
"df_sp25","Blackford","Commercial Improved","Countywide",0.43,0.55,0.69,22.28,27.07,1.06,0,6
"df_sp26","Blackford","Residential Vacant","Countywide",0.47,0.94,1.19,40.75,58.34,0.89,0,11
"2.5%39","Blackford","Residential Improved","Countywide",0.99,1,1.01,12.98,22.91,1.03,0,225
"2.5%40","Blackford","Residential Improved","Harrison",0.98,1,1.02,8.12,11.92,1.02,0,30
"df_sp27","Blackford","Residential Improved","Jackson",0.95,1,1.11,17.37,24.28,1.06,0,9
"2.5%41","Blackford","Residential Improved","Licking",0.98,1,1.02,13.61,24.39,1.03,0,180
"df_sp28","Blackford","Residential Improved","Washington",0.9,0.98,1.01,11.37,18.84,1.01,0,6
"112","Boone","Industrial Vacant","Countywide",NA,NA,NA,NA,NA,NA,NA,0
"113","Boone","Industrial Improved","Countywide",NA,NA,NA,NA,NA,NA,NA,0
"df_sp29","Boone","Commercial Vacant","Countywide",0.17,0.63,1,55.75,71.15,1.19,0,7
"2.5%42","Boone","Commercial Improved","Countywide",0.92,0.96,0.98,12.06,26.68,0.98,0,22
"2.5%43","Boone","Residential Vacant","Countywide",1,1,1,23.43,50.07,0.85,0,90
"2.5%44","Boone","Residential Improved","Countywide",1,1,1,6.36,17.94,1.01,0,1760
"2.5%45","Boone","Residential Improved","Center",0.99,1,1,5.23,8.21,1,0,424
"2.5%46","Boone","Residential Improved","Clinton",0.93,0.94,0.96,5.89,8.15,1,0,34
"2.5%47","Boone","Residential Improved","Eagle",1,1,1.01,7.88,24.3,1.02,0,603
"2.5%48","Boone","Residential Improved","Harrison",0.97,0.98,1.02,14.36,46.28,1.08,0,59
"2.5%49","Boone","Residential Improved","Jefferson",0.93,0.98,1.06,7.57,8.85,1,0,23
"2.5%50","Boone","Residential Improved","Perry",0.99,1,1.01,4.53,7.39,1.01,0,186
"2.5%51","Boone","Residential Improved","Sugar Creek",0.94,0.99,1.04,7.25,9.36,1.01,0,22
"2.5%52","Boone","Residential Improved","Union",0.98,1.01,1.02,6.36,10.12,1.01,0,57
"2.5%53","Boone","Residential Improved","Worth",1,1,1.01,4.45,6.33,1,0,352
"114","Brown","Industrial Vacant","Countywide",NA,NA,NA,NA,NA,NA,NA,0
"115","Brown","Industrial Improved","Countywide",NA,NA,NA,NA,NA,NA,NA,0
"116","Brown","Commercial Vacant","Countywide",NA,NA,NA,NA,NA,NA,NA,0
"df_sp30","Brown","Commercial Improved","Countywide",0.87,0.94,0.98,10.85,18.63,1.07,0,11
"2.5%54","Brown","Residential Vacant","Countywide",0.87,0.98,0.99,20.07,32.51,1.15,0,61
"2.5%55","Brown","Residential Vacant","Hamblen",0.70925,0.94,0.99,25.39,37.57,1.23,0,23
"df_sp31","Brown","Residential Vacant","Jackson",0.65,0.95,1,22.86,40.65,1.41,0,6
"df_sp32","Brown","Residential Vacant","Van Buren",0.68,0.9,1.08,23.47,34.35,1.09,0,11
"2.5%56","Brown","Residential Vacant","Washington",0.92,0.98,1.02,13.14,25,0.99,0,21
"2.5%57","Brown","Residential Improved","Countywide",0.92,0.94,0.96,16.05,28.28,1.06,0,273
"2.5%58","Brown","Residential Improved","Hamblen",0.88,0.91,0.95,18.39,32.97,1.07,0,104
"2.5%59","Brown","Residential Improved","Jackson",0.93,0.98,1.01,16.76,27.1,1.08,0,61
"df_sp33","Brown","Residential Improved","Van Buren",0.85,0.93,1,10.08,13.18,0.99,0,19
"2.5%60","Brown","Residential Improved","Washington",0.89,0.94,0.97,13.47,25.25,1.03,0,89
"117","Carroll","Industrial Vacant","Countywide",NA,NA,NA,NA,NA,NA,NA,0
"118","Carroll","Industrial Improved","Countywide",NA,NA,NA,NA,NA,NA,NA,0
"119","Carroll","Commercial Vacant","Countywide",NA,NA,NA,NA,NA,NA,NA,0
"2.5%61","Carroll","Commercial Improved","Countywide",0.79,0.9,0.95,44.27,104.39,1.14,0,38
"2.5%62","Carroll","Residential Vacant","Countywide",0.47,0.57,0.77,54.43,58.62,1.34,0,66
"2.5%63","Carroll","Residential Improved","Countywide",0.93,0.95,0.96,28.8,78.5,1.13,0,919
"2.5%64","Carroll","Residential Improved","Adams",0.88,0.95,1.01,46.9,96.85,1.29,0,58
"2.5%65","Carroll","Residential Improved","Burlington",0.92,0.96,1,42.94,107.22,1.26,0,68
"2.5%66","Carroll","Residential Improved","Clay",0.81,0.93,0.97,35.48,109.27,1.21,0,38
"2.5%67","Carroll","Residential Improved","Deer Creek",0.92,0.96,1,26.61,73.42,1.12,0,188
"2.5%68","Carroll","Residential Improved","Democrat",0.87,0.98,1.1,35.5,86.6,1.17,0,27
"2.5%69","Carroll","Residential Improved","Jackson",0.88,0.96,1.01,35.1,101.55,1.15,0,45
"2.5%70","Carroll","Residential Improved","Jefferson",0.9,0.92,0.95,27.07,80.53,1.12,0,203
"2.5%71","Carroll","Residential Improved","Madison",0.88,0.95,1.1,26.57,55.13,1.1,0,22
"2.5%72","Carroll","Residential Improved","Monroe",0.91,0.95,1,19.6,29.2,1.06,0,143
"120","Cass","Industrial Vacant","Countywide",NA,NA,NA,NA,NA,NA,NA,0
"df_sp34","Cass","Industrial Improved","Countywide",0.69,0.99,1.02,22.27,32.04,0.99,0,9
"df_sp35","Cass","Commercial Vacant","Countywide",0.29,0.46,0.72,127.78,128.98,1.59,0,6
"2.5%73","Cass","Commercial Improved","Countywide",0.85,1.04,1.08,25.53,40.43,1.07,0,61
"2.5%74","Cass","Residential Vacant","Countywide",0.78,0.97,1.06,33.06,48.64,1.11,0,35
"2.5%75","Cass","Residential Improved","Countywide",0.93,0.95,0.96,18.95,33.93,1.06,0,1046
"df_sp36","Cass","Residential Improved","Adams",0.62,0.8,1.02,24.27,27.89,1.07,0,11
"df_sp37","Cass","Residential Improved","Bethlehem",0.84,0.99,1.11,16.33,21.09,1.04,0,18
"2.5%76","Cass","Residential Improved","Boone",0.91,0.94,0.99,24.44,44.99,1.09,0,94
"2.5%77","Cass","Residential Improved","Clay",0.91,0.94,0.98,13.82,19.53,1.02,0,80
"2.5%78","Cass","Residential Improved","Deer Creek",0.93,0.95,0.97,13.38,20.02,1.03,0,91
"2.5%79","Cass","Residential Improved","Eel",0.93,0.95,0.97,20.56,37.4,1.08,0,588
"2.5%80","Cass","Residential Improved","Miami",0.86,0.93,1.04,14.64,16.91,1.01,0,28
"2.5%81","Cass","Residential Improved","Noble",0.89,0.95,1.03,14.65,20.24,1.02,0,39
"2.5%82","Cass","Residential Improved","Tipton",0.85,0.95,0.99,15.29,18.65,1.04,0,70
"2.5%83","Cass","Residential Improved","Washington",0.82,0.95,1.02,19.66,29.63,1.03,0,27
"121","Clark","Industrial Vacant","Countywide",NA,NA,NA,NA,NA,NA,NA,0
"122","Clark","Industrial Improved","Countywide",NA,NA,NA,NA,NA,NA,NA,0
"df_sp38","Clark","Commercial Vacant","Countywide",0.06,0.14,1.9,281.48,158.1,1.67,0,5
"2.5%84","Clark","Commercial Improved","Countywide",0.96,0.98,0.99,9.9,19.58,1.02,0,75
"2.5%85","Clark","Residential Vacant","Countywide",0.93,0.98,1,24.29,41.06,1.17,0,97
"df_sp39","Clark","Residential Vacant","Carr",0.54,1.01,1.13,26.36,43.29,1.12,0,14
"2.5%86","Clark","Residential Vacant","Charlestown",0.91,0.98,1.03025,28.47,48.27,1.28,0,28
"df_sp40","Clark","Residential Vacant","Jeffersonville",0.57,0.83,0.97,31.38,47.95,1.85,0,16
"df_sp41","Clark","Residential Vacant","Monroe",0.91,1.03,1.12,9.05,11.63,1.01,0,7
"df_sp42","Clark","Residential Vacant","Union",0.02,1,1,28.49,66.29,0.94,0,7
"2.5%87","Clark","Residential Vacant","Utica",0.91,0.99,1,11.81,17.17,1.01,0,21
"123","Clark","Residential Vacant","Bethlehem",NA,NA,NA,NA,NA,NA,NA,4
"2.5%88","Clark","Residential Improved","Countywide",0.98,0.98,0.99,14.19,30.24,1.04,0,2583
"2.5%89","Clark","Residential Improved","Bethlehem",0.89,0.95,1,14.55,21.71,0.98,0,28
"2.5%90","Clark","Residential Improved","Carr",0.96,0.98,0.99,11.83,27.24,1.02,0,97
"2.5%91","Clark","Residential Improved","Charlestown",0.98,0.98,1,9.7,19.89,1.01,0,391
"2.5%92","Clark","Residential Improved","Jeffersonville",0.98,0.99,0.99,18.85,36.5,1.06,0,1171
"2.5%93","Clark","Residential Improved","Monroe",0.95,0.99,1,15.11,27.54,1.06,0,92
"df_sp43","Clark","Residential Improved","Oregon",0.86,0.92,0.97,9.3,12.79,1.01,0,17
"2.5%94","Clark","Residential Improved","Silver Creek",0.95,0.97,0.98,9.6,15.71,1.01,0,275
"2.5%95","Clark","Residential Improved","Union",0.96,0.99,1,10.69,17.98,1.01,0,115
"2.5%96","Clark","Residential Improved","Utica",0.98,0.99,0.99,7.22,21.86,1.02,0,335
"2.5%97","Clark","Residential Improved","Washington",0.86,0.92,1.01,10.67,13.14,1,0,21
"2.5%98","Clark","Residential Improved","Wood",0.88,0.96,0.99,25.59,52.03,1.09,0,41
"124","Clay","Industrial Vacant","Countywide",NA,NA,NA,NA,NA,NA,NA,0
"125","Clay","Industrial Improved","Countywide",NA,NA,NA,NA,NA,NA,NA,0
"126","Clay","Commercial Vacant","Countywide",NA,NA,NA,NA,NA,NA,NA,0
"df_sp44","Clay","Commercial Improved","Countywide",0.91,0.99,1.04,7.15,10.59,1,0,7
"127","Clay","Residential Vacant","Countywide",NA,NA,NA,NA,NA,NA,NA,0
"2.5%99","Clay","Residential Improved","Countywide",0.9,0.92,0.93,13.77,17.92,1.04,0,316
"2.5%100","Clay","Residential Improved","Brazil",0.88,0.92,0.94,14.92,19.13,1.03,0,128
"2.5%101","Clay","Residential Improved","Dick Johnson",0.84,0.93,0.98,15.13,23.01,1.09,0,32
"2.5%102","Clay","Residential Improved","Cass",0.87,0.91,0.93,12.17,15.5,1.04,0,66
"2.5%103","Clay","Residential Improved","Harrison",0.87,0.94,1.04,13.36,17.46,1.02,0,21
"2.5%104","Clay","Residential Improved","Perry",0.88,0.9,0.95,12.49,14.9,1.02,0,69
"128","Clinton","Industrial Vacant","Countywide",NA,NA,NA,NA,NA,NA,NA,0
"129","Clinton","Industrial Improved","Countywide",NA,NA,NA,NA,NA,NA,NA,0
"130","Clinton","Commercial Vacant","Countywide",NA,NA,NA,NA,NA,NA,NA,0
"131","Clinton","Commercial Improved","Countywide",NA,NA,NA,NA,NA,NA,NA,0
"132","Clinton","Residential Vacant","Countywide",NA,NA,NA,NA,NA,NA,NA,0
"2.5%105","Clinton","Residential Improved","Countywide",0.88,0.91,0.92,15.59,20.69,1.03,0,254
"2.5%106","Clinton","Residential Improved","Center",0.85,0.88,0.93,17.81,22.48,1.04,0,143
"2.5%107","Clinton","Residential Improved","Union",0.87,0.9,0.99,11.82,15.65,1.03,0,27
"2.5%108","Clinton","Residential Improved","Perry",0.87,0.91,1,13.91,19.28,1.02,0,33
"df_sp45","Clinton","Residential Improved","Madison",0.8,0.89,0.95,11.67,15.67,1.03,0,19
"2.5%109","Clinton","Residential Improved","Ross",0.92,0.96,1.04,9.46,12.35,1,0,21
"df_sp46","Clinton","Residential Improved","Michigan",0.52,0.81,0.99,23.38,29.15,1.03,0,11
"133","Crawford","Industrial Vacant","Countywide",NA,NA,NA,NA,NA,NA,NA,0
"134","Crawford","Industrial Improved","Countywide",NA,NA,NA,NA,NA,NA,NA,0
"135","Crawford","Commercial Vacant","Countywide",NA,NA,NA,NA,NA,NA,NA,0
"df_sp47","Crawford","Commercial Improved","Countywide",0.81,0.92,0.99,9.19,11.83,1,0,6
"df_sp48","Crawford","Residential Vacant","Countywide",0.78,0.96,1.01,22.47,38.65,1.02,0,13
"df_sp49","Crawford","Residential Vacant","Boone",0.68,0.99,1.15,22.39,35.5,0.99,0,8
"df_sp50","Crawford","Residential Vacant","Patoka",0.12,0.9,0.98,20.64,47.32,1.02,0,5
"2.5%110","Crawford","Residential Improved","Countywide",0.89,0.91,0.93,10.25,15.52,1.01,0,57
"df_sp51","Crawford","Residential Improved","Boone",0.76,0.94,0.96,11.78,17.03,1.02,0,6
"df_sp52","Crawford","Residential Improved","Jennings",0.72,0.9,0.91,15.41,22.88,0.99,0,13
"df_sp53","Crawford","Residential Improved","Johnson",0.87,0.89,0.98,12.46,16.64,1.02,0,15
"df_sp54","Crawford","Residential Improved","Liberty",0.9,0.93,0.96,6,8.82,1.01,0,15
"df_sp55","Crawford","Residential Improved","Whiskey Run",0.87,0.91,0.95,3.59,5.11,1.01,0,8
"136","Daviess","Industrial Vacant","Countywide",NA,NA,NA,NA,NA,NA,NA,0
"137","Daviess","Industrial Improved","Countywide",NA,NA,NA,NA,NA,NA,NA,0
"138","Daviess","Commercial Vacant","Countywide",NA,NA,NA,NA,NA,NA,NA,0
"139","Daviess","Commercial Improved","Countywide",NA,NA,NA,NA,NA,NA,NA,0
"df_sp56","Daviess","Residential Vacant","Countywide",0.22,0.54,0.94,54.96,65.44,0.67,0,10
"2.5%111","Daviess","Residential Improved","Countywide",0.94,0.97,1,13.51,19.72,1.01,0,157
"2.5%112","Daviess","Residential Improved","Madison",0.84,0.94,1.08,13.54,14.79,1.02,0,20
"2.5%113","Daviess","Residential Improved","Washington",0.94,0.96,1.00025,14.5,22.57,1.02,0,94
"df_sp57","Daviess","Residential Improved","Elmore",0.83,0.9,0.99,12.97,18.56,1.03,0,14
"2.5%114","Daviess","Residential Improved","Barr",0.92,1.02,1.06,9.33,12.72,0.99,0,29
"140","Dearborn","Industrial Vacant","Countywide",NA,NA,NA,NA,NA,NA,NA,0
"141","Dearborn","Industrial Improved","Countywide",NA,NA,NA,NA,NA,NA,NA,0
"142","Dearborn","Commercial Vacant","Countywide",NA,NA,NA,NA,NA,NA,NA,0
"2.5%115","Dearborn","Commercial Improved","Countywide",0.84,0.89,0.94,21,34.21,1.03,0,44
"2.5%116","Dearborn","Residential Vacant","Countywide",0.78,0.82,0.9,41.36,56.26,1.75,0,114
"2.5%117","Dearborn","Residential Improved","Countywide",0.88,0.89,0.91,21.05,39.5,1.08,0,900
"2.5%118","Dearborn","Residential Improved","Caesar Creek",0.85,0.89,0.94,22.88,51.06,1.09,0,43
"2.5%119","Dearborn","Residential Improved","Hogan",0.81,0.9,0.97,28.7,48.26,1.15,0,35
"2.5%120","Dearborn","Residential Improved","Center",0.85,0.91,0.96,31.46,54.68,1.16,0,108
"2.5%121","Dearborn","Residential Improved","Harrison",0.83,0.89,0.94,18.68,27.92,1.07,0,57
"df_sp58","Dearborn","Residential Improved","Jackson",0.71,0.84,0.91,16.14,19.89,1.03,0,16
"2.5%122","Dearborn","Residential Improved","Kelso",0.81,0.9,0.95025,16.75,23.63,1.05,0,33
"2.5%123","Dearborn","Residential Improved","Lawrenceburg",0.86,0.89,0.91,16.33,23.21,1.03,0,275
"2.5%124","Dearborn","Residential Improved","Logan",0.86,0.89,0.92,23.67,37.07,1.09,0,50
"2.5%125","Dearborn","Residential Improved","Miller",0.88,0.89,0.92,15.13,26.41,1.03,0,245
"2.5%126","Dearborn","Residential Improved","Sparta",0.69975,0.83,1.02,71.59,85.8,1.52,0,28
"df_sp59","Dearborn","Residential Improved","York",0.73,0.94,1.22,35.73,49.22,1.19,0,10
"143","Decatur","Industrial Vacant","Countywide",NA,NA,NA,NA,NA,NA,NA,0
"144","Decatur","Industrial Improved","Countywide",NA,NA,NA,NA,NA,NA,NA,0
"145","Decatur","Commercial Vacant","Countywide",NA,NA,NA,NA,NA,NA,NA,0
"2.5%127","Decatur","Commercial Improved","Countywide",0.72,0.85,0.92,21.2,29.2,0.94,0,37
"2.5%128","Decatur","Residential Vacant","Countywide",0.59,0.72,0.87,40.24,53.4,0.82,0,39
"2.5%129","Decatur","Residential Improved","Countywide",0.91,0.93,0.94,14.83,33.33,1.03,0,775
"2.5%130","Decatur","Residential Improved","Adams",0.85,0.95,0.98,15.07,19.32,1.01,0,42
"2.5%131","Decatur","Residential Improved","Clay",0.82,0.92,0.99,15.63,23.26,1.02,0,24
"df_sp60","Decatur","Residential Improved","Clinton",0.8,0.87,0.93,19.57,31.07,1.08,0,18
"2.5%132","Decatur","Residential Improved","Fugit",0.85,0.91,0.96,14.94,18.66,1.01,0,80
"2.5%133","Decatur","Residential Improved","Marion",0.82,0.93,1.03,18.42,29.23,1.07,0,25
"2.5%134","Decatur","Residential Improved","Saltcreek",0.86,0.97,1.02,13.74,18.73,1.04,0,21
"2.5%135","Decatur","Residential Improved","Sandcreek",0.91,0.94,1,14.2,19.89,1.03,0,58
"2.5%136","Decatur","Residential Improved","Washington",0.91,0.93,0.94,14.42,38.17,1.03,0,507
"146","Dekalb","Industrial Vacant","Countywide",NA,NA,NA,NA,NA,NA,NA,0
"147","Dekalb","Industrial Improved","Countywide",NA,NA,NA,NA,NA,NA,NA,0
"148","Dekalb","Commercial Vacant","Countywide",NA,NA,NA,NA,NA,NA,NA,0
"df_sp61","Dekalb","Commercial Improved","Countywide",0.83,0.88,1.03,16.85,22.02,1,0,15
"df_sp62","Dekalb","Commercial Improved","Union",0.83,0.96,1.08,13.29,16.08,0.99,0,8
"df_sp63","Dekalb","Commercial Improved","Butler",0.73,0.86,0.98,18.29,29.05,1.09,0,7
"2.5%137","Dekalb","Residential Vacant","Countywide",0.63,1,1.12,30.04,39.28,1.06,0,20
"df_sp64","Dekalb","Residential Vacant","Keyser",0.63,0.75,1.1,38.28,38.9,1.13,0,9
"149","Dekalb","Residential Vacant","Union",NA,NA,NA,NA,NA,NA,NA,2
"df_sp65","Dekalb","Residential Vacant","Butler",0.6,0.93,1.08,33.71,46.26,1.08,0,9
"2.5%138","Dekalb","Residential Improved","Countywide",0.96,0.98,0.99,17.33,36.59,1.05,0,647
"2.5%139","Dekalb","Residential Improved","Butler",0.93975,0.98,1,10.56,15.74,1.02,0,73
"2.5%140","Dekalb","Residential Improved","Concord",0.9,0.99,1.04,13.64,16.84,1,0,33
"2.5%141","Dekalb","Residential Improved","Fairfield",0.8295,0.93,1.01,13.54,16.39,1.03,0,22
"2.5%142","Dekalb","Residential Improved","Franklin",0.89,0.95,1.03,16.9,21.31,1.02,0,68
"2.5%143","Dekalb","Residential Improved","Grant",0.91,0.96,1,13.44,19.29,1.01,0,62
"2.5%144","Dekalb","Residential Improved","Keyser",0.95,0.98,1,22.32,47.54,1.09,0,142
"2.5%145","Dekalb","Residential Improved","Union",0.98,0.99,1.01,18.42,39.99,1.06,0,247
"150","Delaware","Industrial Vacant","Countywide",NA,NA,NA,NA,NA,NA,NA,0
"151","Delaware","Industrial Improved","Countywide",NA,NA,NA,NA,NA,NA,NA,0
"152","Delaware","Commercial Vacant","Countywide",NA,NA,NA,NA,NA,NA,NA,0
"2.5%146","Delaware","Commercial Improved","Countywide",0.88,0.93,0.99,20.35,28.24,1.24,0,90
"2.5%147","Delaware","Commercial Improved","Center",0.84,0.92,0.99,21.7,29.63,1.27,0,69
"df_sp66","Delaware","Commercial Improved","Mt. Pleasant",0.52,0.87,1.08,24.61,34.62,0.97,0,8
"df_sp67","Delaware","Commercial Improved","Delaware",0.9,0.98,1,9.8,14.02,1.01,0,13
"2.5%148","Delaware","Residential Vacant","Countywide",0.97,1.02,1.08,16.02,30.95,1.2,0,26
"153","Delaware","Residential Vacant","Center",NA,NA,NA,NA,NA,NA,NA,3
"df_sp68","Delaware","Residential Vacant","Mt. Pleasant",0.99,1.07,1.1,6.66,8.64,1.01,0,10
"df_sp69","Delaware","Residential Vacant","Delaware",0.85,0.98,1.08,24.46,45.48,1.36,0,13
"2.5%149","Delaware","Residential Improved","Countywide",0.91,0.92,0.93,14.63,19.16,1.02,0,1496
"2.5%150","Delaware","Residential Improved","Center",0.9,0.91,0.93,15.53,19.82,1.03,0,929
"2.5%151","Delaware","Residential Improved","Delaware",0.86,0.92,0.96,11.76,16.15,0.99,0,33
"2.5%152","Delaware","Residential Improved","Hamilton",0.89,0.92,0.94,12.67,17.76,1,0,90
"2.5%153","Delaware","Residential Improved","Harrison",0.89,0.93,1.01,10.29,12.88,1.03,0,31
"2.5%154","Delaware","Residential Improved","Liberty",0.82,0.94,0.98,16.82,21.27,1.02,0,45
"2.5%155","Delaware","Residential Improved","Monroe",0.89,0.94,0.99,11.69,14.81,1,0,33
"2.5%156","Delaware","Residential Improved","Mt. Pleasant",0.89,0.91,0.93,13.93,19.11,1.02,0,235
"df_sp70","Delaware","Residential Improved","Niles",0.89,0.94,0.99,11.44,17.54,1.01,0,13
"df_sp71","Delaware","Residential Improved","Perry",0.92,0.94,1.07,10.98,14.05,1.01,0,18
"2.5%157","Delaware","Residential Improved","Salem",0.9,0.94,1,12.76,17.78,1.04,0,38
"2.5%158","Delaware","Residential Improved","Union",0.93,0.95,1.02,9.52,16.52,0.99,0,21
"df_sp72","Delaware","Residential Improved","Washington",0.92,1.01,1.18,13.71,16.99,1.04,0,10
"154","Dubois","Industrial Vacant","Countywide",NA,NA,NA,NA,NA,NA,NA,0
"155","Dubois","Industrial Improved","Countywide",NA,NA,NA,NA,NA,NA,NA,0
"156","Dubois","Commercial Vacant","Countywide",NA,NA,NA,NA,NA,NA,NA,0
"df_sp73","Dubois","Commercial Improved","Countywide",0.89,0.94,0.98,10.17,21.91,1.04,0,14
"df_sp74","Dubois","Commercial Improved","Bainbridge",0.9,0.96,0.98,12.29,27.69,1.03,0,9
"df_sp75","Dubois","Commercial Improved","Boone",0.89,0.91,1.06,5.06,7.57,1,0,5
"2.5%159","Dubois","Residential Vacant","Countywide",0.87,0.9,0.95,13.26,19.11,0.99,0,40
"2.5%160","Dubois","Residential Vacant","Bainbridge",0.76,0.88,0.94,15.63,21.24,0.98,0,20
"df_sp76","Dubois","Residential Vacant","Cass",0.76,0.9,0.96,4.36,8.18,0.98,0,5
"df_sp77","Dubois","Residential Vacant","Columbia",0.88,0.95,0.98,11.02,18.16,0.99,0,15
"2.5%161","Dubois","Residential Improved","Countywide",0.9,0.91,0.92,30.85,99.03,1.19,0,512
"2.5%162","Dubois","Residential Improved","Bainbridge",0.89,0.91,0.92,16.98,71.01,1.07,0,249
"2.5%163","Dubois","Residential Improved","Boone",0.89,0.91,0.92,46.21,122.01,1.33,0,56
"df_sp78","Dubois","Residential Improved","Cass",0.87,0.94,1,12.56,19.78,1.03,0,17
"df_sp79","Dubois","Residential Improved","Columbia",0.89,0.91,0.92,9.47,25.36,1.04,0,16
"df_sp80","Dubois","Residential Improved","Jackson",0.87,0.95,0.99,39.38,92.01,1.28,0,19
"2.5%164","Dubois","Residential Improved","Patoka",0.89,0.91,0.93,32.31,95.41,1.19,0,108
"2.5%165","Dubois","Residential Improved","Ferdinand",0.88,0.91,0.94,92.9,124.25,1.65,0,47
"157","Elkhart","Industrial Vacant","Countywide",NA,NA,NA,NA,NA,NA,NA,0
"2.5%166","Elkhart","Industrial Improved","Countywide",0.82,0.9,1,20.65,25.24,1.02,0,50
"158","Elkhart","Commercial Vacant","Countywide",NA,NA,NA,NA,NA,NA,NA,0
"2.5%167","Elkhart","Commercial Improved","Countywide",0.83,0.91,1,19.72,23.11,0.98,0,75
"2.5%168","Elkhart","Residential Vacant","Countywide",0.85,0.9,0.95,16.1,24.12,0.99,0,48
"2.5%169","Elkhart","Residential Improved","Countywide",0.92,0.93,0.93,12.34,16.49,1.01,0,2363
"2.5%170","Elkhart","Residential Improved","Baugo",0.89,0.91,0.94,12.61,17.81,1,0,142
"2.5%171","Elkhart","Residential Improved","Cleveland",0.89,0.91,0.94,13.21,17.97,1.02,0,155
"2.5%172","Elkhart","Residential Improved","Locke",0.85,0.89,0.99,15.24,17.77,1.03,0,50
"2.5%173","Elkhart","Residential Improved","Concord",0.92,0.93,0.95,12.84,16.49,1.03,0,544
"2.5%174","Elkhart","Residential Improved","Elkhart",0.92,0.94,0.95,12.03,16.13,1.01,0,419
"2.5%175","Elkhart","Residential Improved","York",0.91,0.94,0.97,10.7,15.03,1.02,0,54
"2.5%176","Elkhart","Residential Improved","Jefferson",0.92,0.93,0.95,9.11,12.1,1,0,110
"2.5%177","Elkhart","Residential Improved","Middlebury",0.88,0.91,0.97,12.99,15.82,0.99,0,108
"2.5%178","Elkhart","Residential Improved","Olive",0.92,0.93,0.97,8.64,13.4,0.99,0,38
"2.5%179","Elkhart","Residential Improved","Osolo",0.91,0.92,0.94,12.18,16.45,1.01,0,379
"2.5%180","Elkhart","Residential Improved","Union",0.89,0.92,0.94,12.4,17.39,1,0,88
"2.5%181","Elkhart","Residential Improved","Benton",0.84,0.91,1.03,15.17,21.85,1.03,0,27
"2.5%182","Elkhart","Residential Improved","Clinton",0.87,0.9,0.98,13.17,16.84,1.03,0,41
"2.5%183","Elkhart","Residential Improved","Harrison",0.89975,0.92,1.01,12.68,17.01,1,0,27
"2.5%184","Elkhart","Residential Improved","Jackson",0.88,0.93,0.95,12.04,16.29,1.02,0,85
"2.5%185","Elkhart","Residential Improved","Washington",0.9,0.93,0.96,12.49,17.67,1.01,0,96
"159","Fayette","Industrial Vacant","Countywide",NA,NA,NA,NA,NA,NA,NA,0
"160","Fayette","Industrial Improved","Countywide",NA,NA,NA,NA,NA,NA,NA,0
"df_sp81","Fayette","Commercial Vacant","Countywide",0.39,1.02,1.71,28.8,46.86,1.11,0,5
"2.5%186","Fayette","Commercial Improved","Countywide",0.87,0.91,1.01,18.73,23.55,1.04,0,30
"2.5%187","Fayette","Residential Vacant","Countywide",0.59875,0.75,1.19,52.91,53.74,1.07,0,24
"2.5%188","Fayette","Residential Improved","Countywide",0.92,0.94,0.96,18.04,28.26,1.05,0,631
"2.5%189","Fayette","Residential Improved","Columbia",0.8695,0.92,1.02,22.28,33.39,1.11,0,33
"2.5%190","Fayette","Residential Improved","Jackson",0.88,0.92,0.96,15.19,18.92,1.02,0,59
"2.5%191","Fayette","Residential Improved","Connersville",0.91,0.93,0.96,17.78,27.53,1.05,0,367
"2.5%192","Fayette","Residential Improved","Harrison",0.93,0.96,0.98,18.73,31.04,1.05,0,172
"161","Floyd","Industrial Vacant","Countywide",NA,NA,NA,NA,NA,NA,NA,0
"162","Floyd","Industrial Improved","Countywide",NA,NA,NA,NA,NA,NA,NA,0
"163","Floyd","Commercial Vacant","Countywide",NA,NA,NA,NA,NA,NA,NA,0
"df_sp82","Floyd","Commercial Improved","Countywide",0.55,0.65,0.98,41.51,42.58,1.18,0,17
"2.5%193","Floyd","Residential Vacant","Countywide",0.56,0.77,1,35.86,42.62,1.38,0,26
"2.5%194","Floyd","Residential Improved","Countywide",0.85,0.87,0.88,23.29,34.31,1.1,0,1002
"df_sp83","Floyd","Residential Improved","Franklin",0.63,0.78,0.91,23.85,32.81,1.05,0,12
"2.5%195","Floyd","Residential Improved","Georgetown",0.86,0.89,0.91,21.24,32.7,1.09,0,149
"2.5%196","Floyd","Residential Improved","Greenville",0.82,0.87,0.91,23.17,33.22,1.04,0,80
"2.5%197","Floyd","Residential Improved","Lafayette",0.84,0.86,0.91,23.06,34.83,1.1,0,70
"2.5%198","Floyd","Residential Improved","New Albany",0.84,0.86,0.88,23.71,34.78,1.11,0,691
"164","Fountain","Industrial Vacant","Countywide",NA,NA,NA,NA,NA,NA,NA,0
"165","Fountain","Industrial Improved","Countywide",NA,NA,NA,NA,NA,NA,NA,0
"166","Fountain","Commercial Vacant","Countywide",NA,NA,NA,NA,NA,NA,NA,0
"df_sp84","Fountain","Commercial Improved","Countywide",0.77,0.96,1.07,16.84,22.29,1.03,0,9
"df_sp85","Fountain","Residential Vacant","Countywide",0.62,0.73,0.91,34.56,43.97,1.03,0,17
"2.5%199","Fountain","Residential Improved","Countywide",0.89,0.91,0.94,12.91,16.86,1.01,0,210
"df_sp86","Fountain","Residential Improved","Cain",0.85,0.92,1.02,13.75,17.57,1.03,0,15
"df_sp87","Fountain","Residential Improved","Davis",0.72,0.91,1,7.75,11.64,1.03,0,5
"2.5%200","Fountain","Residential Improved","Logan",0.86,0.94,0.95025,13.42,18.46,1.02,0,40
"df_sp88","Fountain","Residential Improved","Richland",0.85,0.93,0.99,11.15,13.31,1,0,12
"df_sp89","Fountain","Residential Improved","Shawnee",0.69,1.01,1.06,10.74,16.78,1.03,0,5
"2.5%201","Fountain","Residential Improved","Troy",0.87,0.9,0.94,12.72,16.69,1,0,82
"2.5%202","Fountain","Residential Improved","Van Buren",0.77,0.9,0.97,12.98,15.7,1.01,0,23
"2.5%203","Fountain","Residential Improved","Millcreek",0.88,0.92,0.98,13.05,18.45,0.99,0,28
"167","Franklin","Industrial Vacant","Countywide",NA,NA,NA,NA,NA,NA,NA,0
"168","Franklin","Industrial Improved","Countywide",NA,NA,NA,NA,NA,NA,NA,0
"169","Franklin","Commercial Vacant","Countywide",NA,NA,NA,NA,NA,NA,NA,0
"170","Franklin","Commercial Improved","Countywide",NA,NA,NA,NA,NA,NA,NA,0
"df_sp90","Franklin","Residential Vacant","Countywide",0.14,0.25,0.39,106.34,105.1,1.14,0,14
"2.5%204","Franklin","Residential Improved","Countywide",0.92,0.92,0.95,10.41,16.3,1.01,0,192
"2.5%205","Franklin","Residential Improved","Brookville",0.88,0.92,0.95,13.79,22.29,1.02,0,85
"2.5%206","Franklin","Residential Improved","Ray",0.93,0.97,0.99,6.53,7.9,1,0,59
"2.5%207","Franklin","Residential Improved","Bath",0.88,0.91,0.94,8.57,10.83,1.02,0,36
"df_sp91","Franklin","Residential Improved","Blooming Grove",0.8,0.92,0.96,6.68,9.72,1.01,0,11
"171","Fulton","Industrial Vacant","Countywide",NA,NA,NA,NA,NA,NA,NA,0
"df_sp92","Fulton","Industrial Improved","Countywide",0.67,0.91,1.07,11.45,16.77,0.96,0,5
"172","Fulton","Commercial Vacant","Countywide",NA,NA,NA,NA,NA,NA,NA,0
"2.5%208","Fulton","Commercial Improved","Countywide",0.86,0.95,1.01,19.12,25.44,1.04,0,37
"2.5%209","Fulton","Residential Vacant","Countywide",0.66,0.82,0.98,30.66,40.67,1.23,0,34
"2.5%210","Fulton","Residential Improved","Countywide",0.94,0.96,0.96,15.26,32.14,1.04,0,631
"2.5%211","Fulton","Residential Improved","Aubbeenaubbee",0.83,0.91,0.98,17.75,23.59,1.06,0,32
"2.5%212","Fulton","Residential Improved","Henry",0.93,0.97,0.99,11.82,18.57,1.02,0,68
"2.5%213","Fulton","Residential Improved","Liberty",0.93975,0.96,0.99,22.62,47.66,1.06,0,60
"2.5%214","Fulton","Residential Improved","Newcastle",0.88,0.95,1.02,13.33,17.7,1.01,0,24
"2.5%215","Fulton","Residential Improved","Richland",0.85,0.91,1.03,14.22,18.1,1.02,0,25
"2.5%216","Fulton","Residential Improved","Rochester",0.94,0.95,0.97,13.84,31.03,1.03,0,367
"2.5%217","Fulton","Residential Improved","Union",0.92,0.96,1,17.93,35.22,1.07,0,53
"173","Gibson","Industrial Vacant","Countywide",NA,NA,NA,NA,NA,NA,NA,0
"174","Gibson","Industrial Improved","Countywide",NA,NA,NA,NA,NA,NA,NA,0
"175","Gibson","Commercial Vacant","Countywide",NA,NA,NA,NA,NA,NA,NA,0
"df_sp93","Gibson","Commercial Improved","Countywide",0.85,0.98,1.08,15.71,19.52,0.99,0,12
"df_sp94","Gibson","Residential Vacant","Countywide",0.93,1.02,1.11,10.18,14.29,1,0,6
"2.5%218","Gibson","Residential Improved","Countywide",0.86,0.9,0.91,13,16.97,1.02,0,293
"df_sp95","Gibson","Residential Improved","Barton",0.81,0.93,0.94,11.17,15.98,1.03,0,9
"2.5%219","Gibson","Residential Improved","Columbia",0.85,0.9,0.95,12.36,16.01,1.03,0,28
"2.5%220","Gibson","Residential Improved","Johnson",0.81,0.9,0.93,13.7,19.32,1.03,0,34
"2.5%221","Gibson","Residential Improved","Montgomery",0.81,0.91,0.92,12.23,16.84,1,0,38
"2.5%222","Gibson","Residential Improved","Patoka",0.85,0.9,0.93,13.28,17.16,1.02,0,132
"2.5%223","Gibson","Residential Improved","Union",0.79,0.9,0.92,13.08,16.22,1.03,0,52
"176","Grant","Industrial Vacant","Countywide",NA,NA,NA,NA,NA,NA,NA,0
"177","Grant","Industrial Improved","Countywide",NA,NA,NA,NA,NA,NA,NA,0
"178","Grant","Commercial Vacant","Countywide",NA,NA,NA,NA,NA,NA,NA,0
"2.5%224","Grant","Commercial Improved","Countywide",0.95,0.96,0.97,7.04,11.02,1.03,0,22
"179","Grant","Residential Vacant","Countywide",NA,NA,NA,NA,NA,NA,NA,0
"2.5%225","Grant","Residential Improved","Countywide",0.93,0.94,0.96,10.57,14.03,1.02,0,614
"2.5%226","Grant","Residential Improved","Jefferson",0.89975,0.94,0.98,9.4,11.88,1.02,0,49
"2.5%227","Grant","Residential Improved","Center",0.93,0.95,0.97,10.89,14.8,1.03,0,173
"2.5%228","Grant","Residential Improved","Fairmount",0.87,0.94,0.98025,10.93,14.47,1.02,0,30
"2.5%229","Grant","Residential Improved","Franklin",0.91,0.96,0.97,9.9,12.94,1.01,0,61
"2.5%230","Grant","Residential Improved","Mill",0.92,0.95,0.97,10.96,14.34,1.03,0,119
"2.5%231","Grant","Residential Improved","Pleasant",0.92,0.93,0.95,10.02,13.02,1.02,0,113
"2.5%232","Grant","Residential Improved","Sims",0.89,0.95,1,8.27,10.99,1.02,0,23
"2.5%233","Grant","Residential Improved","Van Buren",0.92,0.99,1.07,12.47,16.69,1.03,0,21
"2.5%234","Grant","Residential Improved","Washington",0.87,0.97,1.02,10.73,15.46,1.02,0,25
"180","Greene","Industrial Vacant","Countywide",NA,NA,NA,NA,NA,NA,NA,0
"181","Greene","Industrial Improved","Countywide",NA,NA,NA,NA,NA,NA,NA,0
"182","Greene","Commercial Vacant","Countywide",NA,NA,NA,NA,NA,NA,NA,0
"df_sp96","Greene","Commercial Improved","Countywide",0.83,0.91,1.05,13.24,16.47,1.01,0,13
"df_sp97","Greene","Residential Vacant","Countywide",0.73,1,1.02,9.31,14.37,1.01,0,8
"2.5%235","Greene","Residential Improved","Countywide",0.9,0.92,0.93,11.03,13.75,1.03,0,245
"2.5%236","Greene","Residential Improved","Beech Creek",0.87,0.93,0.97,10.25,12.74,1.04,0,50
"df_sp98","Greene","Residential Improved","Cass",0.92,0.92,1.02,5.33,7.76,1,0,8
"2.5%237","Greene","Residential Improved","Fairplay",0.87,0.91,0.94,11.68,14.45,1.02,0,95
"2.5%238","Greene","Residential Improved","Highland",0.9,0.92,0.96,11.8,15.07,1.03,0,56
"2.5%239","Greene","Residential Improved","Richland",0.86,0.91,0.97,10.36,12.55,1.03,0,36
"183","Hamilton","Industrial Vacant","Countywide",NA,NA,NA,NA,NA,NA,NA,0
"184","Hamilton","Industrial Improved","Countywide",NA,NA,NA,NA,NA,NA,NA,0
"2.5%240","Hamilton","Commercial Vacant","Countywide",0.05975,0.09,0.35,361.18,118.03,1.07,0,52
"2.5%241","Hamilton","Commercial Improved","Countywide",0.88,0.91,0.95,10.36,17.35,1,0,44
"2.5%242","Hamilton","Residential Vacant","Countywide",0.01,0.01,0.01,4457.62,131.87,0.7,0,635
"2.5%243","Hamilton","Residential Vacant","Adams",0.397,0.74,0.91,53.45,79.05,1.08,0,24
"2.5%244","Hamilton","Residential Vacant","Clay",0.01,0.24,0.63,168.71,104.54,0.69,0,126
"2.5%245","Hamilton","Residential Vacant","Fall Creek",0.01,0.01,0.01,4273.93,151.17,0.61,0,111
"2.5%246","Hamilton","Residential Vacant","Noblesville",0.01,0.53,0.76,74.25,95.27,0.99,0,48
"2.5%247","Hamilton","Residential Vacant","Westfield Washington",0.01,0.01,0.01,3985.48,154,0.71,0,324
"2.5%248","Hamilton","Residential Improved","Countywide",0.9,0.9,0.9,7.96,12.84,1.01,0,8435
"2.5%249","Hamilton","Residential Improved","Adams",0.90975,0.93,0.94,13.99,31.5,1.05,0,160
"2.5%250","Hamilton","Residential Improved","Clay",0.89,0.9,0.9,9.54,13.78,1.02,0,1775
"2.5%251","Hamilton","Residential Improved","Delaware",0.9,0.9,0.91,7.84,11.85,1.01,0,605
"2.5%252","Hamilton","Residential Improved","Fall Creek",0.89,0.9,0.9,6.98,9.51,1,0,1705
"2.5%253","Hamilton","Residential Improved","Jackson",0.9,0.91,0.92,8,11.15,1.01,0,275
"2.5%254","Hamilton","Residential Improved","Noblesville",0.9,0.91,0.91,9.15,16.92,1.01,0,1384
"2.5%255","Hamilton","Residential Improved","Wayne",0.89,0.9,0.91,5.96,9.67,1,0,170
"2.5%256","Hamilton","Residential Improved","Westfield Washington",0.9,0.9,0.91,6.35,8.46,1,0,2339
"df_sp99","Hamilton","Residential Improved","White River",0.77,0.93,0.99,17.76,23.44,1.06,0,18
"185","Hancock","Industrial Vacant","Countywide",NA,NA,NA,NA,NA,NA,NA,0
"186","Hancock","Industrial Improved","Countywide",NA,NA,NA,NA,NA,NA,NA,0
"df_sp100","Hancock","Commercial Vacant","Countywide",0.23,0.37,0.85,58.7,58.42,1.22,0,5
"2.5%257","Hancock","Commercial Improved","Countywide",0.74,0.8,0.94,17.44,22.78,1.02,0,24
"2.5%258","Hancock","Residential Vacant","Countywide",0.97,0.98,1,12.63,20.35,1.11,0,138
"2.5%259","Hancock","Residential Vacant","Brandywine",0.97,1,1,10.36,18.54,1.13,0,35
"2.5%260","Hancock","Residential Vacant","Buck Creek",0.77,0.95,0.99,17.34,24.1,1.1,0,46
"2.5%261","Hancock","Residential Vacant","Green",0.97,0.98,1,10.15,17.47,1.08,0,57
"187","Hancock","Residential Vacant","Blue River",NA,NA,NA,NA,NA,NA,NA,0
"2.5%262","Hancock","Residential Improved","Countywide",0.89,0.9,0.9,10.59,24.99,1.03,0,2477
"2.5%263","Hancock","Residential Improved","Blue River",0.8,0.84,0.89,29.63,65.5,1.19,0,71
"2.5%264","Hancock","Residential Improved","Brandywine",0.89,0.9,0.9,7.87,16.67,1.01,0,549
"2.5%265","Hancock","Residential Improved","Buck Creek",0.87,0.89,0.9,10.02,16.58,1.01,0,277
"2.5%266","Hancock","Residential Improved","Center",0.89,0.9,0.9,13.71,30.53,1.05,0,735
"2.5%267","Hancock","Residential Improved","Vernon",0.89,0.9,0.9,8.29,16.91,1.01,0,845
"188","Harrison","Industrial Vacant","Countywide",NA,NA,NA,NA,NA,NA,NA,0
"189","Harrison","Industrial Improved","Countywide",NA,NA,NA,NA,NA,NA,NA,0
"190","Harrison","Commercial Vacant","Countywide",NA,NA,NA,NA,NA,NA,NA,0
"2.5%268","Harrison","Commercial Improved","Countywide",0.95,0.99,1.04,9.43,12.31,0.99,0,28
"2.5%269","Harrison","Residential Vacant","Countywide",0.88,0.95,0.99,26.64,43.52,1.08,0,52
"2.5%270","Harrison","Residential Vacant","Harrison",0.86,0.95,0.98,27.06,45.68,1.12,0,30
"df_sp101","Harrison","Residential Vacant","Blue River",0.7,0.95,1.01,28.22,44.87,0.98,0,16
"2.5%271","Harrison","Residential Improved","Countywide",0.94,0.95,0.96,12.89,20.38,1.02,0,517
"2.5%272","Harrison","Residential Improved","Heth",0.85,0.88,0.97,10.66,14.11,1.01,0,25
"2.5%273","Harrison","Residential Improved","Harrison",0.96,0.98,1,11.6,18.5,1.03,0,182
"2.5%274","Harrison","Residential Improved","Posey",0.86,0.96,1.02,13.88,17.72,1.01,0,29
"2.5%275","Harrison","Residential Improved","Blue River",0.83,0.91,1,18.31,34.24,1.07,0,25
"2.5%276","Harrison","Residential Improved","Jackson",0.94,0.97,1,12.41,17.81,1.02,0,76
"2.5%277","Harrison","Residential Improved","Morgan",0.88,0.92,0.99,16.47,27.5,1.04,0,52
"2.5%278","Harrison","Residential Improved","Spencer",0.89,0.94,1.01,12.97,16.68,1.02,0,26
"df_sp102","Harrison","Residential Improved","Boone",0.91,0.94,1,6.2,7.49,1.02,0,12
"df_sp103","Harrison","Residential Improved","Taylor",0.9,0.96,1.02,6.16,6.78,1,0,6
"2.5%279","Harrison","Residential Improved","Webster",0.86,0.94,0.95,11.23,19,1.01,0,23
"191","Hendricks","Industrial Vacant","Countywide",NA,NA,NA,NA,NA,NA,NA,0
"192","Hendricks","Industrial Improved","Countywide",NA,NA,NA,NA,NA,NA,NA,0
"df_sp104","Hendricks","Commercial Vacant","Countywide",0.3,0.38,0.72,80.24,83.04,0.97,0,16
"df_sp105","Hendricks","Commercial Improved","Countywide",0.57,0.91,0.94,8.68,18.38,0.93,0,5
"2.5%280","Hendricks","Residential Vacant","Countywide",0.03,0.1,0.19,279.47,130.51,1.25,0,169
"2.5%281","Hendricks","Residential Improved","Countywide",0.92,0.92,0.93,9.05,21.95,1.01,0,2199
"2.5%282","Hendricks","Residential Improved","Brown",0.94,0.95,0.96,6.66,8.7,1,0,239
"2.5%283","Hendricks","Residential Improved","Center",0.89,0.9,0.91,16.92,49.25,1.07,0,186
"2.5%284","Hendricks","Residential Improved","Guilford",0.89,0.91,0.92,8.31,11.79,1,0,334
"2.5%285","Hendricks","Residential Improved","Liberty",0.92,0.94,0.97,7.68,11.69,1.01,0,82
"2.5%286","Hendricks","Residential Improved","Lincoln",0.93,0.94,0.95,9.67,26.38,1.01,0,502
"2.5%287","Hendricks","Residential Improved","Middle",0.92,0.93,0.98,8.89,11.26,1,0,73
"2.5%288","Hendricks","Residential Improved","Eel River",0.86,0.9,0.96,12.28,15.59,1.03,0,34
"2.5%289","Hendricks","Residential Improved","Washington",0.91,0.92,0.92,7.31,11.1,1,0,736
"193","Henry","Industrial Vacant","Countywide",NA,NA,NA,NA,NA,NA,NA,0
"194","Henry","Industrial Improved","Countywide",NA,NA,NA,NA,NA,NA,NA,0
"df_sp106","Henry","Commercial Vacant","Countywide",0.3,0.5,1,36.68,44.25,0.98,0,5
"df_sp107","Henry","Commercial Improved","Countywide",0.63,0.79,1.06,24.8,34,1.11,0,8
"df_sp108","Henry","Residential Vacant","Countywide",0.04,0.27,0.6,128.93,112.33,1.37,0,12
"2.5%290","Henry","Residential Improved","Countywide",0.94,0.95,0.96,13.13,17.61,1.03,0,544
"df_sp109","Henry","Residential Improved","Blue River",0.92,0.94,0.97,5.18,9.35,1.01,0,7
"df_sp110","Henry","Residential Improved","Dudley",0.74,0.94,0.98,14.81,21.74,1.05,0,9
"2.5%291","Henry","Residential Improved","Fall Creek",0.93,0.96,1,12.02,15.17,1.02,0,58
"df_sp111","Henry","Residential Improved","Franklin",0.85,0.96,0.99,11.47,18.04,1.03,0,14
"df_sp112","Henry","Residential Improved","Greensboro",0.77,0.95,1.07,12.67,16.75,1.01,0,6
"df_sp113","Henry","Residential Improved","Harrison",0.87,0.91,0.96,5.1,6.73,1,0,7
"df_sp114","Henry","Residential Improved","Jefferson",0.88,0.96,1.05,16.36,24.37,1.03,0,18
"df_sp115","Henry","Residential Improved","Liberty",0.91,1,1.21,15.61,19.58,1.01,0,6
"2.5%292","Henry","Residential Improved","Prairie",0.87,0.94,1,13.78,18.65,1.05,0,44
"df_sp116","Henry","Residential Improved","Spiceland",0.92,0.94,1,8.2,11,1.02,0,19
"2.5%293","Henry","Residential Improved","Wayne",0.91,0.97,1.01,13.11,17.58,1.02,0,49
"2.5%294","Henry","Residential Improved","Henry",0.93,0.95,0.96,13.51,17.86,1.02,0,306
"195","Howard","Industrial Vacant","Countywide",NA,NA,NA,NA,NA,NA,NA,0
"df_sp117","Howard","Industrial Improved","Countywide",0.62,0.75,0.75,14.41,22.56,1.03,0,9
"df_sp118","Howard","Commercial Vacant","Countywide",0.86,1.03,1.65,28.88,32.12,1.16,0,5
"2.5%295","Howard","Commercial Improved","Countywide",0.84,0.91,0.93,20.04,27.64,1.06,0,105
"2.5%296","Howard","Residential Vacant","Countywide",0.7,0.89,0.94,42.58,62.1,1.39,0,81
"2.5%297","Howard","Residential Improved","Countywide",0.92,0.92,0.93,16.88,36.42,1.05,0,3034
"2.5%298","Howard","Residential Improved","Center",0.92,0.92,0.93,18.31,32.5,1.05,0,1779
"2.5%299","Howard","Residential Improved","Clay",0.9,0.91,0.93,16.48,75.74,1.07,0,120
"2.5%300","Howard","Residential Improved","Ervin",0.88,0.91,0.97,9.14,11.61,1.01,0,32
"2.5%301","Howard","Residential Improved","Harrison",0.91,0.92,0.93,13.56,45.21,1.04,0,377
"2.5%302","Howard","Residential Improved","Honey Creek",0.89,0.91,0.99,13.5,16.76,1.02,0,57
"2.5%303","Howard","Residential Improved","Howard",0.89,0.91,0.95,10.21,14.4,1.01,0,69
"df_sp119","Howard","Residential Improved","Jackson",0.82,0.92,1.05,11.75,14.12,1.01,0,13
"2.5%304","Howard","Residential Improved","Liberty",0.91,0.93,0.95025,17.17,32.16,1.06,0,147
"2.5%305","Howard","Residential Improved","Monroe",0.92,0.97,1.02,16.4,22.9,1.01,0,32
"2.5%306","Howard","Residential Improved","Taylor",0.91,0.93,0.94,15.96,34.62,1.04,0,381
"2.5%307","Howard","Residential Improved","Union",0.88925,0.92,1.02,15.13,18.16,1.03,0,27
"196","Huntington","Industrial Vacant","Countywide",NA,NA,NA,NA,NA,NA,NA,0
"197","Huntington","Industrial Improved","Countywide",NA,NA,NA,NA,NA,NA,NA,0
"198","Huntington","Commercial Vacant","Countywide",NA,NA,NA,NA,NA,NA,NA,0
"df_sp120","Huntington","Commercial Improved","Countywide",0.75,0.92,0.98,14.6,19.65,1.05,0,17
"df_sp121","Huntington","Residential Vacant","Countywide",0.43,0.53,0.94,60.04,59.63,1.29,0,15
"2.5%308","Huntington","Residential Improved","Countywide",0.92,0.93,0.94,12.32,16.78,1.02,0,843
"df_sp122","Huntington","Residential Improved","Jefferson",0.81,0.92,1.02,9.51,11.95,1,0,11
"df_sp123","Huntington","Residential Improved","Warren",0.81,0.95,1.02,13.08,16.88,1.03,0,14
"2.5%309","Huntington","Residential Improved","Clear Creek",0.84,0.92,0.98,9.38,11.72,1,0,24
"2.5%310","Huntington","Residential Improved","Dallas",0.9,0.95,0.96,7.55,11.38,1.03,0,36
"2.5%311","Huntington","Residential Improved","Huntington",0.92,0.93,0.94,12.69,16.95,1.01,0,536
"2.5%312","Huntington","Residential Improved","Jackson",0.89,0.93,0.95,12.32,18.06,1.02,0,123
"2.5%313","Huntington","Residential Improved","Lancaster",0.88,0.93,0.96,11.67,16.41,1.01,0,20
"2.5%314","Huntington","Residential Improved","Rock Creek",0.79,0.92,1.01,12.62,14.88,1.01,0,23
"2.5%315","Huntington","Residential Improved","Salamonie",0.89,0.95,1,15.11,20.51,1.04,0,40
"df_sp124","Huntington","Residential Improved","Union",0.89,0.93,0.96,7.57,10.28,1.02,0,15
"199","Jackson","Industrial Vacant","Countywide",NA,NA,NA,NA,NA,NA,NA,0
"1100","Jackson","Industrial Improved","Countywide",NA,NA,NA,NA,NA,NA,NA,0
"1101","Jackson","Commercial Vacant","Countywide",NA,NA,NA,NA,NA,NA,NA,0
"df_sp125","Jackson","Commercial Improved","Countywide",0.71,0.89,0.97,20.07,24.49,1,0,17
"2.5%316","Jackson","Residential Vacant","Countywide",0.6,0.8,0.87025,36.2,51.45,1.03,0,59
"2.5%317","Jackson","Residential Improved","Countywide",0.89,0.91,0.91025,12.52,20.99,1.02,0,621
"2.5%318","Jackson","Residential Improved","Brownstown",0.87975,0.91,0.95,14.26,25.45,1.02,0,54
"df_sp126","Jackson","Residential Improved","Carr",0.84,0.89,1.07,13.71,16.33,1.03,0,9
"df_sp127","Jackson","Residential Improved","Owen",0.89,0.92,1.09,13.33,17.42,1,0,9
"2.5%319","Jackson","Residential Improved","Jackson",0.89,0.9,0.91,12.13,20.07,1.02,0,415
"df_sp128","Jackson","Residential Improved","Pershing",0.73,0.93,1,12.25,16.32,1.02,0,6
"2.5%320","Jackson","Residential Improved","Redding",0.88,0.91,0.93,11.78,16.68,1.02,0,87
"2.5%321","Jackson","Residential Improved","Vernon",0.85,0.92,0.96,18.43,34.82,1.08,0,29
"df_sp129","Jackson","Residential Improved","Washington",0.86,0.9,0.93,6.13,8.4,1,0,12
"1102","Jasper","Industrial Vacant","Countywide",NA,NA,NA,NA,NA,NA,NA,0
"df_sp130","Jasper","Industrial Improved","Countywide",0.48,0.91,1.35,22.3,34.13,0.83,0,5
"1103","Jasper","Commercial Vacant","Countywide",NA,NA,NA,NA,NA,NA,NA,0
"2.5%322","Jasper","Commercial Improved","Countywide",0.84,0.92,0.98,14.39,22.73,1.07,0,25
"df_sp131","Jasper","Commercial Improved","Keener",0.83,0.91,0.96,5.24,7.44,0.99,0,7
"df_sp132","Jasper","Commercial Improved","Marion",0.84,0.92,1.12,20.05,28.93,1.05,0,11
"df_sp133","Jasper","Commercial Improved","Barkley",0.77,0.96,1,12.97,17.43,1.08,0,7
"2.5%323","Jasper","Residential Vacant","Countywide",0.84,0.88,0.93,15.86,24.07,1.02,0,97
"2.5%324","Jasper","Residential Vacant","Keener",0.85,0.9,0.93,10.9,15.73,1.01,0,38
"1104","Jasper","Residential Vacant","Marion",NA,NA,NA,NA,NA,NA,NA,4
"1105","Jasper","Residential Vacant","Newton",NA,NA,NA,NA,NA,NA,NA,4
"1106","Jasper","Residential Vacant","Union",NA,NA,NA,NA,NA,NA,NA,4
"2.5%325","Jasper","Residential Vacant","Walker",0.8,0.84,0.94,18.37,28.54,0.98,0,31
"df_sp134","Jasper","Residential Vacant","Wheatfield",0.8,0.88,1.04,9.21,11.47,0.99,0,8
"df_sp135","Jasper","Residential Vacant","Barkley",0.54,0.66,1.04,32.05,34.1,1.08,0,8
"2.5%326","Jasper","Residential Improved","Countywide",0.96,0.97,0.98,54.2,138.46,1.35,0,1000
"2.5%327","Jasper","Residential Improved","Carpenter",0.89,0.94,0.99,12.32,15.1,1.03,0,48
"2.5%328","Jasper","Residential Improved","Kankakee",0.88975,0.97,1.04,43.97,117.94,1.28,0,23
"2.5%329","Jasper","Residential Improved","Keener",0.98,0.99,1,41.05,129.47,1.27,0,383
"2.5%330","Jasper","Residential Improved","Marion",0.95,0.97,0.99,23.81,75.43,1.12,0,217
"df_sp136","Jasper","Residential Improved","Jordan",0.9,0.96,1.04,19.01,39.75,1.1,0,13
"df_sp137","Jasper","Residential Improved","Newton",0.87,0.93,1.01,10.22,12.65,1.02,0,19
"2.5%331","Jasper","Residential Improved","Union",0.88,0.93,1.01,79.52,145.18,1.49,0,24
"2.5%332","Jasper","Residential Improved","Walker",0.92,0.94,0.96,124.07,155.86,1.81,0,131
"2.5%333","Jasper","Residential Improved","Wheatfield",0.93,0.96,1,95.13,147.37,1.63,0,142
"1107","Jay","Industrial Vacant","Countywide",NA,NA,NA,NA,NA,NA,NA,0
"1108","Jay","Industrial Improved","Countywide",NA,NA,NA,NA,NA,NA,NA,0
"1109","Jay","Commercial Vacant","Countywide",NA,NA,NA,NA,NA,NA,NA,0
"df_sp138","Jay","Commercial Improved","Countywide",0.77,0.83,1.05,35.1,47.49,2.02,0,15
"df_sp139","Jay","Residential Vacant","Countywide",0.1,0.18,0.39,88.24,92.99,1.2,0,9
"2.5%334","Jay","Residential Improved","Countywide",0.92,0.93,0.96,15.59,20.5,1.06,0,442
"2.5%335","Jay","Residential Improved","Jefferson",0.86,0.9,1,17.37,24.82,1.06,0,30
"2.5%336","Jay","Residential Improved","Bearcreek",0.9,0.95,1.04,15.43,23.8,1.16,0,25
"2.5%337","Jay","Residential Improved","Knox",0.77,0.91,1.02,20.12,27.92,1.12,0,24
"df_sp140","Jay","Residential Improved","Greene",0.84,0.89,1.01,12.4,15.41,1.06,0,19
"2.5%338","Jay","Residential Improved","Richland",0.89,0.92,0.99,17.02,21.45,1.05,0,110
"2.5%339","Jay","Residential Improved","Wayne",0.92,0.95,0.97,14.39,18.56,1.03,0,234
"1110","Jefferson","Industrial Vacant","Countywide",NA,NA,NA,NA,NA,NA,NA,0
"1111","Jefferson","Industrial Improved","Countywide",NA,NA,NA,NA,NA,NA,NA,0
"1112","Jefferson","Commercial Vacant","Countywide",NA,NA,NA,NA,NA,NA,NA,0
"2.5%340","Jefferson","Commercial Improved","Countywide",0.56,0.76,0.91,35.39,45.19,1.17,0,26
"2.5%341","Jefferson","Residential Vacant","Countywide",0.53,0.59,0.62,40.17,52.81,1.06,0,69
"2.5%342","Jefferson","Residential Improved","Countywide",0.82,0.84,0.86,21.85,29.78,1.06,0,601
"2.5%343","Jefferson","Residential Improved","Lancaster",0.74,0.84,0.92,21.01,28.39,1.06,0,26
"df_sp141","Jefferson","Residential Improved","Milton",0.59,0.88,0.99,28.63,43.77,1.17,0,14
"df_sp142","Jefferson","Residential Improved","Republican",0.57,0.84,0.97,25.32,30.35,1.17,0,18
"df_sp143","Jefferson","Residential Improved","Graham",0.64,0.78,0.93,33.8,43.67,1.29,0,16
"2.5%344","Jefferson","Residential Improved","Hanover",0.77,0.81,0.86,21.15,26.81,1.04,0,112
"2.5%345","Jefferson","Residential Improved","Madison",0.84,0.85,0.87,20.46,28.58,1.06,0,396
"df_sp144","Jefferson","Residential Improved","Saluda",0.44,0.58,0.82,37.56,42.18,1.09,0,19
"1113","Jennings","Industrial Vacant","Countywide",NA,NA,NA,NA,NA,NA,NA,0
"1114","Jennings","Industrial Improved","Countywide",NA,NA,NA,NA,NA,NA,NA,0
"1115","Jennings","Commercial Vacant","Countywide",NA,NA,NA,NA,NA,NA,NA,0
"df_sp145","Jennings","Commercial Improved","Countywide",0.8,0.98,1.06,17.46,23.78,1.02,0,16
"2.5%346","Jennings","Residential Vacant","Countywide",0.17,0.33,0.66,111.88,90.15,1.45,0,27
"2.5%347","Jennings","Residential Improved","Countywide",0.89,0.91,0.92,15.77,27.37,1.05,0,273
"2.5%348","Jennings","Residential Improved","Bigger",0.84,0.92,0.97,18.55,32.18,1.06,0,53
"df_sp146","Jennings","Residential Improved","Columbia",0.81,0.89,0.94,10.59,14.33,1.04,0,9
"df_sp147","Jennings","Residential Improved","Campbell",0.82,0.98,2.17,40.03,48.67,1.13,0,8
"2.5%349","Jennings","Residential Improved","Center",0.87,0.91,0.92025,14.5,22.74,1.04,0,104
"2.5%350","Jennings","Residential Improved","Geneva",0.86,0.91,0.94,13.8,18.5,1.02,0,54
"df_sp148","Jennings","Residential Improved","Lovett",0.8,0.93,0.96,9.35,13.57,1.02,0,7
"df_sp149","Jennings","Residential Improved","Montgomery",0.84,0.91,1.02,32.71,57.69,1.19,0,7
"2.5%351","Jennings","Residential Improved","Spencer",0.85,0.91,0.94,10.13,12.98,1.02,0,31
"df_sp150","Johnson","Industrial Vacant","Countywide",0.21,0.67,1,45.26,68.81,1.4,0,6
"1116","Johnson","Industrial Improved","Countywide",NA,NA,NA,NA,NA,NA,NA,0
"df_sp151","Johnson","Commercial Vacant","Countywide",0.01,0.13,0.7,197.05,129.06,2.79,0,7
"2.5%352","Johnson","Commercial Improved","Countywide",0.85,0.92,0.96,11.27,15.61,1,0,22
"2.5%353","Johnson","Residential Vacant","Countywide",0.01,0.31,0.65,129.31,100.57,0.98,0,139
"df_sp152","Johnson","Residential Vacant","Blue River",0.54,0.77,0.97,29.03,41.63,1.03,0,18
"2.5%354","Johnson","Residential Vacant","Needham",0,0.01,0.03,4030.12,147.85,0.6,0,32
"2.5%355","Johnson","Residential Vacant","White River",0.01,0.26,0.70025,154.05,102.49,1.05,0,89
"2.5%356","Johnson","Residential Improved","Countywide",0.91,0.91,0.91,8.72,34.98,1.02,0,2288
"2.5%357","Johnson","Residential Improved","Blue River",0.87,0.9,0.95,8.73,11.84,1,0,29
"df_sp153","Johnson","Residential Improved","Clark",0.85,0.92,0.97,7.78,11.41,1.02,0,10
"2.5%358","Johnson","Residential Improved","Franklin",0.89,0.9,0.92,5.81,7.51,1,0,227
"2.5%359","Johnson","Residential Improved","Hensley",0.89,0.91,0.92,6.32,8.83,1.01,0,45
"2.5%360","Johnson","Residential Improved","Needham",0.9,0.91,0.93,11.28,43.87,1.04,0,98
"2.5%361","Johnson","Residential Improved","Nineveh",0.89,0.91,0.95,8.02,12.47,1,0,42
"2.5%362","Johnson","Residential Improved","Pleasant",0.9,0.91,0.91,6.48,10.13,1.01,0,991
"df_sp154","Johnson","Residential Improved","Union",0.9,0.91,0.96,5.42,6.91,1,0,16
"2.5%363","Johnson","Residential Improved","White River",0.91,0.91,0.92,12.08,52.55,1.05,0,830
"1117","Knox","Industrial Vacant","Countywide",NA,NA,NA,NA,NA,NA,NA,0
"1118","Knox","Industrial Improved","Countywide",NA,NA,NA,NA,NA,NA,NA,0
"1119","Knox","Commercial Vacant","Countywide",NA,NA,NA,NA,NA,NA,NA,0
"2.5%364","Knox","Commercial Improved","Countywide",0.82,0.91,0.98,15.62,20.32,1.01,0,23
"df_sp155","Knox","Commercial Improved","Busseron",0.71,0.91,1.01,10.25,14.01,0.99,0,5
"df_sp156","Knox","Commercial Improved","Vincennes",0.82,0.91,1.05,17.04,21.63,1.01,0,18
"2.5%365","Knox","Residential Vacant","Countywide",0.8,0.9,0.97,24.71,39.33,1.08,0,26
"df_sp157","Knox","Residential Vacant","Busseron",0.45,1.03,1.08,25.69,46.78,1.15,0,7
"df_sp158","Knox","Residential Vacant","Vincennes",0.76,0.87,0.95,22.71,37.18,1.04,0,19
"2.5%366","Knox","Residential Improved","Countywide",0.9,0.91,0.93,18.1,27.64,1.05,0,385
"df_sp159","Knox","Residential Improved","Busseron",0.85,0.92,0.99,7.46,9.62,1.03,0,10
"df_sp160","Knox","Residential Improved","Decker",0.85,0.92,0.94,5.38,7.34,0.98,0,8
"2.5%367","Knox","Residential Improved","Harrison",0.85,0.92,0.94,13.39,17.64,1.01,0,21
"df_sp161","Knox","Residential Improved","Palmyra",0.85,0.94,1.04,15.69,20.19,1,0,18
"df_sp162","Knox","Residential Improved","Steen",0.82,0.94,1.03,10.9,14.09,1.02,0,9
"2.5%368","Knox","Residential Improved","Vigo",0.9,0.93,1.02,19.08,27.19,1.06,0,42
"2.5%369","Knox","Residential Improved","Vincennes",0.89,0.91,0.92,19.72,30.18,1.07,0,257
"2.5%370","Knox","Residential Improved","Washington",0.83,0.9,0.94,14.16,20.67,1.05,0,20
"df_sp163","Kosciusko","Industrial Vacant","Countywide",0.89,0.98,1.2,13.95,18.79,1.01,0,6
"df_sp164","Kosciusko","Industrial Improved","Countywide",0.83,1,1.06,17.24,22.69,1.05,0,13
"df_sp165","Kosciusko","Industrial Improved","Plain",0.84,0.99,1.29,18.38,21.09,0.99,0,6
"df_sp166","Kosciusko","Industrial Improved","Clay",0.65,1,1.06,16.46,22.93,1.03,0,7
"df_sp167","Kosciusko","Commercial Vacant","Countywide",0.72,0.98,1.09,21.43,31.78,1.09,0,7
"2.5%371","Kosciusko","Commercial Improved","Countywide",0.94,0.98,1.00025,16.95,21.54,1.03,0,142
"2.5%372","Kosciusko","Commercial Improved","Wayne",0.94,0.98,1.00025,17.48,22.09,1.03,0,98
"df_sp168","Kosciusko","Commercial Improved","Tippecanoe",0.82,1,1.06,13.39,18.98,1.02,0,11
"2.5%373","Kosciusko","Commercial Improved","Turkey Creek",0.88,0.96,1.09,16.65,21.95,1.03,0,20
"df_sp169","Kosciusko","Commercial Improved","Clay",0.88,0.95,1.06,16.54,20.41,1.1,0,13
"2.5%374","Kosciusko","Residential Vacant","Countywide",0.96,1,1,13.47,19.7,1,0,157
"df_sp170","Kosciusko","Residential Vacant","Plain",0.85,1,1.05,12.03,19.55,1,0,10
"df_sp171","Kosciusko","Residential Vacant","Van Buren",0.95,1,1.02,4.36,6.18,0.97,0,10
"2.5%375","Kosciusko","Residential Vacant","Turkey Creek",0.8,0.98,1.04,20.43,26.13,0.97,0,34
"2.5%376","Kosciusko","Residential Vacant","Tippecanoe",0.9,1,1.03,15.56,22.63,0.98,0,29
"2.5%377","Kosciusko","Residential Vacant","Wayne",0.94,1,1.01,10.11,13.92,1.02,0,63
"df_sp172","Kosciusko","Residential Vacant","Clay",0.85,0.99,1.02,16.74,29.95,1.03,0,10
"2.5%378","Kosciusko","Residential Improved","Countywide",1,1,1,10.33,17.73,1.02,0,1343
"2.5%379","Kosciusko","Residential Improved","Clay",0.9,1,1.02,6.48,8.7,1.02,0,24
"df_sp173","Kosciusko","Residential Improved","Monroe",0.97,1,1,7.31,11.64,1.02,0,18
"2.5%380","Kosciusko","Residential Improved","Harrison",0.91,1,1.01,8.33,11.21,1.01,0,43
"df_sp174","Kosciusko","Residential Improved","Franklin",0.92,1,1.03,5.88,8.7,1,0,10
"2.5%381","Kosciusko","Residential Improved","Lake",0.9,1,1.02,13.38,19.7,1.01,0,30
"2.5%382","Kosciusko","Residential Improved","Plain",0.97,1,1,9.3,13.05,0.99,0,137
"df_sp175","Kosciusko","Residential Improved","Prairie",0.86,1,1.01,10.09,14.6,1.01,0,14
"2.5%383","Kosciusko","Residential Improved","Tippecanoe",0.93,1,1.01,12.91,16.62,1.04,0,160
"2.5%384","Kosciusko","Residential Improved","Turkey Creek",0.99,1,1,11.22,15.74,1.03,0,206
"2.5%385","Kosciusko","Residential Improved","Van Buren",0.91,1,1.01,10.59,14.31,1,0,56
"2.5%386","Kosciusko","Residential Improved","Washington",0.87,1,1.01,17.33,41.15,1.08,0,35
"2.5%387","Kosciusko","Residential Improved","Wayne",0.98975,1,1,9.3,18.73,1.01,0,540
"df_sp176","Kosciusko","Residential Improved","Etna",0.98,1,1.02,9.12,16.85,1,0,13
"2.5%388","Kosciusko","Residential Improved","Seward",0.94,1,1.01,11.49,16.51,1.03,0,38
"df_sp177","Kosciusko","Residential Improved","Scott",0.87,1,1.04,10.51,13.77,1.03,0,19
"1120","Lagrange","Industrial Vacant","Countywide",NA,NA,NA,NA,NA,NA,NA,0
"df_sp178","Lagrange","Industrial Improved","Countywide",0.48,0.52,0.56,13.59,22.19,1.03,0,8
"1121","Lagrange","Commercial Vacant","Countywide",NA,NA,NA,NA,NA,NA,NA,0
"2.5%389","Lagrange","Commercial Improved","Countywide",0.73,0.84,0.94,26.03,36.05,1.03,0,20
"2.5%390","Lagrange","Residential Vacant","Countywide",0.76,0.9,1.05,22.15,29.2,1.08,0,22
"df_sp179","Lagrange","Residential Vacant","Johnson",0.82,0.95,1.09,15.88,19.15,0.94,0,10
"df_sp180","Lagrange","Residential Vacant","Bloomfield",0.67,0.89,1.05,26.78,36.84,1.24,0,12
"2.5%391","Lagrange","Residential Improved","Countywide",0.93,0.94,0.96,12.6,15.67,1.02,0,616
"2.5%392","Lagrange","Residential Improved","Bloomfield",0.91,0.94,0.99,12.99,15.96,1.02,0,110
"2.5%393","Lagrange","Residential Improved","Clay",0.92,0.94,1,12.4,15.99,1.02,0,45
"2.5%394","Lagrange","Residential Improved","Clearspring",0.86,0.93,0.96,12.78,16.47,1.02,0,45
"df_sp181","Lagrange","Residential Improved","Eden",0.86,0.95,0.99,12.42,15.42,1.02,0,18
"2.5%395","Lagrange","Residential Improved","Greenfield",0.87,0.95,1.03,12.58,15.82,1.03,0,22
"2.5%396","Lagrange","Residential Improved","Johnson",0.91,0.94,0.98,12.3,15.18,1.02,0,120
"2.5%397","Lagrange","Residential Improved","Lima",0.84,0.95,0.99025,13.68,16.31,1.01,0,38
"2.5%398","Lagrange","Residential Improved","Milford",0.88975,0.93,0.97,12.5,15.58,1.02,0,100
"2.5%399","Lagrange","Residential Improved","Newbury",0.92,0.96,0.98,12.84,16.89,1.01,0,75
"df_sp182","Lagrange","Residential Improved","Springfield",0.81,0.95,1,11.21,13.76,1.02,0,12
"2.5%400","Lagrange","Residential Improved","Van Buren",0.89,0.94,0.99025,11.08,13.14,1.02,0,31
"df_sp183","Lake","Industrial Vacant","Countywide",1,1.01,1.14,26,40.68,1.08,0,9
"2.5%401","Lake","Industrial Improved","Countywide",0.95,0.96,0.98,12.17,39.92,1.1,0,48
"df_sp184","Lake","Industrial Improved","Calumet",0.85,0.98,1,8.1,11.58,1.17,0,10
"df_sp185","Lake","Industrial Improved","Center",0.95,0.97,1.17,43.7,72.79,1.33,0,7
"df_sp186","Lake","Industrial Improved","North",0.95,0.98,0.99,5.32,9.1,0.98,0,19
"df_sp187","Lake","Industrial Improved","Ross",0.89,0.91,0.95,6.47,9.67,1.01,0,9
"1122","Lake","Industrial Improved","Cedar Creek",NA,NA,NA,NA,NA,NA,NA,3
"2.5%402","Lake","Commercial Vacant","Countywide",0.95,0.99,1,11.19,18.12,1,0,34
"df_sp188","Lake","Commercial Vacant","Center",0.87,0.98,1.01,7.49,11.87,1.01,0,7
"df_sp189","Lake","Commercial Vacant","North",0.98,1.01,1.07,8.09,12.98,1.02,0,10
"df_sp190","Lake","Commercial Vacant","Ross",0.91,1.04,1.21,8.06,11.18,0.96,0,5
"df_sp191","Lake","Commercial Vacant","Calumet",0.62,0.97,0.99,14.45,22.36,0.92,0,11
"2.5%403","Lake","Commercial Improved","Countywide",0.97,0.98,0.98,9.82,26.4,1.04,0,564
"2.5%404","Lake","Commercial Improved","Calumet",0.94,0.97,0.99,7.16,10.36,1.02,0,53
"df_sp192","Lake","Commercial Improved","Cedar Creek",0.91,0.97,1.02,9.99,15.79,1.01,0,15
"2.5%405","Lake","Commercial Improved","Center",0.91,0.96,1,8.98,14.3,1.02,0,36
"2.5%406","Lake","Commercial Improved","Hanover",0.94,0.97,0.99,6.06,11.24,0.99,0,20
"2.5%407","Lake","Commercial Improved","Hobart",0.95,0.97,0.99,5.63,11.3,1,0,46
"2.5%408","Lake","Commercial Improved","North",0.98,0.98,0.99,10.68,30.56,1.05,0,316
"2.5%409","Lake","Commercial Improved","Ross",0.84,0.9,0.95,15.11,37.59,1.09,0,42
"2.5%410","Lake","Commercial Improved","St. John",0.97,0.99,1.03,7.88,12.28,1.01,0,30
"df_sp193","Lake","Commercial Improved","Eagle Creek",0.96,0.98,0.99,2.14,3.33,1,0,6
"2.5%411","Lake","Residential Vacant","Countywide",0.94,0.97,0.98,20.52,36.82,0.97,0,298
"2.5%412","Lake","Residential Vacant","Calumet",0.9,0.96,1.02,19.09,31.03,0.97,0,25
"2.5%413","Lake","Residential Vacant","Cedar Creek",0.99,1,1.02,12.32,29.66,0.97,0,26
"2.5%414","Lake","Residential Vacant","Center",0.91,0.93,0.99,16.37,23.79,1,0,49
"df_sp194","Lake","Residential Vacant","Hanover",0.91,0.94,1.07,14.4,22.65,1,0,10
"df_sp195","Lake","Residential Vacant","Hobart",0.76,0.91,0.99,14.67,20.72,1.03,0,7
"2.5%415","Lake","Residential Vacant","North",0.89,0.94,0.98,17.68,32.1,1.02,0,55
"2.5%416","Lake","Residential Vacant","St. John",0.92,0.97,0.99,14.53,25.37,1.11,0,58
"2.5%417","Lake","Residential Vacant","Winfield",0.35,0.9,1.01,37.77,63.92,0.93,0,24
"2.5%418","Lake","Residential Vacant","Eagle Creek",0.9,0.99,1.01,33.96,63.59,0.76,0,44
"2.5%419","Lake","Residential Improved","Countywide",0.99,0.99,0.99,11.57,32.67,1.03,0,14545
"2.5%420","Lake","Residential Improved","Calumet",0.98,0.99,0.99,19.18,47.85,1.1,0,1486
"2.5%421","Lake","Residential Improved","Cedar Creek",0.99,0.99,1,13.09,45.64,1.05,0,485
"2.5%422","Lake","Residential Improved","Center",0.96,0.97,0.97,14.15,44.47,1.04,0,1850
"2.5%423","Lake","Residential Improved","Eagle Creek",0.97,1,1.04,6.62,8.77,1.01,0,22
"2.5%424","Lake","Residential Improved","Hanover",0.98,0.98,0.99,8.51,25.26,1.01,0,1473
"2.5%425","Lake","Residential Improved","Hobart",1,1,1,7.82,16.75,1.01,0,1292
"2.5%426","Lake","Residential Improved","North",0.97,0.98,0.98,12.82,30.65,1.03,0,4283
"2.5%427","Lake","Residential Improved","Ross",0.99,0.99,1,8.37,11.7,1.01,0,779
"2.5%428","Lake","Residential Improved","St. John",0.99,1,1,7.58,24.13,1.01,0,1945
"2.5%429","Lake","Residential Improved","West Creek",0.99,0.99,1,9.31,18.7,1.02,0,323
"2.5%430","Lake","Residential Improved","Winfield",0.99,1,1,8.34,26.15,1.02,0,606
"1123","Laporte","Industrial Vacant","Countywide",NA,NA,NA,NA,NA,NA,NA,0
"1124","Laporte","Industrial Improved","Countywide",NA,NA,NA,NA,NA,NA,NA,0
"1125","Laporte","Commercial Vacant","Countywide",NA,NA,NA,NA,NA,NA,NA,0
"df_sp196","Laporte","Commercial Improved","Countywide",0.92,0.97,1,6.41,8.84,1,0,19
"2.5%431","Laporte","Residential Vacant","Countywide",0.93,0.98,0.99,6.34,9.25,1.01,0,44
"df_sp197","Laporte","Residential Vacant","Center",0.95,0.99,1.08,10.22,15.93,1.02,0,6
"df_sp198","Laporte","Residential Vacant","Coolspring",0.91,0.92,0.98,3.18,4.52,1.01,0,6
"df_sp199","Laporte","Residential Vacant","Kankakee",0.9,0.97,0.99,3.54,4.73,1,0,5
"df_sp200","Laporte","Residential Vacant","Michigan",0.94,0.98,1,5.82,8.2,1.02,0,9
"df_sp201","Laporte","Residential Vacant","New Durham",0.88,1,1.09,5.67,8.1,1,0,5
"df_sp202","Laporte","Residential Vacant","Galena",0.89,0.96,1.03,6.41,7.93,1.03,0,8
"df_sp203","Laporte","Residential Vacant","Lincoln",0.83,0.93,1,5.72,7.66,0.98,0,5
"2.5%432","Laporte","Residential Improved","Countywide",0.87,0.89,0.9,10.71,13.95,1.01,0,989
"df_sp204","Laporte","Residential Improved","Clinton",0.74,0.83,0.93,14.03,15.54,1.02,0,12
"df_sp205","Laporte","Residential Improved","Cass",0.6,0.78,0.93,15.27,18.39,1.07,0,8
"2.5%433","Laporte","Residential Improved","Center",0.88,0.9,0.9,9.99,13.32,1.01,0,288
"2.5%434","Laporte","Residential Improved","Coolspring",0.85,0.87,0.9,11.62,15.33,1,0,108
"df_sp206","Laporte","Residential Improved","Galena",0.64,0.86,0.93,16.76,21.42,1.08,0,9
"df_sp207","Laporte","Residential Improved","Hanna",0.82,0.92,0.93,6.2,8.8,1.01,0,11
"df_sp208","Laporte","Residential Improved","Hudson",0.72,0.91,0.96,10.31,14.47,1.11,0,8
"2.5%435","Laporte","Residential Improved","Kankakee",0.79,0.86,0.91,10.18,12.26,0.98,0,24
"df_sp209","Laporte","Residential Improved","Lincoln",0.8,0.9,0.98,8.25,12.19,1.01,0,14
"2.5%436","Laporte","Residential Improved","Michigan",0.86,0.88,0.9,11.51,14.54,1.01,0,308
"2.5%437","Laporte","Residential Improved","New Durham",0.84,0.89,0.91,8.69,11.49,1,0,42
"df_sp210","Laporte","Residential Improved","Noble",0.67,0.87,0.98,13.55,19.02,1.01,0,11
"2.5%438","Laporte","Residential Improved","Pleasant",0.82,0.89,0.9,7.45,10.08,1.01,0,25
"2.5%439","Laporte","Residential Improved","Scipio",0.82,0.87,0.9,9.01,11.84,1.01,0,37
"2.5%440","Laporte","Residential Improved","Springfield",0.78,0.9,0.94,12.05,16.01,0.98,0,29
"2.5%441","Laporte","Residential Improved","Union",0.79,0.86,0.91,10.59,12.75,1.02,0,35
"df_sp211","Laporte","Residential Improved","Washington",0.71,0.92,0.95,14,18.26,1.02,0,13
"df_sp212","Laporte","Residential Improved","Wills",0.84,0.9,0.92,3.76,5.2,1,0,7
"1126","Lawrence","Industrial Vacant","Countywide",NA,NA,NA,NA,NA,NA,NA,0
"1127","Lawrence","Industrial Improved","Countywide",NA,NA,NA,NA,NA,NA,NA,0
"1128","Lawrence","Commercial Vacant","Countywide",NA,NA,NA,NA,NA,NA,NA,0
"2.5%442","Lawrence","Commercial Improved","Countywide",0.89,1.03,1.09,16.88,23.15,1.05,0,46
"2.5%443","Lawrence","Commercial Improved","Shawswick",0.88,0.95,1.07,18.26,23.84,1.02,0,31
"df_sp213","Lawrence","Commercial Improved","Indian Creek",0.88,1.08,1.1,14.58,22.37,1.14,0,15
"2.5%444","Lawrence","Residential Vacant","Countywide",0.55,0.68,0.9105,36.63,37.86,1.15,0,54
"2.5%445","Lawrence","Residential Vacant","Shawswick",0.55,0.81,1,31.84,36.81,1.13,0,31
"2.5%446","Lawrence","Residential Vacant","Indian Creek",0.5,0.64,0.89,36.03,39.56,1.17,0,23
"2.5%447","Lawrence","Residential Improved","Countywide",0.91,0.92,0.93,17.67,25.27,1.04,0,1064
"2.5%448","Lawrence","Residential Improved","Guthrie",0.9,0.94,0.99,10.27,14.26,1.05,0,23
"2.5%449","Lawrence","Residential Improved","Indian Creek",0.85,0.89,0.92,12.16,17.35,1.02,0,48
"2.5%450","Lawrence","Residential Improved","Marion",0.9,0.92,0.95,20.33,28.72,1.06,0,214
"2.5%451","Lawrence","Residential Improved","Marshall",0.92,0.94,0.97,15.41,23.71,1.02,0,105
"2.5%452","Lawrence","Residential Improved","Perry",0.91,0.93,0.96,8.12,11.2,0.99,0,32
"2.5%453","Lawrence","Residential Improved","Shawswick",0.9,0.91,0.93,18.35,25.53,1.05,0,635
"1129","Madison","Industrial Vacant","Countywide",NA,NA,NA,NA,NA,NA,NA,0
"1130","Madison","Industrial Improved","Countywide",NA,NA,NA,NA,NA,NA,NA,0
"df_sp214","Madison","Commercial Vacant","Countywide",0.09,0.31,0.57,87.89,86.69,1.46,0,10
"df_sp215","Madison","Commercial Improved","Countywide",0.52,0.68,1.26,41.86,45.53,1.2,0,8
"2.5%454","Madison","Residential Vacant","Countywide",0.02,0.04,0.08,413.22,157.34,0.83,0,49
"2.5%455","Madison","Residential Improved","Countywide",0.92,0.93,0.94,13.21,17.52,1.03,0,809
"df_sp216","Madison","Residential Improved","Adams",0.86,0.94,1.03,12.31,17.56,1.02,0,14
"2.5%456","Madison","Residential Improved","Anderson",0.92,0.93,0.95,12.58,16.77,1.04,0,367
"2.5%457","Madison","Residential Improved","Boone",0.84,0.91,1.01,18.19,23.02,1.05,0,50
"2.5%458","Madison","Residential Improved","Duck Creek",0.84,0.91,0.96,15.47,19.06,1.06,0,84
"2.5%459","Madison","Residential Improved","Fall Creek",0.9,0.92,0.95,12.26,16.32,1.02,0,101
"2.5%460","Madison","Residential Improved","Green",0.87,0.9,0.93,10.74,14.06,1.01,0,70
"2.5%461","Madison","Residential Improved","Lafayette",0.79,0.84,0.94,18.08,24.05,1.05,0,30
"df_sp217","Madison","Residential Improved","Richland",0.89,0.97,1.04,13.63,19.04,1.03,0,18
"2.5%462","Madison","Residential Improved","Stony Creek",0.89,0.93,0.97025,10.68,15.06,1.02,0,30
"2.5%463","Madison","Residential Improved","Union",0.89,0.92,0.99,13.12,16.94,1.05,0,45
"df_sp218","Marion","Industrial Vacant","Countywide",0.94,0.97,1.2,12.33,16.91,0.97,0,6
"2.5%464","Marion","Industrial Improved","Countywide",0.91,0.94,0.99025,10.09,13.94,1.04,0,28
"df_sp219","Marion","Industrial Improved","Center",0.84,0.94,1,11.35,15.81,1.03,0,17
"df_sp220","Marion","Industrial Improved","Decatur",0.77,0.91,0.99,5.97,9.1,1.02,0,5
"df_sp221","Marion","Industrial Improved","Warren",0.93,0.97,1.1,8.7,10.45,0.99,0,6
"df_sp222","Marion","Commercial Vacant","Countywide",0.8,0.99,1.05,15.21,19.67,1.04,0,13
"2.5%465","Marion","Commercial Improved","Countywide",0.93,0.94,0.97,15.2,19.66,1,0,201
"2.5%466","Marion","Commercial Improved","Center",0.96,1.03,1.09,17.61,23.81,0.98,0,53
"df_sp223","Marion","Commercial Improved","Decatur",0.84,0.91,0.96,6.88,8.14,1.02,0,6
"df_sp224","Marion","Commercial Improved","Franklin",0.75,0.91,1.08,10.71,14.25,1.03,0,5
"2.5%467","Marion","Commercial Improved","Lawrence",0.84,0.95,1.01,12.49,15.25,1.03,0,24
"2.5%468","Marion","Commercial Improved","Perry",0.88,0.91,0.95,7.11,8.9,1,0,30
"df_sp225","Marion","Commercial Improved","Pike",0.84,0.91,1.08,16.21,20.08,0.99,0,10
"2.5%469","Marion","Commercial Improved","Warren",0.8,0.91,1.03,20.61,25.39,0.97,0,30
"df_sp226","Marion","Commercial Improved","Washington",0.92,0.94,1,10.1,14.14,1,0,15
"2.5%470","Marion","Commercial Improved","Wayne",0.8,0.96,1.01,13.51,16.67,1.03,0,27
"2.5%471","Marion","Residential Vacant","Countywide",0.82,0.86,0.91,27.91,41.8,1.07,0,159
"2.5%472","Marion","Residential Vacant","Center",0.48,0.7,0.81,45.07,61.33,1.38,0,56
"df_sp227","Marion","Residential Vacant","Decatur",0.27,0.83,0.99,27.44,42.82,0.89,0,5
"df_sp228","Marion","Residential Vacant","Franklin",0.12,0.82,1.14,51.65,71.54,1.19,0,10
"df_sp229","Marion","Residential Vacant","Lawrence",0.74,0.91,1,15.36,19,1.03,0,15
"df_sp230","Marion","Residential Vacant","Perry",0.88,0.96,1.07,14.3,17.46,1.03,0,15
"df_sp231","Marion","Residential Vacant","Pike",0.79,0.94,1.03,12.12,15.05,1.01,0,7
"df_sp232","Marion","Residential Vacant","Warren",0.83,0.89,1,15.47,22.08,1.03,0,12
"2.5%473","Marion","Residential Vacant","Washington",0.9,0.94,0.99,10.09,13.57,1.01,0,29
"df_sp233","Marion","Residential Vacant","Wayne",0.55,0.88,0.94,27.05,47.62,0.89,0,10
"2.5%474","Marion","Residential Improved","Countywide",0.95,0.95,0.95,15,27.27,1.04,0,17860
"2.5%475","Marion","Residential Improved","Center",0.96,0.96,0.97,17.46,30.15,1.05,0,4273
"2.5%476","Marion","Residential Improved","Decatur",0.91,0.92,0.93,10.22,18.18,1,0,646
"2.5%477","Marion","Residential Improved","Franklin",0.92,0.93,0.93,10.34,22.26,1.02,0,1335
"2.5%478","Marion","Residential Improved","Lawrence",0.94,0.95,0.95,11.11,18.66,1.02,0,1992
"2.5%479","Marion","Residential Improved","Perry",0.94,0.94,0.95,10.86,15.82,1.01,0,1959
"2.5%480","Marion","Residential Improved","Pike",0.93,0.93,0.94,14.44,21.91,1.03,0,1270
"2.5%481","Marion","Residential Improved","Warren",0.94,0.94,0.95,13.39,23.25,1.02,0,2078
"2.5%482","Marion","Residential Improved","Washington",0.95,0.96,0.96,10.21,14.97,1.01,0,2432
"2.5%483","Marion","Residential Improved","Wayne",0.96,0.97,0.98,29.87,44.08,1.14,0,1873
"1131","Marshall","Industrial Vacant","Countywide",NA,NA,NA,NA,NA,NA,NA,0
"1132","Marshall","Industrial Improved","Countywide",NA,NA,NA,NA,NA,NA,NA,0
"df_sp234","Marshall","Commercial Vacant","Countywide",0.97,0.99,1,6.94,13.83,0.99,0,6
"df_sp235","Marshall","Commercial Improved","Countywide",0.93,0.98,1.02,7.23,9.7,1.02,0,16
"df_sp236","Marshall","Commercial Improved","Union",0.82,0.99,1.02,5.22,8.34,0.98,0,5
"df_sp237","Marshall","Commercial Improved","Center",0.91,0.93,1.02,6.17,10.53,1.03,0,7
"1133","Marshall","Commercial Improved","Bourbon",NA,NA,NA,NA,NA,NA,NA,4
"2.5%484","Marshall","Residential Vacant","Countywide",0.78,0.96,0.98,21.4,35.67,1.34,0,27
"df_sp238","Marshall","Residential Vacant","Center",0.76,0.97,1.03,13.1,21.26,0.99,0,7
"2.5%485","Marshall","Residential Vacant","Bourbon",0.73,0.95,0.98,24.54,40.27,1.38,0,20
"2.5%486","Marshall","Residential Improved","Countywide",0.93,0.94,0.94,11.28,17.07,1.03,0,588
"2.5%487","Marshall","Residential Improved","Bourbon",0.9,0.95,1.01,12.53,15.93,1.03,0,35
"2.5%488","Marshall","Residential Improved","German",0.9,0.93,0.96,13.26,20.59,1.02,0,99
"2.5%489","Marshall","Residential Improved","North",0.87,0.92,0.97,14.07,20.42,1.03,0,28
"2.5%490","Marshall","Residential Improved","Polk",0.88,0.93,1,12.62,18.27,1.02,0,22
"df_sp239","Marshall","Residential Improved","Tippecanoe",0.91,0.95,1.03,8.47,11.29,1.03,0,12
"2.5%491","Marshall","Residential Improved","Union",0.87,0.93,0.96,12.15,17.5,1.04,0,45
"2.5%492","Marshall","Residential Improved","Walnut",0.9,0.92,0.95,8.83,12.4,1.02,0,45
"2.5%493","Marshall","Residential Improved","West",0.91,0.95,0.96,11.63,16.32,1.03,0,63
"2.5%494","Marshall","Residential Improved","Center",0.93,0.94,0.95,10.08,16.16,1.02,0,239
"1134","Martin","Industrial Vacant","Countywide",NA,NA,NA,NA,NA,NA,NA,0
"1135","Martin","Industrial Improved","Countywide",NA,NA,NA,NA,NA,NA,NA,0
"1136","Martin","Commercial Vacant","Countywide",NA,NA,NA,NA,NA,NA,NA,0
"df_sp240","Martin","Commercial Improved","Countywide",0.91,0.96,0.99,8.06,10.5,0.98,0,17
"df_sp241","Martin","Residential Vacant","Countywide",0.62,0.95,1.16,15.29,22.23,1.03,0,5
"2.5%495","Martin","Residential Improved","Countywide",0.92,0.95,0.98,16.89,25.07,1.04,0,183
"2.5%496","Martin","Residential Improved","Helbert",0.9,0.97,1.04,20.08,28.4,1.06,0,39
"2.5%497","Martin","Residential Improved","Perry",0.92,0.95,0.98,15.28,23.85,1.04,0,118
"1137","Miami","Industrial Vacant","Countywide",NA,NA,NA,NA,NA,NA,NA,0
"1138","Miami","Industrial Improved","Countywide",NA,NA,NA,NA,NA,NA,NA,0
"1139","Miami","Commercial Vacant","Countywide",NA,NA,NA,NA,NA,NA,NA,0
"df_sp242","Miami","Commercial Improved","Countywide",0.87,1,1.08,12.24,17.54,1.04,0,10
"df_sp243","Miami","Residential Vacant","Countywide",0.18,0.49,0.96,90.79,88.62,1.19,0,9
"2.5%498","Miami","Residential Improved","Countywide",0.9,0.92,0.97,18.15,26.25,1.06,0,203
"2.5%499","Miami","Residential Improved","Peru",0.87,0.92,0.99,19.93,29.43,1.07,0,85
"df_sp244","Miami","Residential Improved","Washington",0.86,0.91,1.01,16.89,25.29,1.05,0,18
"2.5%500","Miami","Residential Improved","Pipe Creek",0.86,0.91,0.99,17.33,22.93,1.05,0,38
"df_sp245","Miami","Residential Improved","Union",0.9,0.96,1.02,15.18,24.56,1.13,0,18
"2.5%501","Miami","Residential Improved","Butler",0.84,0.92,1,16.48,23.18,1.04,0,39
"1140","Monroe","Industrial Vacant","Countywide",NA,NA,NA,NA,NA,NA,NA,0
"1141","Monroe","Industrial Improved","Countywide",NA,NA,NA,NA,NA,NA,NA,0
"1142","Monroe","Commercial Vacant","Countywide",NA,NA,NA,NA,NA,NA,NA,0
"2.5%502","Monroe","Commercial Improved","Countywide",0.94,0.97,1.02,15.43,22.04,1.05,0,103
"2.5%503","Monroe","Residential Vacant","Countywide",0.83,0.87,0.92,16.81,26.24,1.12,0,54
"2.5%504","Monroe","Residential Improved","Countywide",0.96,0.97,0.97,12.03,18.21,1.02,0,1841
"df_sp246","Monroe","Residential Improved","Bean Blossom",0.88,0.97,1.08,18.12,30.08,1.1,0,16
"2.5%505","Monroe","Residential Improved","Benton",0.87,1.01,1.05025,16.99,24.88,1.04,0,36
"2.5%506","Monroe","Residential Improved","Bloomington",0.88,0.9,0.92,12.42,17.34,1.02,0,207
"2.5%507","Monroe","Residential Improved","Clear Creek",0.94,0.97,1,14.15,19.06,1.03,0,162
"df_sp247","Monroe","Residential Improved","Indian Creek",0.86,0.95,1.17,9.57,13.04,1.01,0,5
"2.5%508","Monroe","Residential Improved","Perry",0.94,0.95,0.96,11.79,16.44,1.02,0,790
"2.5%509","Monroe","Residential Improved","Richland",0.99,0.99,1,6.23,12.6,1.01,0,364
"2.5%510","Monroe","Residential Improved","Salt Creek",0.9,0.95,1.05,19.45,25.74,1.05,0,22
"2.5%511","Monroe","Residential Improved","Van Buren",0.92,0.94,0.97,16.26,24.69,1.04,0,207
"2.5%512","Monroe","Residential Improved","Washington",0.78,0.87,0.95,22.25,33.67,1.12,0,27
"1143","Montgomery","Industrial Vacant","Countywide",NA,NA,NA,NA,NA,NA,NA,0
"1144","Montgomery","Industrial Improved","Countywide",NA,NA,NA,NA,NA,NA,NA,0
"1145","Montgomery","Commercial Vacant","Countywide",NA,NA,NA,NA,NA,NA,NA,0
"df_sp248","Montgomery","Commercial Improved","Countywide",0.78,0.97,1.02,15.94,22.27,0.98,0,14
"2.5%513","Montgomery","Residential Vacant","Countywide",0.188,0.24,0.460749999999999,124.1,111.99,3.85,0,35
"2.5%514","Montgomery","Residential Improved","Countywide",0.93,0.96,0.98,14.85,18.87,1.02,0,320
"2.5%515","Montgomery","Residential Improved","Brown",0.95,1,1.07,15.59,19.47,1.02,0,44
"2.5%516","Montgomery","Residential Improved","Madison",0.9,0.97,0.99,12.51,16.66,1.01,0,42
"2.5%517","Montgomery","Residential Improved","Union",0.92,0.95,0.98,15.14,19.08,1.01,0,234
"1146","Morgan","Industrial Vacant","Countywide",NA,NA,NA,NA,NA,NA,NA,0
"1147","Morgan","Industrial Improved","Countywide",NA,NA,NA,NA,NA,NA,NA,0
"df_sp249","Morgan","Commercial Vacant","Countywide",0.71,1,1.02,16.06,22.95,0.98,0,14
"2.5%518","Morgan","Commercial Improved","Countywide",0.93,0.98,1.15,124.98,116.91,1.17,0,25
"2.5%519","Morgan","Residential Vacant","Countywide",0.94,0.97,1,10.98,17.31,1.01,0,198
"2.5%520","Morgan","Residential Vacant","Adams",1,1,1,8.13,12.88,1.02,0,76
"2.5%521","Morgan","Residential Vacant","Ray",0.91,0.95,0.98,14.8,25.93,1,0,54
"2.5%522","Morgan","Residential Vacant","Brown",0.89,0.94,0.97,9.63,13.31,1.03,0,33
"2.5%523","Morgan","Residential Vacant","Jackson",0.91,0.97,1.02,10.18,12.93,0.99,0,34
"2.5%524","Morgan","Residential Improved","Countywide",0.92,0.93,0.94,33.41,90.8,1.19,0,1324
"2.5%525","Morgan","Residential Improved","Adams",0.87,0.92,1.05,46.87,116.32,1.26,0,21
"2.5%526","Morgan","Residential Improved","Baker",0.83,0.91,0.99025,17.31,31.07,1,0,24
"2.5%527","Morgan","Residential Improved","Brown",0.9,0.92,0.93,19.71,80.45,1.09,0,230
"2.5%528","Morgan","Residential Improved","Clay",0.9,0.93,0.98,9.68,12.07,1,0,47
"2.5%529","Morgan","Residential Improved","Green",0.89,0.91,0.94,6.99,9.73,1,0,34
"2.5%530","Morgan","Residential Improved","Gregg",0.87,0.92,0.96,13.88,28.25,1.02,0,42
"df_sp250","Morgan","Residential Improved","Harrison",0.9,0.93,1.05,16.94,25.58,1.02,0,17
"2.5%531","Morgan","Residential Improved","Jackson",0.83,0.91,0.94,16.02,27.62,1.04,0,45
"2.5%532","Morgan","Residential Improved","Jefferson",0.85,0.91,0.96,13.73,18.2,1.01,0,31
"2.5%533","Morgan","Residential Improved","Madison",0.91,0.93,0.95,56.26,111.67,1.37,0,356
"2.5%534","Morgan","Residential Improved","Monroe",0.93,0.94,0.96,52.7,80.56,1.37,0,187
"2.5%535","Morgan","Residential Improved","Washington",0.93,0.94,0.96,19.03,62.85,1.04,0,290
"1148","Newton","Industrial Vacant","Countywide",NA,NA,NA,NA,NA,NA,NA,0
"1149","Newton","Industrial Improved","Countywide",NA,NA,NA,NA,NA,NA,NA,0
"1150","Newton","Commercial Vacant","Countywide",NA,NA,NA,NA,NA,NA,NA,0
"2.5%536","Newton","Commercial Improved","Countywide",0.84,0.91,1,33.49,87.67,1.18,0,29
"2.5%537","Newton","Residential Vacant","Countywide",0.81,0.91,0.98,32.48,44.89,1.35,0,63
"2.5%538","Newton","Residential Improved","Countywide",0.94,0.96,0.98,47.59,124.1,1.29,0,710
"2.5%539","Newton","Residential Improved","Beaver",0.89,0.93,0.98,35.48,108.19,1.18,0,87
"2.5%540","Newton","Residential Improved","Grant",0.88,0.96,1,19.13,29.66,1.07,0,50
"2.5%541","Newton","Residential Improved","Iroquois",0.88,0.94,1,17.95,26.58,1.03,0,57
"2.5%542","Newton","Residential Improved","Jefferson",0.93,0.94,0.99,60.88,141.36,1.4,0,137
"2.5%543","Newton","Residential Improved","Lake",0.94,0.98,1.02,76.98,130.87,1.51,0,130
"2.5%544","Newton","Residential Improved","Lincoln",0.95,0.97,0.99,41.19,117.28,1.27,0,243
"1151","Noble","Industrial Vacant","Countywide",NA,NA,NA,NA,NA,NA,NA,0
"1152","Noble","Industrial Improved","Countywide",NA,NA,NA,NA,NA,NA,NA,0
"df_sp251","Noble","Commercial Vacant","Countywide",0.06,0.08,0.93,375.58,112.45,1.51,0,5
"2.5%545","Noble","Commercial Improved","Countywide",0.81,0.94,1,25.67,42.38,1.45,0,34
"2.5%546","Noble","Residential Vacant","Countywide",0.86,0.92,1,33.53,51.5,1.32,0,52
"2.5%547","Noble","Residential Improved","Countywide",0.94,0.95,0.96,12.92,28.21,1.02,0,1117
"2.5%548","Noble","Residential Improved","Albion",0.88,0.94,1.01,16.16,22.47,1,0,47
"2.5%549","Noble","Residential Improved","Allen",0.93,0.95,0.98,11.12,18.76,1.02,0,206
"2.5%550","Noble","Residential Improved","Elkhart",0.85975,0.98,1.01,16.55,24.69,1,0,35
"2.5%551","Noble","Residential Improved","Green",0.91,0.95,1.01,11.08,14.95,1.03,0,21
"2.5%552","Noble","Residential Improved","Jefferson",0.85975,0.96,0.99,15.42,28.36,1,0,24
"2.5%553","Noble","Residential Improved","Noble",0.89,0.95,0.99,16.32,22.43,1.01,0,88
"2.5%554","Noble","Residential Improved","Orange",0.91,0.94,0.96,11.38,16.55,0.99,0,121
"2.5%555","Noble","Residential Improved","Perry",0.93,0.96,1,15.72,50,1.05,0,102
"2.5%556","Noble","Residential Improved","Sparta",0.92,0.96,1.03,16.32,25.92,1,0,35
"2.5%557","Noble","Residential Improved","Swan",0.88,0.94,0.99,12.92,19.42,0.99,0,37
"2.5%558","Noble","Residential Improved","Washington",0.89975,0.92,1,11.96,15,1.03,0,37
"2.5%559","Noble","Residential Improved","Wayne",0.94,0.95,0.97,11.55,31.31,1.02,0,335
"2.5%560","Noble","Residential Improved","York",0.87,0.92,0.97,13.68,20.71,1,0,29
"1153","Ohio","Industrial Vacant","Countywide",NA,NA,NA,NA,NA,NA,NA,0
"1154","Ohio","Industrial Improved","Countywide",NA,NA,NA,NA,NA,NA,NA,0
"1155","Ohio","Commercial Vacant","Countywide",NA,NA,NA,NA,NA,NA,NA,0
"df_sp252","Ohio","Commercial Improved","Countywide",0.86,0.99,1.12,21.06,25.76,1.04,0,17
"2.5%561","Ohio","Residential Vacant","Countywide",0.78,0.9,0.96,18.1,22.3,0.99,0,24
"2.5%562","Ohio","Residential Improved","Countywide",0.89,0.93,0.95,15.81,20.19,1.04,0,206
"2.5%563","Ohio","Residential Improved","Cass",0.83,0.88,0.96,19.71,29.12,1.12,0,34
"2.5%564","Ohio","Residential Improved","Randolph",0.89,0.93,0.96,15.06,18.13,1.02,0,172
"1156","Orange","Industrial Vacant","Countywide",NA,NA,NA,NA,NA,NA,NA,0
"1157","Orange","Industrial Improved","Countywide",NA,NA,NA,NA,NA,NA,NA,0
"1158","Orange","Commercial Vacant","Countywide",NA,NA,NA,NA,NA,NA,NA,0
"2.5%565","Orange","Commercial Improved","Countywide",0.92,0.96,1.05,21.65,36,1.22,0,35
"df_sp253","Orange","Commercial Improved","Orleans",0.93,1.04,1.12,7.05,8.85,1.02,0,6
"df_sp254","Orange","Commercial Improved","Paoli",0.31,0.92,0.94,30.97,51.9,1.93,0,17
"df_sp255","Orange","Commercial Improved","French Lick",0.96,1.06,1.1,9.86,14.6,0.99,0,12
"2.5%566","Orange","Residential Vacant","Countywide",0.67,0.9,0.92,34.32,55.97,1.55,0,31
"2.5%567","Orange","Residential Vacant","French Lick",0.83,0.9,0.99,34.99,60.31,2,0,21
"df_sp256","Orange","Residential Vacant","Southeast",0.4,0.68,0.97,34.17,44.34,1.12,0,10
"2.5%568","Orange","Residential Improved","Countywide",0.93,0.97,0.99,22.33,32.85,1.06,0,340
"2.5%569","Orange","Residential Improved","French Lick",0.97,1.02,1.06,24.24,34.57,1.04,0,88
"df_sp257","Orange","Residential Improved","Greenfield",0.87,0.97,1.08,11.81,14.33,1.01,0,12
"df_sp258","Orange","Residential Improved","Jackson",0.88,0.94,1.02,12.66,17.54,1.01,0,15
"2.5%570","Orange","Residential Improved","Orleans",0.93,1,1.06,20.7,29.23,1.06,0,59
"2.5%571","Orange","Residential Improved","Paoli",0.9,0.93,0.96,20.75,32.11,1.06,0,113
"2.5%572","Orange","Residential Improved","Stampers Creek",0.85,0.93,1,25.85,35.39,1.07,0,43
"1159","Owen","Industrial Vacant","Countywide",NA,NA,NA,NA,NA,NA,NA,0
"1160","Owen","Industrial Improved","Countywide",NA,NA,NA,NA,NA,NA,NA,0
"1161","Owen","Commercial Vacant","Countywide",NA,NA,NA,NA,NA,NA,NA,0
"df_sp259","Owen","Commercial Improved","Countywide",0.85,0.95,1.04,9.51,13.01,1,0,7
"2.5%573","Owen","Residential Vacant","Countywide",0.7,0.81,0.91,29.38,38.08,1.07,0,32
"2.5%574","Owen","Residential Improved","Countywide",0.89,0.91,0.92,13.69,17.4,1.02,0,211
"df_sp260","Owen","Residential Improved","Clay",0.78,0.9,0.94,12.54,15.76,1.02,0,19
"df_sp261","Owen","Residential Improved","Franklin",0.74,0.93,1.04,11.86,15.03,1.01,0,8
"df_sp262","Owen","Residential Improved","Harrison",0.75,0.9,1.1,13.97,17.17,1.02,0,5
"2.5%575","Owen","Residential Improved","Jackson",0.86,0.91,0.95,13.3,18.08,1.03,0,29
"df_sp263","Owen","Residential Improved","Jefferson",0.88,0.91,0.92,6.18,9.04,1.02,0,9
"df_sp264","Owen","Residential Improved","Jennings",0.65,0.89,1.02,15.62,19.98,0.99,0,8
"df_sp265","Owen","Residential Improved","Lafayette",0.8,0.91,0.95,13.17,18,1,0,19
"df_sp266","Owen","Residential Improved","Montgomery",0.79,0.93,0.96,12.67,17.87,1.03,0,12
"df_sp267","Owen","Residential Improved","Morgan",0.68,0.9,1.01,14.96,21.27,1,0,7
"df_sp268","Owen","Residential Improved","Taylor",0.68,0.92,1.01,13.3,17.49,0.98,0,8
"2.5%576","Owen","Residential Improved","Washington",0.82,0.9,0.93025,14.95,18,1.02,0,62
"2.5%577","Owen","Residential Improved","Wayne",0.8,0.91,0.94,14.99,19.55,1.01,0,25
"1162","Parke","Industrial Vacant","Countywide",NA,NA,NA,NA,NA,NA,NA,0
"1163","Parke","Industrial Improved","Countywide",NA,NA,NA,NA,NA,NA,NA,0
"1164","Parke","Commercial Vacant","Countywide",NA,NA,NA,NA,NA,NA,NA,0
"df_sp269","Parke","Commercial Improved","Countywide",0.71,0.92,1.04,18.04,23.78,1,0,8
"2.5%578","Parke","Residential Vacant","Countywide",0.66,0.78,0.9,25.99,31.23,0.95,0,43
"2.5%579","Parke","Residential Vacant","Union",0.56,0.81,0.91,28.92,37.41,0.91,0,20
"2.5%580","Parke","Residential Vacant","Adams",0.66,0.76,0.97,23.27,26.25,0.99,0,22
"2.5%581","Parke","Residential Improved","Countywide",0.89,0.91,0.94,14.18,17.93,1.01,0,173
"2.5%582","Parke","Residential Improved","Adams",0.86,0.93,0.96,14.1,18,1.01,0,85
"2.5%583","Parke","Residential Improved","Florida",0.81,0.91,0.97,14.67,18.87,1,0,24
"df_sp270","Parke","Residential Improved","Reserve",0.81,1.11,1.15,10.14,15.29,0.99,0,7
"2.5%584","Parke","Residential Improved","Union",0.78,0.91,0.95,13.19,17.01,1,0,35
"2.5%585","Parke","Residential Improved","Greene",0.77,0.87,0.92,12.7,16.58,1,0,22
"1165","Perry","Industrial Vacant","Countywide",NA,NA,NA,NA,NA,NA,NA,0
"1166","Perry","Industrial Improved","Countywide",NA,NA,NA,NA,NA,NA,NA,0
"1167","Perry","Commercial Vacant","Countywide",NA,NA,NA,NA,NA,NA,NA,0
"df_sp271","Perry","Commercial Improved","Countywide",0.67,0.9,0.94,12.39,17.28,0.99,0,7
"df_sp272","Perry","Residential Vacant","Countywide",0.42,0.91,1.07,15.9,29.52,1.01,0,5
"2.5%586","Perry","Residential Improved","Countywide",0.89,0.91,0.94,11.47,14.87,1.03,0,126
"2.5%587","Perry","Residential Improved","Anderson",0.74,0.91,0.97,17.05,23.94,1.07,0,21
"2.5%588","Perry","Residential Improved","Troy",0.89,0.9,0.95,10.34,12.42,1.03,0,105
"1168","Pike","Industrial Vacant","Countywide",NA,NA,NA,NA,NA,NA,NA,0
"1169","Pike","Industrial Improved","Countywide",NA,NA,NA,NA,NA,NA,NA,0
"1170","Pike","Commercial Vacant","Countywide",NA,NA,NA,NA,NA,NA,NA,0
"df_sp273","Pike","Commercial Improved","Countywide",0.91,0.95,0.99,4.32,5.8,1,0,9
"df_sp274","Pike","Residential Vacant","Countywide",0.06,0.3,0.93,130.92,98.31,1.75,0,18
"2.5%589","Pike","Residential Improved","Countywide",0.94,0.96,0.98,15.5,25.34,1.05,0,170
"df_sp275","Pike","Residential Improved","Clay",0.98,1,1.05,10.92,19.99,1.04,0,17
"2.5%590","Pike","Residential Improved","Jefferson",0.89,0.92,0.96,8.02,10.46,1,0,37
"2.5%591","Pike","Residential Improved","Patoka",0.9,0.92,0.96,11.54,23.82,1.03,0,22
"2.5%592","Pike","Residential Improved","Washington",0.95,0.98,1.01,19.14,29.26,1.06,0,93
"1171","Porter","Industrial Vacant","Countywide",NA,NA,NA,NA,NA,NA,NA,0
"1172","Porter","Industrial Improved","Countywide",NA,NA,NA,NA,NA,NA,NA,0
"1173","Porter","Commercial Vacant","Countywide",NA,NA,NA,NA,NA,NA,NA,0
"2.5%593","Porter","Commercial Improved","Countywide",0.84,0.91,0.96,15.88,23.42,1.02,0,35
"df_sp276","Porter","Commercial Improved","Center",0.74,0.91,0.96,17.59,27.32,0.95,0,9
"df_sp277","Porter","Commercial Improved","Portage",0.81,0.96,1.06,14.57,20.45,1.04,0,13
"df_sp278","Porter","Commercial Improved","Boone",0.89,0.92,0.95,13.29,21.68,1.01,0,12
"2.5%594","Porter","Residential Vacant","Countywide",0.75,0.85,0.91,26.6,35.55,1.08,0,115
"2.5%595","Porter","Residential Vacant","Boone",0.68,0.91,1,23.18,32.82,1.06,0,35
"2.5%596","Porter","Residential Vacant","Center",0.80975,0.87,0.99,20.6,28.3,0.99,0,39
"2.5%597","Porter","Residential Vacant","Liberty",0.56,0.58,0.78,35.84,43.64,1.15,0,33
"df_sp279","Porter","Residential Vacant","Portage",0.86,0.96,1.21,16.87,21.75,1,0,7
"2.5%598","Porter","Residential Improved","Countywide",0.94,0.95,0.96,14.36,20.13,1.02,0,2255
"2.5%599","Porter","Residential Improved","Boone",0.9,0.96,1,18.5,26,1.03,0,74
"2.5%600","Porter","Residential Improved","Center",0.93,0.95,0.96,13.2,17.44,1.01,0,685
"2.5%601","Porter","Residential Improved","Jackson",0.88,0.94,0.99,16.99,23.78,1,0,62
"2.5%602","Porter","Residential Improved","Liberty",0.95,0.96,0.98,12.05,17.97,1.01,0,118
"2.5%603","Porter","Residential Improved","Morgan",0.9,0.95,1,14.52,24.36,1.01,0,45
"2.5%604","Porter","Residential Improved","Pine",0.81,0.96,1.06,20,27.71,1.04,0,27
"2.5%605","Porter","Residential Improved","Pleasant",0.88975,0.95,0.98,12.77,16.93,1.01,0,62
"2.5%606","Porter","Residential Improved","Portage",0.94,0.95,0.96,15.32,21.78,1.03,0,623
"2.5%607","Porter","Residential Improved","Porter",0.91,0.95,0.98,13.7,20.13,1.03,0,116
"2.5%608","Porter","Residential Improved","Union",0.92,0.95,0.96,14.27,18.38,1.01,0,128
"2.5%609","Porter","Residential Improved","Washington",0.88,0.95,0.97,11.68,15.37,1,0,49
"2.5%610","Porter","Residential Improved","Westchester",0.92,0.95,0.97,14.52,19.7,1.02,0,263
"1174","Posey","Industrial Vacant","Countywide",NA,NA,NA,NA,NA,NA,NA,0
"1175","Posey","Industrial Improved","Countywide",NA,NA,NA,NA,NA,NA,NA,0
"1176","Posey","Commercial Vacant","Countywide",NA,NA,NA,NA,NA,NA,NA,0
"df_sp280","Posey","Commercial Improved","Countywide",0.88,0.93,1.01,11.16,15.07,1.01,0,19
"df_sp281","Posey","Commercial Improved","Black",0.82,0.92,1.01,10.16,13.9,0.98,0,11
"df_sp282","Posey","Commercial Improved","Bethel",0.88,0.96,1.2,11.91,16.12,1.03,0,8
"2.5%611","Posey","Residential Vacant","Countywide",0.75,0.86,0.96,26.75,40.09,0.98,0,37
"df_sp283","Posey","Residential Vacant","Bethel",0.66,0.79,0.9,23.78,36.82,0.96,0,9
"2.5%612","Posey","Residential Vacant","Black",0.76,0.88,0.98,26.86,40.99,1,0,28
"2.5%613","Posey","Residential Improved","Countywide",0.91,0.92,0.93,12.04,16.18,1.01,0,336
"df_sp284","Posey","Residential Improved","Bethel",0.82,0.94,1.01,12.57,16.43,0.99,0,16
"2.5%614","Posey","Residential Improved","Black",0.9,0.92,0.92,13.24,18.29,1.01,0,149
"2.5%615","Posey","Residential Improved","Center",0.91,0.93,0.99,11.77,16.59,1,0,21
"2.5%616","Posey","Residential Improved","Harmony",0.89,0.9,0.97,10.77,15.08,1.01,0,23
"df_sp285","Posey","Residential Improved","Lynn",0.81,0.92,0.96,7.4,11.05,1.02,0,8
"2.5%617","Posey","Residential Improved","Marrs",0.91,0.94,1,9.24,10.84,1.01,0,55
"2.5%618","Posey","Residential Improved","Robb",0.86,0.93,0.96,12.16,16.93,1.01,0,21
"2.5%619","Posey","Residential Improved","Robinson",0.89,0.94,0.98,11.92,15,1.01,0,43
"1177","Pulaski","Industrial Vacant","Countywide",NA,NA,NA,NA,NA,NA,NA,0
"1178","Pulaski","Industrial Improved","Countywide",NA,NA,NA,NA,NA,NA,NA,0
"1179","Pulaski","Commercial Vacant","Countywide",NA,NA,NA,NA,NA,NA,NA,0
"df_sp286","Pulaski","Commercial Improved","Countywide",0.81,0.97,1.01,17.92,29.54,1.01,0,18
"2.5%620","Pulaski","Residential Vacant","Countywide",0.7,0.92,0.97,33.54,53.75,1.15,0,38
"df_sp287","Pulaski","Residential Vacant","Franklin",0.19,0.71,0.97,56.8,70.75,0.83,0,12
"df_sp288","Pulaski","Residential Vacant","Rich Grove",0.7,0.74,1.12,18.59,22.39,0.95,0,5
"df_sp289","Pulaski","Residential Vacant","Harrison",0.41,0.9,0.97,39.78,65.89,2.32,0,12
"df_sp290","Pulaski","Residential Vacant","Van Buren",0.97,0.97,1.01,15.14,34.12,1.09,0,9
"2.5%621","Pulaski","Residential Improved","Countywide",0.93,0.95,0.96,13.04,22.25,1.04,0,328
"df_sp291","Pulaski","Residential Improved","Cass",0.79,0.85,0.94,21.73,35.92,1.08,0,17
"df_sp292","Pulaski","Residential Improved","Jefferson",0.9,0.94,0.99,14.61,24.2,1.06,0,17
"df_sp293","Pulaski","Residential Improved","Harrison",0.83,0.94,0.99,16.68,28.46,1,0,9
"2.5%622","Pulaski","Residential Improved","Indian Creek",0.92,0.95,1.06,11.1,14.12,1.03,0,22
"2.5%623","Pulaski","Residential Improved","Monroe",0.93,0.95,0.97,10.55,17.56,1.02,0,143
"2.5%624","Pulaski","Residential Improved","Salem",0.89,0.93,0.97,11.75,21.61,1.03,0,51
"df_sp294","Pulaski","Residential Improved","Tippecanoe",0.87,0.9,0.95,15.11,23.97,1.04,0,17
"2.5%625","Pulaski","Residential Improved","Van Buren",0.95,0.97,1.03,16.07,29.49,1.08,0,27
"2.5%626","Pulaski","Residential Improved","White Post",0.9,0.99,1.06,17.09,24.2,1.1,0,25
"1180","Putnam","Industrial Vacant","Countywide",NA,NA,NA,NA,NA,NA,NA,0
"1181","Putnam","Industrial Improved","Countywide",NA,NA,NA,NA,NA,NA,NA,0
"1182","Putnam","Commercial Vacant","Countywide",NA,NA,NA,NA,NA,NA,NA,0
"df_sp295","Putnam","Commercial Improved","Countywide",0.88,0.92,0.94,18.69,37.04,1.3,0,17
"df_sp296","Putnam","Commercial Improved","Cloverdale",0.88,0.92,0.95,14.67,33.15,1.12,0,10
"df_sp297","Putnam","Commercial Improved","Greencastle",0.08,0.92,1.18,26.13,52.94,1.47,0,5
"2.5%627","Putnam","Residential Vacant","Countywide",0.76,0.82,0.9,27.5,39.9,1.32,0,51
"2.5%628","Putnam","Residential Vacant","Floyd",0.77,0.84,0.92,18.66,26.28,1.16,0,37
"df_sp298","Putnam","Residential Vacant","Clinton",0.2,0.72,1.08,56.07,70.92,1.77,0,14
"2.5%629","Putnam","Residential Improved","Countywide",0.88,0.9,0.91,10.89,17.83,1.04,0,338
"2.5%630","Putnam","Residential Improved","Clinton",0.84,0.9,0.96,15.05,24.97,1.07,0,25
"2.5%631","Putnam","Residential Improved","Cloverdale",0.85,0.91,0.96,12.09,18.07,1.06,0,49
"df_sp299","Putnam","Residential Improved","Floyd",0.81,0.88,0.95,9.07,11.59,1.02,0,18
"2.5%632","Putnam","Residential Improved","Franklin",0.83,0.9,0.92,11.36,17.39,1.01,0,29
"2.5%633","Putnam","Residential Improved","Greencastle",0.86,0.9,0.91,10.87,18.66,1.05,0,148
"df_sp300","Putnam","Residential Improved","Jackson",0.8,0.86,0.95,12.98,17.23,1.04,0,10
"df_sp301","Putnam","Residential Improved","Marion",0.83,0.9,0.91,7.2,9.53,1.02,0,15
"df_sp302","Putnam","Residential Improved","Monroe",0.82,0.88,0.93,9.71,13.44,0.99,0,14
"df_sp303","Putnam","Residential Improved","Russell",0.83,0.9,1.06,9.97,13.66,1,0,7
"df_sp304","Putnam","Residential Improved","Warren",0.81,0.92,1.01,9.23,10.99,1.05,0,7
"df_sp305","Putnam","Residential Improved","Washington",0.84,0.9,0.93,6.21,7.68,1.02,0,16
"1183","Randolph","Industrial Vacant","Countywide",NA,NA,NA,NA,NA,NA,NA,0
"1184","Randolph","Industrial Improved","Countywide",NA,NA,NA,NA,NA,NA,NA,0
"1185","Randolph","Commercial Vacant","Countywide",NA,NA,NA,NA,NA,NA,NA,0
"1186","Randolph","Commercial Improved","Countywide",NA,NA,NA,NA,NA,NA,NA,0
"df_sp306","Randolph","Residential Vacant","Countywide",0.11,0.27,0.64,81.13,81.14,1.9,0,11
"2.5%634","Randolph","Residential Improved","Countywide",0.95,0.97,0.99,11.79,15.04,1.03,0,269
"df_sp307","Randolph","Residential Improved","Franklin",0.86,1,1.11,11.85,17.67,1.02,0,7
"df_sp308","Randolph","Residential Improved","Green",0.71,1.03,1.05,8.25,15.12,1,0,5
"df_sp309","Randolph","Residential Improved","Greensfork",0.83,0.97,1.2,18.11,23.16,1.05,0,12
"2.5%635","Randolph","Residential Improved","Monroe",0.91,0.95,1.01,12.61,16.96,1.04,0,56
"df_sp310","Randolph","Residential Improved","Stoney Creek",0.85,0.93,1.1,12.46,14.11,1.06,0,6
"df_sp311","Randolph","Residential Improved","Union",0.81,0.96,1.03,12.99,16.44,1,0,12
"2.5%636","Randolph","Residential Improved","Washington",0.8895,0.95,1.05,9.62,10.83,1.03,0,21
"2.5%637","Randolph","Residential Improved","Wayne",0.91,0.98,1.01,11.03,13.88,1.03,0,36
"2.5%638","Randolph","Residential Improved","White River",0.93,0.96,0.99,11.3,14.18,1.02,0,114
"1187","Ripley","Industrial Vacant","Countywide",NA,NA,NA,NA,NA,NA,NA,0
"1188","Ripley","Industrial Improved","Countywide",NA,NA,NA,NA,NA,NA,NA,0
"1189","Ripley","Commercial Vacant","Countywide",NA,NA,NA,NA,NA,NA,NA,0
"2.5%639","Ripley","Commercial Improved","Countywide",0.58,0.77,1.02,40.33,50.64,1.09,0,23
"2.5%640","Ripley","Residential Vacant","Countywide",0.38,0.46,0.67,64.63,66.75,1.54,0,46
"2.5%641","Ripley","Residential Improved","Countywide",0.85,0.88,0.91,20.77,29.39,1.05,0,178
"2.5%642","Ripley","Residential Improved","Brown",0.76,0.83,0.93,25.7,34.84,1.12,0,44
"2.5%643","Ripley","Residential Improved","Center",0.81,0.93,0.99,26.85,34.06,1.19,0,43
"2.5%644","Ripley","Residential Improved","Adams",0.86,0.89,0.93,13.62,22.61,0.98,0,30
"df_sp312","Ripley","Residential Improved","Johnson",0.71,0.85,0.89,17.14,23.92,1.01,0,19
"2.5%645","Ripley","Residential Improved","Laughery",0.85,0.91,0.93025,13.84,21.68,1.01,0,42
"1190","Rush","Industrial Vacant","Countywide",NA,NA,NA,NA,NA,NA,NA,0
"1191","Rush","Industrial Improved","Countywide",NA,NA,NA,NA,NA,NA,NA,0
"1192","Rush","Commercial Vacant","Countywide",NA,NA,NA,NA,NA,NA,NA,0
"1193","Rush","Commercial Improved","Countywide",NA,NA,NA,NA,NA,NA,NA,0
"1194","Rush","Residential Vacant","Countywide",NA,NA,NA,NA,NA,NA,NA,0
"2.5%646","Rush","Residential Improved","Countywide",0.96,0.98,0.99,10.39,17,1.01,0,150
"2.5%647","Rush","Residential Improved","Rushville",0.96,0.99,1,9.05,15.98,1.01,0,78
"2.5%648","Rush","Residential Improved","Anderson",0.94,0.96,0.99025,11.81,18.15,1.01,0,72
"1195","Scott","Industrial Vacant","Countywide",NA,NA,NA,NA,NA,NA,NA,0
"1196","Scott","Industrial Improved","Countywide",NA,NA,NA,NA,NA,NA,NA,0
"df_sp313","Scott","Commercial Vacant","Countywide",1.02,1.02,1.14,2.51,5.1,1,0,5
"df_sp314","Scott","Commercial Improved","Countywide",0.73,0.92,1.04,16.93,20.62,1.03,0,10
"2.5%649","Scott","Residential Vacant","Countywide",0.55,0.68,0.76,38.13,51.27,1.07,0,76
"2.5%650","Scott","Residential Improved","Countywide",0.88,0.9,0.91,11.92,16.49,1.02,0,316
"df_sp315","Scott","Residential Improved","Finley",0.78,0.89,1.03,14.37,17.07,1.02,0,14
"2.5%651","Scott","Residential Improved","Jennings",0.85,0.92,0.97,15.6,22.71,1.07,0,50
"2.5%652","Scott","Residential Improved","Johnson",0.74975,0.8,0.92,19.92,26.35,1.07,0,26
"2.5%653","Scott","Residential Improved","Lexington",0.84,0.89,0.93,11.94,15.86,1.02,0,48
"2.5%654","Scott","Residential Improved","Vienna",0.88,0.91,0.92,9.59,12.53,1.01,0,178
"1197","Shelby","Industrial Vacant","Countywide",NA,NA,NA,NA,NA,NA,NA,0
"1198","Shelby","Industrial Improved","Countywide",NA,NA,NA,NA,NA,NA,NA,0
"1199","Shelby","Commercial Vacant","Countywide",NA,NA,NA,NA,NA,NA,NA,0
"df_sp316","Shelby","Commercial Improved","Countywide",0.23,0.93,1.06,21.1,41.05,0.98,0,5
"2.5%655","Shelby","Residential Vacant","Countywide",0.01,0.01,0.2,2002.1,158.68,2.04,0,33
"2.5%656","Shelby","Residential Improved","Countywide",0.92,0.95,0.96,13.9,21.6,1.1,0,380
"2.5%657","Shelby","Residential Improved","Hanover",0.93,0.98,1.02,12.26,15.77,1.02,0,27
"2.5%658","Shelby","Residential Improved","Jackson",0.92,0.96,1.04,13.45,18.49,1.04,0,26
"2.5%659","Shelby","Residential Improved","Moral",0.9,0.96,0.99,9.32,12.79,1.01,0,38
"df_sp317","Shelby","Residential Improved","Noble",0.83,1.01,1.07,9.86,12.71,1,0,13
"2.5%660","Shelby","Residential Improved","Addison",0.9,0.92,0.95,15.13,24.58,1.19,0,220
"df_sp318","Shelby","Residential Improved","Marion",0.86,0.95,1.01,10.62,13.69,0.99,0,14
"df_sp319","Shelby","Residential Improved","Brandywine",0.8,0.95,1.05,14.58,17.2,1.03,0,15
"df_sp320","Shelby","Residential Improved","Shelby",0.88,0.95,1,12.08,15.71,1.01,0,18
"1200","Spencer","Industrial Vacant","Countywide",NA,NA,NA,NA,NA,NA,NA,0
"1201","Spencer","Industrial Improved","Countywide",NA,NA,NA,NA,NA,NA,NA,0
"1202","Spencer","Commercial Vacant","Countywide",NA,NA,NA,NA,NA,NA,NA,0
"1203","Spencer","Commercial Improved","Countywide",NA,NA,NA,NA,NA,NA,NA,0
"df_sp321","Spencer","Residential Vacant","Countywide",0.16,0.34,0.95,108.52,83.11,1.08,0,9
"df_sp322","Spencer","Residential Vacant","Carter",0.16,0.27,0.79,111.96,93.68,1.04,0,6
"1204","Spencer","Residential Vacant","Clay",NA,NA,NA,NA,NA,NA,NA,3
"2.5%661","Spencer","Residential Improved","Countywide",0.9,0.91,0.92,14.04,28.95,1.07,0,154
"2.5%662","Spencer","Residential Improved","Carter",0.87,0.91,0.99,14.08,24.78,1.07,0,27
"2.5%663","Spencer","Residential Improved","Clay",0.87,0.91,0.93,9.4,19.24,1.02,0,43
"df_sp323","Spencer","Residential Improved","Grass",0.82,0.88,0.98,10.9,15.23,1,0,11
"df_sp324","Spencer","Residential Improved","Hammond",0.93,0.95,1.01,12.92,22.8,1.09,0,9
"df_sp325","Spencer","Residential Improved","Harrison",0.88,0.9,0.95,19.36,33.79,1.09,0,11
"df_sp326","Spencer","Residential Improved","Luce",0.87,0.91,0.99,23.88,44.41,1.14,0,18
"2.5%664","Spencer","Residential Improved","Ohio",0.88,0.9,0.91,13.68,31.34,1.07,0,35
"1205","St. Joseph","Industrial Vacant","Countywide",NA,NA,NA,NA,NA,NA,NA,0
"1206","St. Joseph","Industrial Improved","Countywide",NA,NA,NA,NA,NA,NA,NA,0
"df_sp327","St. Joseph","Commercial Vacant","Countywide",0.04,0.36,1.13,81.35,107.18,0.99,0,5
"2.5%665","St. Joseph","Commercial Improved","Countywide",0.8695,0.99,1.05,21.41,28.58,1,0,37
"2.5%666","St. Joseph","Residential Vacant","Countywide",0.03,0.11,0.19,332.71,146.96,1.4,0,120
"2.5%667","St. Joseph","Residential Improved","Countywide",0.92,0.93,0.93,20.16,36.41,1.08,0,3473
"2.5%668","St. Joseph","Residential Improved","Centre",0.89,0.91,0.92,17.27,32.69,1.05,0,271
"2.5%669","St. Joseph","Residential Improved","Clay",0.91,0.92,0.93,16.06,29.13,1.05,0,557
"2.5%670","St. Joseph","Residential Improved","German",0.88,0.9,0.9,11.52,18.9,1.02,0,167
"2.5%671","St. Joseph","Residential Improved","Greene",0.87,0.92,1.05,38.12,67.16,1.23,0,32
"2.5%672","St. Joseph","Residential Improved","Harris",0.9,0.91,0.93,11.8,17.83,1.02,0,318
"2.5%673","St. Joseph","Residential Improved","Liberty",0.86,0.9,1.04,24.98,35.24,1.1,0,45
"2.5%674","St. Joseph","Residential Improved","Lincoln",0.84,0.97,1.05,20.8,39.77,1.1,0,27
"df_sp328","St. Joseph","Residential Improved","Madison",0.83,0.9,0.98,11.89,18.83,1.02,0,11
"2.5%675","St. Joseph","Residential Improved","Olive",0.88,0.94,1,19.2,29.2,1.06,0,55
"2.5%676","St. Joseph","Residential Improved","Penn",0.89,0.9,0.91,12.46,17.99,1.01,0,433
"2.5%677","St. Joseph","Residential Improved","Portage",0.96,0.97,0.99,25.4,42.41,1.11,0,1393
"2.5%678","St. Joseph","Residential Improved","Union",0.91,0.94,1.04,24.96,38.38,1.08,0,47
"2.5%679","St. Joseph","Residential Improved","Warren",0.89,0.92,0.94,19.81,39.98,1.05,0,117
"1207","Starke","Industrial Vacant","Countywide",NA,NA,NA,NA,NA,NA,NA,0
"1208","Starke","Industrial Improved","Countywide",NA,NA,NA,NA,NA,NA,NA,0
"1209","Starke","Commercial Vacant","Countywide",NA,NA,NA,NA,NA,NA,NA,0
"2.5%680","Starke","Commercial Improved","Countywide",0.84,0.93,0.94,15.02,27.01,1.42,0,21
"2.5%681","Starke","Residential Vacant","Countywide",0.92,0.97,0.99,11.12,15.9,1.02,0,70
"1210","Starke","Residential Vacant","California",NA,NA,NA,NA,NA,NA,NA,4
"df_sp329","Starke","Residential Vacant","Center",0.94,1.01,1.04,9.05,13.07,1,0,16
"df_sp330","Starke","Residential Vacant","Davis",0.88,0.93,0.97,10.18,15.82,1,0,14
"2.5%682","Starke","Residential Vacant","North Bend",0.9,0.98,1,9.71,14.78,0.99,0,24
"df_sp331","Starke","Residential Vacant","Railroad",0.87,1.06,1.2,10.12,13.79,1.01,0,5
"df_sp332","Starke","Residential Vacant","Washington",0.8,0.91,1.01,18.4,28.05,1.07,0,7
"2.5%683","Starke","Residential Improved","Countywide",0.91,0.92,0.93,10.93,20.44,1.02,0,704
"2.5%684","Starke","Residential Improved","California",0.9,0.92,0.95,10.74,14.08,1,0,83
"2.5%685","Starke","Residential Improved","Center",0.91,0.93,0.94,9.25,12.7,1.01,0,193
"2.5%686","Starke","Residential Improved","Davis",0.87,0.91,0.96,17.34,46.2,1.07,0,38
"df_sp333","Starke","Residential Improved","Jackson",0.76,0.9,0.98,9.59,11.8,1.03,0,10
"2.5%687","Starke","Residential Improved","North Bend",0.88,0.91,0.93,12.9,25.04,1.04,0,57
"2.5%688","Starke","Residential Improved","Oregon",0.89,0.92,0.95,12.45,28.48,1.04,0,91
"2.5%689","Starke","Residential Improved","Railroad",0.9,0.93,0.96,8.46,13.23,1.01,0,21
"2.5%690","Starke","Residential Improved","Washington",0.87,0.9,0.97,11.32,14.48,1.02,0,56
"2.5%691","Starke","Residential Improved","Wayne",0.91,0.92,0.93,10.17,13.85,1.02,0,155
"1211","Steuben","Industrial Vacant","Countywide",NA,NA,NA,NA,NA,NA,NA,0
"1212","Steuben","Industrial Improved","Countywide",NA,NA,NA,NA,NA,NA,NA,0
"1213","Steuben","Commercial Vacant","Countywide",NA,NA,NA,NA,NA,NA,NA,0
"2.5%692","Steuben","Commercial Improved","Countywide",0.71,0.77,0.88,20.52,25.75,1.04,0,27
"df_sp334","Steuben","Commercial Improved","Pleasant",0.71,0.88,0.98,15.02,18.77,1.02,0,13
"df_sp335","Steuben","Commercial Improved","Clear Lake",0.5,0.76,0.83,21.16,29.82,1.05,0,14
"2.5%693","Steuben","Residential Vacant","Countywide",0.47,0.65,0.86,50.66,60.19,1.17,0,54
"df_sp336","Steuben","Residential Vacant","Pleasant",0.41,0.87,1.01,30.72,49.31,1.28,0,11
"2.5%694","Steuben","Residential Vacant","Clear Lake",0.44,0.61,0.84,52.46,61.59,1.14,0,42
"2.5%695","Steuben","Residential Improved","Countywide",0.92,0.95,0.96,14.95,21.6,1.01,0,442
"2.5%696","Steuben","Residential Improved","Clear Lake",0.9,0.97,1,16.85,25.25,1.01,0,69
"2.5%697","Steuben","Residential Improved","Jackson",0.86,0.92,0.99,16.53,22.16,1,0,36
"2.5%698","Steuben","Residential Improved","Jamestown",0.83,0.9,0.98,16.26,20.46,1.04,0,51
"2.5%699","Steuben","Residential Improved","Otsego",0.89,0.92,0.95,13.68,18.54,1.03,0,51
"2.5%700","Steuben","Residential Improved","Pleasant",0.93,0.95,0.98,13.49,20.57,1,0,193
"2.5%701","Steuben","Residential Improved","Salem",0.85,0.93,0.97,16.42,24.77,0.99,0,42
"1214","Sullivan","Industrial Vacant","Countywide",NA,NA,NA,NA,NA,NA,NA,0
"1215","Sullivan","Industrial Improved","Countywide",NA,NA,NA,NA,NA,NA,NA,0
"1216","Sullivan","Commercial Vacant","Countywide",NA,NA,NA,NA,NA,NA,NA,0
"df_sp337","Sullivan","Commercial Improved","Countywide",0.83,1.03,1.16,16.63,20.08,0.99,0,10
"1217","Sullivan","Residential Vacant","Countywide",NA,NA,NA,NA,NA,NA,NA,0
"2.5%702","Sullivan","Residential Improved","Countywide",0.88,0.92,0.97,13.72,16.12,1.02,0,168
"2.5%703","Sullivan","Residential Improved","Cass",0.87,0.97,1.01,12.68,15.57,1.02,0,52
"df_sp338","Sullivan","Residential Improved","Haddon",0.92,0.99,1.09,12.46,17.37,1.02,0,9
"2.5%704","Sullivan","Residential Improved","Hamilton",0.87,0.9,0.95,13.72,16.14,1.02,0,107
"1218","Switzerland","Industrial Vacant","Countywide",NA,NA,NA,NA,NA,NA,NA,0
"1219","Switzerland","Industrial Improved","Countywide",NA,NA,NA,NA,NA,NA,NA,0
"1220","Switzerland","Commercial Vacant","Countywide",NA,NA,NA,NA,NA,NA,NA,0
"df_sp339","Switzerland","Commercial Improved","Countywide",0.89,0.95,1.12,14.78,20.8,1.02,0,6
"1221","Switzerland","Residential Vacant","Countywide",NA,NA,NA,NA,NA,NA,NA,0
"2.5%705","Switzerland","Residential Improved","Countywide",0.88,0.92,0.96,11.2,13.39,1.03,0,84
"2.5%706","Switzerland","Residential Improved","Craig",0.86,0.92,0.95,11.56,14.56,1.02,0,35
"df_sp340","Switzerland","Residential Improved","Cotton",0.83,0.92,1.11,11.03,13.97,1.03,0,11
"2.5%707","Switzerland","Residential Improved","Jefferson",0.86,0.94,0.99,10.73,12.42,1.03,0,38
"1222","Tippecanoe","Industrial Vacant","Countywide",NA,NA,NA,NA,NA,NA,NA,0
"df_sp341","Tippecanoe","Industrial Improved","Countywide",0.55,0.98,1.33,36.58,54.43,2.45,0,10
"df_sp342","Tippecanoe","Commercial Vacant","Countywide",0.06,0.14,0.23,112.29,109.88,1.28,0,18
"2.5%708","Tippecanoe","Commercial Improved","Countywide",0.66,0.74,0.79,46.12,72.74,1.24,0,161
"2.5%709","Tippecanoe","Residential Vacant","Countywide",0.87,0.89,0.92,22.74,41.54,4.5,0,229
"2.5%710","Tippecanoe","Residential Vacant","Fairfield",0.82,0.86,0.89,30.39,52.89,1.26,0,55
"df_sp343","Tippecanoe","Residential Vacant","Perry",0.77,0.87,0.92,28.6,56.13,1.17,0,16
"df_sp344","Tippecanoe","Residential Vacant","Shelby",0.16,0.86,0.95,31.75,56.1,1.28,0,11
"2.5%711","Tippecanoe","Residential Vacant","Tippecanoe",0.94,0.94,0.94,10.91,18.43,1.05,0,63
"2.5%712","Tippecanoe","Residential Vacant","Union",0.89,0.94,0.96,4.6,5.8,1,0,26
"2.5%713","Tippecanoe","Residential Vacant","Wabash",0.80925,0.83,0.91,30.95,53.83,13.97,0,57
"2.5%714","Tippecanoe","Residential Improved","Countywide",0.88,0.89,0.89,18.33,35.33,1.06,0,3463
"2.5%715","Tippecanoe","Residential Improved","Fairfield",0.85,0.86,0.88,20.43,30.81,1.04,0,1097
"2.5%716","Tippecanoe","Residential Improved","Jackson",0.78,0.89,0.94,23.35,41.75,1.08,0,27
"2.5%717","Tippecanoe","Residential Improved","Lauramie",0.77,0.85,0.93,25.47,32.91,1.06,0,48
"2.5%718","Tippecanoe","Residential Improved","Perry",0.89,0.91,0.93,12.93,21.13,1.02,0,207
"2.5%719","Tippecanoe","Residential Improved","Sheffield",0.86,0.88,0.91,15.97,45.43,1.06,0,72
"2.5%720","Tippecanoe","Residential Improved","Shelby",0.8,0.85,0.94,20.95,32.75,1.09,0,41
"2.5%721","Tippecanoe","Residential Improved","Tippecanoe",0.88,0.89,0.91,15.16,37.44,1.03,0,290
"2.5%722","Tippecanoe","Residential Improved","Union",0.88,0.9,0.92025,14.7,25.34,0.97,0,44
"2.5%723","Tippecanoe","Residential Improved","Wabash",0.87,0.88,0.89,20.8,39.34,1.17,0,754
"2.5%724","Tippecanoe","Residential Improved","Wayne",0.72,0.86,0.96,29.96,39.53,1.09,0,21
"2.5%725","Tippecanoe","Residential Improved","Wea",0.89,0.9,0.91,14.37,36.96,1.03,0,811
"1223","Tipton","Industrial Vacant","Countywide",NA,NA,NA,NA,NA,NA,NA,0
"1224","Tipton","Industrial Improved","Countywide",NA,NA,NA,NA,NA,NA,NA,0
"1225","Tipton","Commercial Vacant","Countywide",NA,NA,NA,NA,NA,NA,NA,0
"df_sp345","Tipton","Commercial Improved","Countywide",0.82,0.88,1.03,20.07,27,1,0,10
"df_sp346","Tipton","Residential Vacant","Countywide",0.64,0.79,1.11,31.32,42.16,1.08,0,7
"2.5%726","Tipton","Residential Improved","Countywide",0.92,0.93,0.95,14.86,19.05,1.03,0,426
"2.5%727","Tipton","Residential Improved","Cicero",0.91,0.94,0.96,14.96,18.89,1.03,0,285
"2.5%728","Tipton","Residential Improved","Jefferson",0.88,0.94,1.01,15.71,22.88,1.05,0,22
"2.5%729","Tipton","Residential Improved","Liberty",0.86,0.93,0.96,13.1,17,1.02,0,57
"2.5%730","Tipton","Residential Improved","Madison",0.79,0.9,1.03,17.28,21.47,1.04,0,24
"2.5%731","Tipton","Residential Improved","Prairie",0.9,0.93,1.02,15.12,19.98,1.07,0,20
"df_sp347","Tipton","Residential Improved","Wildcat",0.89,0.94,1.1,13.7,17.84,1.01,0,18
"1226","Union","Industrial Vacant","Countywide",NA,NA,NA,NA,NA,NA,NA,0
"1227","Union","Industrial Improved","Countywide",NA,NA,NA,NA,NA,NA,NA,0
"1228","Union","Commercial Vacant","Countywide",NA,NA,NA,NA,NA,NA,NA,0
"df_sp348","Union","Commercial Improved","Countywide",0.49,0.73,0.79,29.79,47.37,1.13,0,6
"1229","Union","Residential Vacant","Countywide",NA,NA,NA,NA,NA,NA,NA,0
"2.5%732","Union","Residential Improved","Countywide",0.9,0.94,0.97,16.94,21.36,1.03,0,143
"2.5%733","Union","Residential Improved","Brownsville",0.86,0.95,0.99,15.48,20.05,1.01,0,37
"2.5%734","Union","Residential Improved","Harrison",0.84,0.96,1.05,19.26,25.42,1.04,0,29
"2.5%735","Union","Residential Improved","Center",0.87,0.93,0.98,16.69,20.59,1.04,0,77
"1230","Vanderburgh","Industrial Vacant","Countywide",NA,NA,NA,NA,NA,NA,NA,0
"1231","Vanderburgh","Industrial Improved","Countywide",NA,NA,NA,NA,NA,NA,NA,0
"2.5%736","Vanderburgh","Commercial Vacant","Countywide",0.16,0.33,0.560749999999999,76.23,80.84,0.85,0,20
"2.5%737","Vanderburgh","Commercial Improved","Countywide",0.84,0.91,0.96,17,20.14,1.01,0,80
"df_sp349","Vanderburgh","Commercial Improved","Center",0.75,0.91,1.04,16.52,19.93,1,0,16
"2.5%738","Vanderburgh","Commercial Improved","Knight",0.81,0.93,1.01,17.99,21.64,1.02,0,40
"2.5%739","Vanderburgh","Commercial Improved","Pigeon",0.8,0.9,1.01,15.25,18.53,1.01,0,23
"1232","Vanderburgh","Commercial Improved","Armstrong",NA,NA,NA,NA,NA,NA,NA,1
"2.5%740","Vanderburgh","Residential Vacant","Countywide",0.08975,0.15,0.3,185.76,113.91,1.19,0,106
"2.5%741","Vanderburgh","Residential Improved","Countywide",0.97,0.98,0.98,13.23,17.97,1.01,0,2594
"2.5%742","Vanderburgh","Residential Improved","Armstrong",0.84,0.9,1,14.61,18.46,1.03,0,28
"2.5%743","Vanderburgh","Residential Improved","Center",0.98,0.99,1,11.38,16.35,1.01,0,729
"2.5%744","Vanderburgh","Residential Improved","Perry",0.89,0.92,0.93,15.01,18.41,1.01,0,308
"2.5%745","Vanderburgh","Residential Improved","Knight",0.97,0.98,0.99,14.31,19.33,1.01,0,984
"2.5%746","Vanderburgh","Residential Improved","Pigeon",0.92,0.95,0.97,14.89,18.02,1.01,0,264
"2.5%747","Vanderburgh","Residential Improved","Scott",0.98,0.99,1,9.99,14.28,1.01,0,281
"1233","Vermillion","Industrial Vacant","Countywide",NA,NA,NA,NA,NA,NA,NA,0
"1234","Vermillion","Industrial Improved","Countywide",NA,NA,NA,NA,NA,NA,NA,0
"1235","Vermillion","Commercial Vacant","Countywide",NA,NA,NA,NA,NA,NA,NA,0
"1236","Vermillion","Commercial Improved","Countywide",NA,NA,NA,NA,NA,NA,NA,0
"df_sp350","Vermillion","Residential Vacant","Countywide",0.39,0.67,0.91,40.27,47.24,0.99,0,13
"2.5%748","Vermillion","Residential Improved","Countywide",0.83,0.91,0.93,13.41,16.56,1.02,0,100
"2.5%749","Vermillion","Residential Improved","Clinton",0.81,0.9,0.93,14.92,18.02,1.02,0,64
"df_sp351","Vermillion","Residential Improved","Eugene",0.83,0.92,0.98,11.23,16.31,1.02,0,6
"df_sp352","Vermillion","Residential Improved","Helt",0.83,0.95,1.02,11.79,14.77,0.98,0,16
"df_sp353","Vermillion","Residential Improved","Highland",0.78,0.92,0.95,10.62,14.82,1.03,0,9
"df_sp354","Vermillion","Residential Improved","Vermillion",0.79,0.9,0.93,5.18,7.07,1,0,5
"1237","Vigo","Industrial Vacant","Countywide",NA,NA,NA,NA,NA,NA,NA,0
"1238","Vigo","Industrial Improved","Countywide",NA,NA,NA,NA,NA,NA,NA,0
"1239","Vigo","Commercial Vacant","Countywide",NA,NA,NA,NA,NA,NA,NA,0
"2.5%750","Vigo","Commercial Improved","Countywide",0.76,0.83,0.96,22.12,26.46,0.93,0,45
"2.5%751","Vigo","Residential Vacant","Countywide",0.89,1,1.07,14.27,20.15,1.03,0,20
"2.5%752","Vigo","Residential Improved","Countywide",0.81,0.83,0.84,19.66,23.6,1.06,0,1128
"2.5%753","Vigo","Residential Improved","Fayette",0.73,0.86,1.11,24.07,26.95,1.1,0,28
"2.5%754","Vigo","Residential Improved","Harrison",0.83,0.85,0.87,18.98,22.69,1.06,0,581
"2.5%755","Vigo","Residential Improved","Honey Creek",0.77,0.79,0.82,18.54,23.89,1.03,0,141
"2.5%756","Vigo","Residential Improved","Lost Creek",0.81,0.85,0.88,16.18,20.66,1.02,0,132
"2.5%757","Vigo","Residential Improved","Otter Creek",0.71,0.77,0.81,21.34,25.28,1.06,0,83
"2.5%758","Vigo","Residential Improved","Pierson",0.61,0.76,0.83,23.81,27.94,1.11,0,41
"2.5%759","Vigo","Residential Improved","Riley",0.71,0.74,0.83,17.36,21.52,1.01,0,61
"2.5%760","Vigo","Residential Improved","Sugar Creek",0.81,0.9,0.99,22.45,26.91,1.15,0,49
"1240","Wabash","Industrial Vacant","Countywide",NA,NA,NA,NA,NA,NA,NA,0
"1241","Wabash","Industrial Improved","Countywide",NA,NA,NA,NA,NA,NA,NA,0
"1242","Wabash","Commercial Vacant","Countywide",NA,NA,NA,NA,NA,NA,NA,0
"df_sp355","Wabash","Commercial Improved","Countywide",0.82,0.94,1,11.66,14.07,1,0,17
"df_sp356","Wabash","Commercial Improved","Chester",0.73,1,1.13,13.27,18.52,1,0,5
"df_sp357","Wabash","Commercial Improved","Noble",0.82,0.92,0.98,10.46,12.56,1,0,12
"1243","Wabash","Residential Vacant","Countywide",NA,NA,NA,NA,NA,NA,NA,0
"2.5%761","Wabash","Residential Improved","Countywide",0.93,0.95,0.96,12.55,15.53,1.02,0,718
"2.5%762","Wabash","Residential Improved","Chester",0.93,0.97,0.99,11.46,14.4,1.01,0,149
"2.5%763","Wabash","Residential Improved","Lagro",0.89,0.97,1.04,12.68,14.86,1.03,0,36
"2.5%764","Wabash","Residential Improved","Liberty",0.91,0.95,1.03,12.84,15.48,1.03,0,39
"2.5%765","Wabash","Residential Improved","Noble",0.92,0.94,0.96,13.27,16.26,1.03,0,408
"2.5%766","Wabash","Residential Improved","Paw Paw",0.87,0.92,0.98,12.33,17.11,1.03,0,28
"2.5%767","Wabash","Residential Improved","Pleasant",0.89,0.93,0.99,11.81,15.02,1.03,0,34
"2.5%768","Wabash","Residential Improved","Waltz",0.95,0.98,1.04,6.92,8.76,1.01,0,24
"1244","Warren","Industrial Vacant","Countywide",NA,NA,NA,NA,NA,NA,NA,0
"1245","Warren","Industrial Improved","Countywide",NA,NA,NA,NA,NA,NA,NA,0
"1246","Warren","Commercial Vacant","Countywide",NA,NA,NA,NA,NA,NA,NA,0
"df_sp358","Warren","Commercial Improved","Countywide",0.8,0.88,1.01,18.95,25.88,1.2,0,6
"2.5%769","Warren","Residential Vacant","Countywide",0.48,0.6,0.89,43.32,47.08,1.49,0,28
"2.5%770","Warren","Residential Improved","Countywide",0.89,0.95,0.98,23.32,38.39,1.07,0,217
"2.5%771","Warren","Residential Improved","Adams",0.89,0.96,1.03,27.15,46.96,1.1,0,65
"2.5%772","Warren","Residential Improved","Jordan",0.87975,0.96,1.03,24.91,36.47,1.08,0,64
"2.5%773","Warren","Residential Improved","Washington",0.87,0.9,0.97,19.19,30.66,1.05,0,88
"1247","Warrick","Industrial Vacant","Countywide",NA,NA,NA,NA,NA,NA,NA,0
"df_sp359","Warrick","Industrial Improved","Countywide",0.71,0.94,0.98,12.87,19.87,0.99,0,7
"df_sp360","Warrick","Commercial Vacant","Countywide",0.79,0.93,1,15.44,23.27,0.92,0,16
"2.5%774","Warrick","Commercial Improved","Countywide",0.85,0.9,0.93,14.39,20.17,1.01,0,39
"df_sp361","Warrick","Commercial Improved","Boon",0.81,0.88,0.91,11.04,15.22,1.01,0,12
"2.5%775","Warrick","Commercial Improved","Ohio",0.71,0.92,0.93,15.58,22.33,1.01,0,27
"2.5%776","Warrick","Residential Vacant","Countywide",0.94,0.97,0.98,129.43,122.99,1.38,0,375
"2.5%777","Warrick","Residential Vacant","Hart",0.83975,0.98,1,17.76,30.1,1.03,0,22
"2.5%778","Warrick","Residential Vacant","Boon",0.92,0.96,0.97,100.43,130.04,1.35,0,133
"df_sp362","Warrick","Residential Vacant","Campbell",0.89,0.93,1,12.11,20.51,1.02,0,18
"df_sp363","Warrick","Residential Vacant","Greer",0.94,0.97,1.07,20.98,38.75,1.13,0,15
"2.5%779","Warrick","Residential Vacant","Ohio",0.93,0.99,1.01,180.5,110.58,1.23,0,187
"2.5%780","Warrick","Residential Improved","Countywide",0.9,0.91,0.91,9.94,14.29,1.01,0,1130
"df_sp364","Warrick","Residential Improved","Anderson",0.79,0.91,0.99,14.12,18.52,0.99,0,13
"2.5%781","Warrick","Residential Improved","Boon",0.9,0.91,0.92,12.35,17.2,1.02,0,241
"df_sp365","Warrick","Residential Improved","Campbell",0.84,0.9,0.95,9.6,13.75,0.99,0,9
"2.5%782","Warrick","Residential Improved","Greer",0.86,0.91,0.96,12.13,17.32,1.01,0,26
"df_sp366","Warrick","Residential Improved","Hart",0.86,0.9,0.97,11.25,17.57,1.02,0,14
"df_sp367","Warrick","Residential Improved","Pigeon",0.81,0.92,0.96,11.71,15.56,0.99,0,19
"2.5%783","Warrick","Residential Improved","Ohio",0.9,0.91,0.92,8.91,12.85,1.01,0,790
"df_sp368","Warrick","Residential Improved","Skelton",0.87,0.91,0.93,13.55,19.93,1.01,0,18
"1248","Washington","Industrial Vacant","Countywide",NA,NA,NA,NA,NA,NA,NA,0
"1249","Washington","Industrial Improved","Countywide",NA,NA,NA,NA,NA,NA,NA,0
"1250","Washington","Commercial Vacant","Countywide",NA,NA,NA,NA,NA,NA,NA,0
"df_sp369","Washington","Commercial Improved","Countywide",0.81,0.91,1.14,16.17,21.61,1.02,0,10
"2.5%784","Washington","Residential Vacant","Countywide",0.38,0.43,0.55,68.25,67.34,1.22,0,92
"2.5%785","Washington","Residential Improved","Countywide",0.88,0.91,0.92,13.88,17.69,1.03,0,298
"df_sp370","Washington","Residential Improved","Brown",0.83,0.91,1.01,10.85,13.46,1.02,0,13
"df_sp371","Washington","Residential Improved","Franklin",0.85,0.92,1.01,12.74,17.31,1,0,13
"df_sp372","Washington","Residential Improved","Howard",0.8,0.94,0.99,13.5,18.66,1.05,0,19
"2.5%786","Washington","Residential Improved","Pierce",0.87,0.92,1,13.97,17.22,1.02,0,34
"df_sp373","Washington","Residential Improved","Polk",0.78,0.89,0.92,12.71,18.8,1.03,0,13
"df_sp374","Washington","Residential Improved","Posey",0.83,0.93,0.97,13.21,18.65,1.05,0,16
"2.5%787","Washington","Residential Improved","Washington",0.87,0.9,0.93,14.24,17.85,1.03,0,190
"1251","Wayne","Industrial Vacant","Countywide",NA,NA,NA,NA,NA,NA,NA,0
"1252","Wayne","Industrial Improved","Countywide",NA,NA,NA,NA,NA,NA,NA,0
"1253","Wayne","Commercial Vacant","Countywide",NA,NA,NA,NA,NA,NA,NA,0
"2.5%788","Wayne","Commercial Improved","Countywide",0.9,0.95,0.97,6.23,7.63,1,0,39
"df_sp375","Wayne","Commercial Improved","Center",0.87,0.95,0.99,5.02,6.47,1,0,8
"2.5%789","Wayne","Commercial Improved","Wayne",0.9,0.95,0.98,6.55,8,1,0,31
"df_sp376","Wayne","Residential Vacant","Countywide",0.92,0.94,0.96,9.29,27.56,0.96,0,15
"2.5%790","Wayne","Residential Improved","Countywide",0.95,0.95,0.96,6.1,27.25,1.01,0,939
"df_sp377","Wayne","Residential Improved","Dalton",0.96,0.97,0.98,1.47,1.99,1,0,6
"df_sp378","Wayne","Residential Improved","Clay",0.86,0.96,0.97,4.61,6.7,1,0,13
"2.5%791","Wayne","Residential Improved","Center",0.94,0.95,0.96,4.3,5.53,1,0,114
"df_sp379","Wayne","Residential Improved","Franklin",0.86,0.96,0.98,5.59,6.79,0.99,0,14
"2.5%792","Wayne","Residential Improved","Jackson",0.9,0.95,0.96,5.51,6.61,1,0,69
"2.5%793","Wayne","Residential Improved","Jefferson",0.91,0.95,0.96,5.14,6.06,1,0,61
"2.5%794","Wayne","Residential Improved","Wayne",0.95,0.96,0.96,6.7,34.02,1.01,0,582
"df_sp380","Wayne","Residential Improved","Abington",0.87,0.96,0.98,3.79,5.35,1,0,5
"df_sp381","Wayne","Residential Improved","Boston",0.85,0.95,0.97,5.74,7.32,0.99,0,13
"df_sp382","Wayne","Residential Improved","Greene",0.85,0.95,0.98,7.98,11.67,1.01,0,9
"2.5%795","Wayne","Residential Improved","New Garden",0.89,0.95,0.97,5.35,6.63,1,0,26
"df_sp383","Wayne","Residential Improved","Washington",0.86,0.94,0.98,6.95,9.41,1.03,0,14
"df_sp384","Wayne","Residential Improved","Webster",0.87,0.94,0.98,6.36,7.86,1,0,13
"1254","Wells","Industrial Vacant","Countywide",NA,NA,NA,NA,NA,NA,NA,0
"1255","Wells","Industrial Improved","Countywide",NA,NA,NA,NA,NA,NA,NA,0
"1256","Wells","Commercial Vacant","Countywide",NA,NA,NA,NA,NA,NA,NA,0
"df_sp385","Wells","Commercial Improved","Countywide",0.87,1.01,1.1,103.48,144.87,1.6,0,9
"2.5%796","Wells","Residential Vacant","Countywide",0.99,1.01,1.08,24.62,40.63,1.07,0,40
"df_sp386","Wells","Residential Vacant","Jefferson",0.9,1,1.23,13.48,16.34,0.96,0,7
"df_sp387","Wells","Residential Vacant","Lancaster",0.99,1.01,1.14,19.04,34.68,0.9,0,12
"1257","Wells","Residential Vacant","Rockcreek",NA,NA,NA,NA,NA,NA,NA,4
"df_sp388","Wells","Residential Vacant","Chester",0.94,1.04,1.23,36.28,51.36,1.32,0,17
"2.5%797","Wells","Residential Improved","Countywide",1,1,1.01,18.83,65.04,1.08,0,619
"df_sp389","Wells","Residential Improved","Chester",0.97,1.01,1.08,41.06,96.14,1.25,0,14
"2.5%798","Wells","Residential Improved","Harrison",0.99,1,1.02,11.41,15.95,1.01,0,231
"df_sp390","Wells","Residential Improved","Jackson",0.96,1.02,1.38,28.61,42.35,1.02,0,7
"2.5%799","Wells","Residential Improved","Jefferson",1,1,1.02,21.87,81.6,1.12,0,162
"2.5%800","Wells","Residential Improved","Lancaster",0.99,1,1.02,19.44,72.2,1.09,0,126
"df_sp391","Wells","Residential Improved","Liberty",0.94,0.99,1.04,10.43,15.93,0.99,0,14
"df_sp392","Wells","Residential Improved","Nottingham",0.94,1.03,1.12,14.49,21.84,1.04,0,12
"2.5%801","Wells","Residential Improved","Rockcreek",0.97,1.02,1.1,58.33,94.97,1.33,0,28
"2.5%802","Wells","Residential Improved","Union",0.94975,1,1.07,10.13,15.37,1.03,0,25
"1258","White","Industrial Vacant","Countywide",NA,NA,NA,NA,NA,NA,NA,0
"1259","White","Industrial Improved","Countywide",NA,NA,NA,NA,NA,NA,NA,0
"1260","White","Commercial Vacant","Countywide",NA,NA,NA,NA,NA,NA,NA,0
"2.5%803","White","Commercial Improved","Countywide",0.76,0.89,0.97,21.08,27.81,0.98,0,22
"2.5%804","White","Residential Vacant","Countywide",0.74,0.91,1.0505,28.99,42.59,1.44,0,22
"1261","White","Residential Vacant","Liberty",NA,NA,NA,NA,NA,NA,NA,3
"df_sp393","White","Residential Vacant","Monon",0.58,1.01,1.28,30.97,50.49,1.05,0,7
"df_sp394","White","Residential Vacant","Union",0.74,0.93,0.96,16.24,27.21,1,0,7
"1262","White","Residential Vacant","Big Creek",NA,NA,NA,NA,NA,NA,NA,1
"2.5%805","White","Residential Improved","Countywide",0.9,0.91,0.92,20.16,33.89,1.06,0,860
"2.5%806","White","Residential Improved","Big Creek",0.79,0.9,0.95,12.65,15.81,1.01,0,22
"df_sp395","White","Residential Improved","Cass",0.78,0.91,1.51,40.49,61.89,1.14,0,8
"2.5%807","White","Residential Improved","Honey Creek",0.87,0.94,1.02,24.21,39.72,1.06,0,28
"df_sp396","White","Residential Improved","Jackson",0.82,0.95,0.98,19.18,39.1,1.09,0,11
"2.5%808","White","Residential Improved","Liberty",0.86,0.9,0.94,21.95,33.65,1.07,0,115
"df_sp397","White","Residential Improved","Lincoln",0.74,0.94,1.05,30.06,40.31,1.13,0,9
"2.5%809","White","Residential Improved","Monon",0.88,0.92,0.97,21.05,35.5,1.06,0,108
"2.5%810","White","Residential Improved","Prairie",0.89,0.91,0.96,17.6,29.79,1.04,0,127
"2.5%811","White","Residential Improved","Princeton",0.86,0.91,1,35.83,53.72,1.23,0,32
"df_sp398","White","Residential Improved","Round Grove",0.82,0.9,0.97,8.04,11.29,1,0,6
"2.5%812","White","Residential Improved","Union",0.89,0.91,0.92,18.52,29.88,1.04,0,394
"1263","Whitley","Industrial Vacant","Countywide",NA,NA,NA,NA,NA,NA,NA,0
"df_sp399","Whitley","Industrial Improved","Countywide",0.44,0.68,0.91,22.6,28.34,0.97,0,5
"1264","Whitley","Commercial Vacant","Countywide",NA,NA,NA,NA,NA,NA,NA,0
"df_sp400","Whitley","Commercial Improved","Countywide",0.67,0.99,1.19,30.48,44.89,1.76,0,10
"1265","Whitley","Commercial Improved","Columbia",NA,NA,NA,NA,NA,NA,NA,4
"df_sp401","Whitley","Commercial Improved","Cleveland",0.65,0.95,1.21,45.77,58.22,2.3,0,6
"df_sp402","Whitley","Residential Vacant","Countywide",0.32,0.47,0.74,67.56,85.07,1.31,0,11
"2.5%813","Whitley","Residential Improved","Countywide",0.94,0.95,0.95,11.69,16.18,1.01,0,679
"2.5%814","Whitley","Residential Improved","Cleveland",0.88,0.95,1.03,14.02,16.83,1.01,0,41
"2.5%815","Whitley","Residential Improved","Columbia",0.94,0.95,0.96,11.06,15.17,1.01,0,339
"2.5%816","Whitley","Residential Improved","Etna Troy",0.84,0.93,0.95,12.99,18.9,0.97,0,28
"2.5%817","Whitley","Residential Improved","Jefferson",0.92,0.95,1,11.07,16.24,1.05,0,29
"df_sp403","Whitley","Residential Improved","Richland",0.82,0.93,1.07,15.09,18.31,0.99,0,16
"2.5%818","Whitley","Residential Improved","Smith",0.92,0.95,0.96,11.09,14.97,1,0,96
"2.5%819","Whitley","Residential Improved","Thorncreek",0.89,0.94,0.97,14.41,21.87,1.01,0,69
"2.5%820","Whitley","Residential Improved","Union",0.92,0.95,0.97,9.1,12.79,1.01,0,50
"df_sp404","Whitley","Residential Improved","Washington",0.83,0.95,1.05,13.84,18.85,1.01,0,11
