"","County","Type","Grouping","LowerBound","Median","UpperBound","COD","COV","PRD","PRB","Sales"
"1","Adams","Industrial Vacant","Countywide",NA,NA,NA,NA,NA,NA,NA,0
"2","Adams","Industrial Improved","Countywide",NA,NA,NA,NA,NA,NA,NA,0
"3","Adams","Commercial Vacant","Countywide",NA,NA,NA,NA,NA,NA,NA,0
"2.5%","Adams","Commercial Improved","Countywide",0.83,0.96,1.01,16.05,21.49,1.01,0,23
"df_sp","Adams","Residential Vacant","Countywide",0.93,1.08,1.16,16.66,25.79,1.04,0,6
"2.5%1","Adams","Residential Improved","Countywide",0.9,0.92,0.95,13.96,17.91,1.03,0,476
"2.5%2","Adams","Residential Improved","Blue Creek",0.87,0.92,0.96,16.44,20.76,1.03,0,93
"2.5%3","Adams","Residential Improved","Hartford",0.83,0.88,0.95,16.47,19.84,1.03,0,99
"2.5%4","Adams","Residential Improved","Preble",0.86,0.93,1.01,12.41,16.1,1.05,0,22
"2.5%5","Adams","Residential Improved","Washington",0.88,0.91,0.96,14.65,17.88,1.03,0,156
"2.5%6","Adams","Residential Improved","Root",0.92,0.94,0.96,9.09,13.34,1.01,0,106
"11","Allen","Industrial Vacant","Countywide",NA,NA,NA,NA,NA,NA,NA,0
"df_sp1","Allen","Industrial Improved","Countywide",0.83,0.93,0.96,6.91,8.21,0.99,0,9
"df_sp2","Allen","Commercial Vacant","Countywide",0.86,0.93,0.95,12.8,23.66,1.05,0,16
"2.5%7","Allen","Commercial Improved","Countywide",0.9,0.92,0.94,13.12,24.65,1.11,0,56
"12","Allen","Commercial Improved","Aboite",NA,NA,NA,NA,NA,NA,NA,0
"2.5%8","Allen","Commercial Improved","Adams",0.9,0.93,0.96,11.14,21.39,1.01,0,30
"df_sp3","Allen","Commercial Improved","Perry",0.78,0.9,0.95,10.46,15.62,1.06,0,13
"df_sp4","Allen","Commercial Improved","Washington",0.89,0.93,0.96,5.49,7.38,1,0,10
"2.5%9","Allen","Residential Vacant","Countywide",0.81,0.94,0.98,16.91,28.68,1.03,0,39
"df_sp5","Allen","Residential Vacant","Aboite",0.9,0.97,1.01,9.33,13.58,1.03,0,10
"13","Allen","Residential Vacant","Adams",NA,NA,NA,NA,NA,NA,NA,1
"df_sp6","Allen","Residential Vacant","Cedar Creek",0.66,0.89,1,17.56,20.55,1,0,8
"df_sp7","Allen","Residential Vacant","Eel River",0.7,0.81,1.03,20.79,25.52,1.06,0,11
"df_sp8","Allen","Residential Vacant","Perry",0.89,0.93,0.95,19.25,48.27,0.96,0,6
"14","Allen","Residential Vacant","St. Joseph",NA,NA,NA,NA,NA,NA,NA,3
"2.5%10","Allen","Residential Improved","Countywide",0.99,0.99,0.99,11.89,40.14,1.03,0,4831
"2.5%11","Allen","Residential Improved","Aboite",0.99,0.99,0.99,9.86,39.94,1.03,0,734
"2.5%12","Allen","Residential Improved","Adams",0.97,0.98,0.99,7.57,10.16,1,0,334
"2.5%13","Allen","Residential Improved","Cedar Creek",0.98,1,1,23.16,63.4,1.11,0,199
"2.5%14","Allen","Residential Improved","Eel River",1,1.01,1.02,22.22,76.31,1.13,0,79
"df_sp9","Allen","Residential Improved","Jackson",0.81,0.96,1.03,13.24,19.15,1,0,11
"2.5%15","Allen","Residential Improved","Lafayette",0.93,0.96,0.99,8.41,11.63,1.02,0,54
"2.5%16","Allen","Residential Improved","Lake",0.94,0.99,1,7.53,10.81,1.01,0,27
"2.5%17","Allen","Residential Improved","Maumee",0.92,0.98,1.01,29.15,81.49,1.13,0,46
"df_sp10","Allen","Residential Improved","Milan",0.86,0.95,0.98,13.36,20.2,1.01,0,19
"df_sp11","Allen","Residential Improved","Monroe",0.85,0.99,1.04,9.4,13.4,1,0,14
"2.5%18","Allen","Residential Improved","Perry",1,1,1,15.73,54.61,1.08,0,848
"2.5%19","Allen","Residential Improved","Pleasant",0.94,0.97,1,9.75,18.23,1,0,37
"df_sp12","Allen","Residential Improved","Scipio",0.95,0.98,1,5.96,10.5,1.03,0,16
"2.5%20","Allen","Residential Improved","St. Joseph",0.98,0.99,0.99,10.72,39.28,1.03,0,900
"2.5%21","Allen","Residential Improved","Washington",0.98,0.99,1,7.52,10.47,1,0,434
"2.5%22","Allen","Residential Improved","Wayne",1,1,1,10.98,17.21,1.01,0,1079
"15","Bartholomew","Industrial Vacant","Countywide",NA,NA,NA,NA,NA,NA,NA,0
"16","Bartholomew","Industrial Improved","Countywide",NA,NA,NA,NA,NA,NA,NA,0
"17","Bartholomew","Commercial Vacant","Countywide",NA,NA,NA,NA,NA,NA,NA,0
"df_sp13","Bartholomew","Commercial Improved","Countywide",0.81,0.96,1.01,39.98,68.77,3.02,0,7
"2.5%23","Bartholomew","Residential Vacant","Countywide",0.97,0.97,0.97,7.77,16.24,1.04,0,120
"2.5%24","Bartholomew","Residential Vacant","Columbus",0.97,0.97,0.98,6.57,14.19,1.03,0,98
"df_sp14","Bartholomew","Residential Vacant","Harrison",0.89,0.91,0.97,8.47,14.99,0.99,0,11
"df_sp15","Bartholomew","Residential Vacant","Clay",0.77,0.91,0.95,15.98,27.57,1.21,0,11
"2.5%25","Bartholomew","Residential Improved","Countywide",0.91,0.92,0.92,10.96,19,1.02,0,915
"2.5%26","Bartholomew","Residential Improved","Clay",0.89,0.91,0.96,9.46,11.61,1,0,42
"18","Bartholomew","Residential Improved","Clifty",NA,NA,NA,NA,NA,NA,NA,1
"2.5%27","Bartholomew","Residential Improved","Columbus",0.91,0.92,0.93,10.17,16.27,1.01,0,637
"df_sp16","Bartholomew","Residential Improved","Flatrock",0.91,0.95,0.98,8.8,11.8,1.01,0,15
"2.5%28","Bartholomew","Residential Improved","German",0.85,0.9,0.92,15.81,45.12,1.05,0,50
"2.5%29","Bartholomew","Residential Improved","Harrison",0.85,0.9,0.93,13.05,18.2,1.02,0,59
"2.5%30","Bartholomew","Residential Improved","Hawcreek",0.86975,0.91,0.95,13.39,18.42,1,0,46
"19","Bartholomew","Residential Improved","Jackson",NA,NA,NA,NA,NA,NA,NA,4
"df_sp17","Bartholomew","Residential Improved","Ohio",0.83,0.9,1,11.92,16.02,1.07,0,9
"2.5%31","Bartholomew","Residential Improved","Rockcreek",0.84,0.92,0.95,11.17,14.3,1,0,31
"2.5%32","Bartholomew","Residential Improved","Wayne",0.88,0.91,0.99,12.28,18.28,1.03,0,20
"110","Benton","Industrial Vacant","Countywide",NA,NA,NA,NA,NA,NA,NA,0
"111","Benton","Industrial Improved","Countywide",NA,NA,NA,NA,NA,NA,NA,0
"112","Benton","Commercial Vacant","Countywide",NA,NA,NA,NA,NA,NA,NA,0
"113","Benton","Commercial Improved","Countywide",NA,NA,NA,NA,NA,NA,NA,0
"114","Benton","Residential Vacant","Countywide",NA,NA,NA,NA,NA,NA,NA,0
"2.5%33","Benton","Residential Improved","Countywide",0.90975,0.94,0.97,12.66,16.26,1.02,0,116
"df_sp18","Benton","Residential Improved","Bolivar",0.87,0.94,1.02,10.26,12.96,1.02,0,18
"2.5%34","Benton","Residential Improved","Center",0.91,0.96,1.04,12.28,14.62,1.02,0,41
"df_sp19","Benton","Residential Improved","Grant",0.81,0.93,1,16.97,24.53,1.02,0,19
"df_sp20","Benton","Residential Improved","Oak Grove",0.78,0.92,1.02,13.02,16,1,0,18
"df_sp21","Benton","Residential Improved","Richland",0.84,0.95,1.06,11.55,14.95,1.02,0,11
"df_sp22","Benton","Residential Improved","Gilboa",0.85,0.97,0.99,8.66,10.91,1.01,0,9
"115","Blackford","Industrial Vacant","Countywide",NA,NA,NA,NA,NA,NA,NA,0
"116","Blackford","Industrial Improved","Countywide",NA,NA,NA,NA,NA,NA,NA,0
"117","Blackford","Commercial Vacant","Countywide",NA,NA,NA,NA,NA,NA,NA,0
"df_sp23","Blackford","Commercial Improved","Countywide",0.47,0.61,0.71,25.35,30.88,1.15,0,6
"df_sp24","Blackford","Residential Vacant","Countywide",0.5,0.8,1.02,37.81,49.97,0.93,0,12
"2.5%35","Blackford","Residential Improved","Countywide",0.98,1,1.02,12.24,22.79,1.03,0,180
"2.5%36","Blackford","Residential Improved","Harrison",0.97,1.01,1.04,8.34,11.31,1.02,0,30
"df_sp25","Blackford","Residential Improved","Jackson",0.91,1,1.31,21.66,34.96,1.06,0,8
"2.5%37","Blackford","Residential Improved","Licking",0.97,1,1.02,12.57,23.92,1.04,0,137
"df_sp26","Blackford","Residential Improved","Washington",0.94,1,1.26,10.89,13.46,1.02,0,5
"118","Boone","Industrial Vacant","Countywide",NA,NA,NA,NA,NA,NA,NA,0
"119","Boone","Industrial Improved","Countywide",NA,NA,NA,NA,NA,NA,NA,0
"120","Boone","Commercial Vacant","Countywide",NA,NA,NA,NA,NA,NA,NA,0
"df_sp27","Boone","Commercial Improved","Countywide",0.92,0.96,0.98,5.03,7.16,0.99,0,12
"2.5%38","Boone","Residential Vacant","Countywide",1,1,1,32.6,65.34,0.87,0,88
"2.5%39","Boone","Residential Improved","Countywide",1,1,1,4.22,6.6,1.01,0,1638
"2.5%40","Boone","Residential Improved","Center",0.99,1,1.01,4.43,6.72,1,0,350
"2.5%41","Boone","Residential Improved","Clinton",0.98,1,1.03,6.06,8.33,1.02,0,29
"2.5%42","Boone","Residential Improved","Eagle",0.99,1,1,4.28,6.41,1.01,0,489
"2.5%43","Boone","Residential Improved","Harrison",0.95,0.98,1,7.13,10.52,1.01,0,44
"df_sp28","Boone","Residential Improved","Jefferson",0.95,1,1.04,7.29,10.12,1.02,0,12
"2.5%44","Boone","Residential Improved","Perry",1,1,1,1.97,3.63,1,0,198
"2.5%45","Boone","Residential Improved","Sugar Creek",0.94,1.01,1.04,8.04,10.78,1,0,29
"2.5%46","Boone","Residential Improved","Union",0.99,1.01,1.03,5.2,7.47,1.01,0,49
"2.5%47","Boone","Residential Improved","Worth",0.99,1,1,4.11,6.56,1,0,438
"121","Brown","Industrial Vacant","Countywide",NA,NA,NA,NA,NA,NA,NA,0
"122","Brown","Industrial Improved","Countywide",NA,NA,NA,NA,NA,NA,NA,0
"123","Brown","Commercial Vacant","Countywide",NA,NA,NA,NA,NA,NA,NA,0
"df_sp29","Brown","Commercial Improved","Countywide",0.78,0.92,0.95,14.46,21.15,0.95,0,10
"2.5%48","Brown","Residential Vacant","Countywide",0.92,0.96,1,17.99,28.8,1.26,0,65
"2.5%49","Brown","Residential Vacant","Hamblen",0.95,1,1.01,13.28,23.44,1.1,0,22
"df_sp30","Brown","Residential Vacant","Jackson",0.86,0.92,1,22.42,35.96,1.38,0,19
"124","Brown","Residential Vacant","Van Buren",NA,NA,NA,NA,NA,NA,NA,0
"2.5%50","Brown","Residential Vacant","Washington",0.92,0.95,1.03,18,28.44,1.29,0,24
"2.5%51","Brown","Residential Improved","Countywide",0.9,0.94,0.96,16.06,27.17,21.78,0,239
"2.5%52","Brown","Residential Improved","Hamblen",0.85,0.9,0.96,18.42,30.69,49.3,0,82
"2.5%53","Brown","Residential Improved","Jackson",0.9,0.96,1,13.93,23.14,1.07,0,57
"df_sp31","Brown","Residential Improved","Van Buren",0.92,1,1.01,12.73,20.18,1,0,18
"2.5%54","Brown","Residential Improved","Washington",0.89,0.93,0.96,15.38,27.64,1.05,0,82
"125","Carroll","Industrial Vacant","Countywide",NA,NA,NA,NA,NA,NA,NA,0
"126","Carroll","Industrial Improved","Countywide",NA,NA,NA,NA,NA,NA,NA,0
"df_sp32","Carroll","Commercial Vacant","Countywide",0.3,0.59,0.8,48.87,59.42,2.71,0,6
"2.5%55","Carroll","Commercial Improved","Countywide",0.88,0.92,1.04,19.81,24.63,1.01,0,30
"2.5%56","Carroll","Residential Vacant","Countywide",0.69,0.88,0.95,31.31,47.43,1.22,0,31
"2.5%57","Carroll","Residential Improved","Countywide",0.92,0.94,0.96,16.18,23.27,1.04,0,558
"2.5%58","Carroll","Residential Improved","Adams",0.87,0.93,1.03,23.66,35.69,1.08,0,52
"2.5%59","Carroll","Residential Improved","Burlington",0.88,0.94,0.98,12.4,16.24,1.04,0,38
"2.5%60","Carroll","Residential Improved","Clay",0.75,0.88,0.96,15.39,20.62,1.07,0,20
"2.5%61","Carroll","Residential Improved","Deer Creek",0.91,0.97,1,17.09,22.71,1.03,0,123
"df_sp33","Carroll","Residential Improved","Democrat",0.83,0.93,1.05,14.35,17.56,1,0,18
"2.5%62","Carroll","Residential Improved","Jackson",0.89,0.95,1.03,13.91,19.37,1.02,0,25
"2.5%63","Carroll","Residential Improved","Jefferson",0.88,0.92,0.95,15.68,20.98,1.03,0,132
"df_sp34","Carroll","Residential Improved","Madison",0.93,1.02,1.25,20.95,34.23,1.1,0,7
"2.5%64","Carroll","Residential Improved","Monroe",0.91,0.93,0.97,13.05,19.5,1.02,0,87
"127","Cass","Industrial Vacant","Countywide",NA,NA,NA,NA,NA,NA,NA,0
"128","Cass","Industrial Improved","Countywide",NA,NA,NA,NA,NA,NA,NA,0
"df_sp35","Cass","Commercial Vacant","Countywide",0.04,1.15,1.41,32.41,60.36,1.22,0,5
"2.5%65","Cass","Commercial Improved","Countywide",0.82975,0.91,0.99,20.49,26.43,1.05,0,42
"2.5%66","Cass","Residential Vacant","Countywide",0.83,0.98,1.09,27.88,38.83,1.13,0,31
"2.5%67","Cass","Residential Improved","Countywide",0.92,0.94,0.95,18.84,35.9,1.06,0,935
"df_sp36","Cass","Residential Improved","Adams",0.78,0.88,1.01,18.17,26.29,0.99,0,11
"df_sp37","Cass","Residential Improved","Bethlehem",0.78,0.96,1.02,15.41,19.6,1.04,0,17
"2.5%68","Cass","Residential Improved","Boone",0.91,0.94,0.96,19.82,40.9,1.08,0,100
"2.5%69","Cass","Residential Improved","Clay",0.89,0.94,0.96,11.66,15.58,1.01,0,67
"2.5%70","Cass","Residential Improved","Deer Creek",0.89,0.93,0.97,13.4,17.14,1.03,0,82
"2.5%71","Cass","Residential Improved","Eel",0.91,0.94,0.95,21.37,40.75,1.08,0,520
"2.5%72","Cass","Residential Improved","Miami",0.81,0.94,0.97,12.13,16.71,1,0,29
"2.5%73","Cass","Residential Improved","Noble",0.84,0.92,0.99,13.14,16.94,1.01,0,36
"2.5%74","Cass","Residential Improved","Tipton",0.88,0.98,1,18.11,33.77,1.06,0,54
"df_sp38","Cass","Residential Improved","Washington",0.86,0.94,1.09,15.62,20.45,1.02,0,19
"129","Clark","Industrial Vacant","Countywide",NA,NA,NA,NA,NA,NA,NA,0
"130","Clark","Industrial Improved","Countywide",NA,NA,NA,NA,NA,NA,NA,0
"131","Clark","Commercial Vacant","Countywide",NA,NA,NA,NA,NA,NA,NA,0
"2.5%75","Clark","Commercial Improved","Countywide",0.95,0.96,0.97,9.64,15.93,1,0,66
"2.5%76","Clark","Residential Vacant","Countywide",0.99,1.01,1.03,6.69,10.21,1,0,31
"df_sp39","Clark","Residential Vacant","Carr",0.99,1,1.02,6.68,14.2,0.99,0,6
"132","Clark","Residential Vacant","Charlestown",NA,NA,NA,NA,NA,NA,NA,4
"df_sp40","Clark","Residential Vacant","Jeffersonville",0.92,1,1.21,6.6,10.76,1.01,0,5
"df_sp41","Clark","Residential Vacant","Monroe",0.91,1,1.12,5.69,7.9,0.99,0,5
"133","Clark","Residential Vacant","Union",NA,NA,NA,NA,NA,NA,NA,0
"df_sp42","Clark","Residential Vacant","Utica",0.92,1.02,1.06,6.92,9.81,0.99,0,11
"134","Clark","Residential Vacant","Bethlehem",NA,NA,NA,NA,NA,NA,NA,0
"2.5%77","Clark","Residential Improved","Countywide",0.98,0.99,0.99,8.54,13.87,1.01,0,1948
"135","Clark","Residential Improved","Bethlehem",NA,NA,NA,NA,NA,NA,NA,4
"2.5%78","Clark","Residential Improved","Carr",0.94,1,1.01,8.71,11.99,1.01,0,51
"2.5%79","Clark","Residential Improved","Charlestown",0.99,1,1,7.68,12.25,1,0,389
"2.5%80","Clark","Residential Improved","Jeffersonville",0.97,0.98,0.99,9.78,13.77,1.01,0,822
"2.5%81","Clark","Residential Improved","Monroe",0.95,0.97,1,9.24,13.12,1,0,71
"df_sp43","Clark","Residential Improved","Oregon",0.9,0.97,1.04,8.94,13.33,1.01,0,14
"2.5%82","Clark","Residential Improved","Silver Creek",0.97,0.98,1,7.19,10.03,1.01,0,229
"2.5%83","Clark","Residential Improved","Union",0.96,0.98,0.99,9.79,17.92,1,0,83
"2.5%84","Clark","Residential Improved","Utica",0.98,0.99,1,6.17,17.84,1.02,0,249
"df_sp44","Clark","Residential Improved","Washington",0.91,0.98,1,8.78,14.45,0.99,0,17
"df_sp45","Clark","Residential Improved","Wood",0.86,0.96,1,9.48,12.29,1.01,0,19
"136","Clay","Industrial Vacant","Countywide",NA,NA,NA,NA,NA,NA,NA,0
"137","Clay","Industrial Improved","Countywide",NA,NA,NA,NA,NA,NA,NA,0
"138","Clay","Commercial Vacant","Countywide",NA,NA,NA,NA,NA,NA,NA,0
"2.5%85","Clay","Commercial Improved","Countywide",0.81,0.92,1.02,16.92,20.95,1.02,0,24
"139","Clay","Residential Vacant","Countywide",NA,NA,NA,NA,NA,NA,NA,0
"2.5%86","Clay","Residential Improved","Countywide",0.89,0.91,0.94,11.64,14.16,1.03,0,236
"2.5%87","Clay","Residential Improved","Brazil",0.88,0.9,0.94,12.15,14.27,1.03,0,142
"2.5%88","Clay","Residential Improved","Dick Johnson",0.86,0.93,1.01,11.11,14.09,1.04,0,22
"2.5%89","Clay","Residential Improved","Cass",0.88,0.92,0.95,8.08,11.82,1.03,0,28
"df_sp46","Clay","Residential Improved","Harrison",0.88,0.91,1.06,14,17.18,1.04,0,15
"2.5%90","Clay","Residential Improved","Perry",0.83,0.92,0.98,12.01,14.46,1.03,0,29
"140","Clinton","Industrial Vacant","Countywide",NA,NA,NA,NA,NA,NA,NA,0
"141","Clinton","Industrial Improved","Countywide",NA,NA,NA,NA,NA,NA,NA,0
"142","Clinton","Commercial Vacant","Countywide",NA,NA,NA,NA,NA,NA,NA,0
"143","Clinton","Commercial Improved","Countywide",NA,NA,NA,NA,NA,NA,NA,0
"144","Clinton","Residential Vacant","Countywide",NA,NA,NA,NA,NA,NA,NA,0
"2.5%91","Clinton","Residential Improved","Countywide",0.86,0.89,0.93,16.68,21.28,1.02,0,175
"2.5%92","Clinton","Residential Improved","Center",0.82,0.88,0.93,19.5,24.01,1.02,0,73
"2.5%93","Clinton","Residential Improved","Union",0.77,0.88,0.94,15.28,21.47,1.02,0,20
"2.5%94","Clinton","Residential Improved","Perry",0.879,0.94,1.02,13.82,19.6,1.02,0,25
"2.5%95","Clinton","Residential Improved","Madison",0.83,0.89,1.02,16.28,21.49,1.03,0,24
"df_sp47","Clinton","Residential Improved","Ross",0.82,0.86,0.97,12.64,14.56,1.01,0,18
"df_sp48","Clinton","Residential Improved","Michigan",0.79,0.84,0.96,12.91,15.92,1.02,0,15
"145","Crawford","Industrial Vacant","Countywide",NA,NA,NA,NA,NA,NA,NA,0
"146","Crawford","Industrial Improved","Countywide",NA,NA,NA,NA,NA,NA,NA,0
"147","Crawford","Commercial Vacant","Countywide",NA,NA,NA,NA,NA,NA,NA,0
"148","Crawford","Commercial Improved","Countywide",NA,NA,NA,NA,NA,NA,NA,0
"df_sp49","Crawford","Residential Vacant","Countywide",0.73,0.9,0.95,20.35,30.45,1.06,0,18
"df_sp50","Crawford","Residential Vacant","Boone",0.6,0.9,1.05,24.15,34.51,1.06,0,14
"149","Crawford","Residential Vacant","Patoka",NA,NA,NA,NA,NA,NA,NA,4
"2.5%96","Crawford","Residential Improved","Countywide",0.88,0.91,0.92,12.82,21.97,1.02,0,84
"df_sp51","Crawford","Residential Improved","Boone",0.86,0.91,1,8.33,10.93,1.02,0,14
"df_sp52","Crawford","Residential Improved","Jennings",0.86,0.91,1,7.24,10.04,1.01,0,7
"2.5%97","Crawford","Residential Improved","Johnson",0.83,0.9,0.97,13.51,17.79,0.99,0,25
"2.5%98","Crawford","Residential Improved","Liberty",0.87,0.9,0.95,18.39,33.46,1.05,0,25
"df_sp53","Crawford","Residential Improved","Whiskey Run",0.83,0.91,0.95,8.68,12.97,1.02,0,13
"150","Daviess","Industrial Vacant","Countywide",NA,NA,NA,NA,NA,NA,NA,0
"151","Daviess","Industrial Improved","Countywide",NA,NA,NA,NA,NA,NA,NA,0
"152","Daviess","Commercial Vacant","Countywide",NA,NA,NA,NA,NA,NA,NA,0
"df_sp54","Daviess","Commercial Improved","Countywide",0.86,0.99,1.04,11.66,16.92,1.07,0,6
"2.5%99","Daviess","Residential Vacant","Countywide",0.17,0.33,0.5105,78.37,74.55,0.97,0,24
"2.5%100","Daviess","Residential Improved","Countywide",0.92,0.94,0.97,11.7,16.1,1.02,0,170
"df_sp55","Daviess","Residential Improved","Madison",0.84,0.91,1,11.85,14.88,1.02,0,16
"2.5%101","Daviess","Residential Improved","Washington",0.93,0.95,0.98,10.59,15.48,1.03,0,105
"2.5%102","Daviess","Residential Improved","Elmore",0.84,0.91,1,13.25,16.99,1.03,0,21
"2.5%103","Daviess","Residential Improved","Barr",0.85,0.96,1.02,14.31,18.74,1,0,24
"153","Dearborn","Industrial Vacant","Countywide",NA,NA,NA,NA,NA,NA,NA,0
"154","Dearborn","Industrial Improved","Countywide",NA,NA,NA,NA,NA,NA,NA,0
"df_sp56","Dearborn","Commercial Vacant","Countywide",0.15,0.58,0.93,60.22,73.08,1.97,0,7
"2.5%104","Dearborn","Commercial Improved","Countywide",0.78,0.85,0.98,24.34,33.07,1.12,0,31
"2.5%105","Dearborn","Residential Vacant","Countywide",0.81,0.88,0.92,29.3,42.31,1.22,0,85
"2.5%106","Dearborn","Residential Improved","Countywide",0.88,0.89,0.91,18.51,29.48,1.06,0,595
"2.5%107","Dearborn","Residential Improved","Caesar Creek",0.81,0.89,0.93,19.47,35.71,1.05,0,38
"2.5%108","Dearborn","Residential Improved","Hogan",0.83,0.91,0.93,16.93,28.35,1.07,0,38
"2.5%109","Dearborn","Residential Improved","Center",0.86,0.91,0.97,21.06,33.34,1.09,0,67
"2.5%110","Dearborn","Residential Improved","Harrison",0.81,0.88,0.92,17.08,24.11,1.07,0,41
"df_sp57","Dearborn","Residential Improved","Jackson",0.63,0.74,0.93,21.71,23.57,1.07,0,15
"df_sp58","Dearborn","Residential Improved","Kelso",0.74,0.88,1.05,17.16,22.04,1.06,0,14
"2.5%111","Dearborn","Residential Improved","Lawrenceburg",0.86,0.89,0.92,17.49,25.13,1.04,0,173
"2.5%112","Dearborn","Residential Improved","Logan",0.77,0.84,0.96,18.95,25.49,1.04,0,26
"2.5%113","Dearborn","Residential Improved","Miller",0.87975,0.9,0.92,14.12,20.01,1.03,0,163
"df_sp59","Dearborn","Residential Improved","Sparta",0.65,0.82,1.5,65.48,63.76,1.32,0,16
"155","Dearborn","Residential Improved","York",NA,NA,NA,NA,NA,NA,NA,4
"156","Decatur","Industrial Vacant","Countywide",NA,NA,NA,NA,NA,NA,NA,0
"157","Decatur","Industrial Improved","Countywide",NA,NA,NA,NA,NA,NA,NA,0
"158","Decatur","Commercial Vacant","Countywide",NA,NA,NA,NA,NA,NA,NA,0
"2.5%114","Decatur","Commercial Improved","Countywide",0.81,0.91,0.98,19.7,23.46,0.99,0,45
"2.5%115","Decatur","Residential Vacant","Countywide",0.46,0.64,0.79,52.54,63.08,1.37,0,41
"2.5%116","Decatur","Residential Improved","Countywide",0.94,0.95,0.96,13.73,22.48,1.02,0,670
"2.5%117","Decatur","Residential Improved","Adams",0.85,0.94,1.01,16.24,20.23,1.03,0,34
"df_sp60","Decatur","Residential Improved","Clay",0.8,0.92,1.11,16.1,18.01,1,0,14
"df_sp61","Decatur","Residential Improved","Clinton",0.77,0.93,0.97,17.39,23.78,1.06,0,13
"2.5%118","Decatur","Residential Improved","Fugit",0.92,0.96,1.01,14.2,18.29,1,0,73
"df_sp62","Decatur","Residential Improved","Marion",0.87,0.96,1.02,15.76,22.19,1.01,0,19
"df_sp63","Decatur","Residential Improved","Saltcreek",0.86,0.94,1.06,13.67,16.02,1.02,0,14
"2.5%119","Decatur","Residential Improved","Sandcreek",0.92,0.95,0.99,11.44,15.68,1,0,59
"2.5%120","Decatur","Residential Improved","Washington",0.94,0.95,0.96,13.48,24.23,1.03,0,444
"159","Dekalb","Industrial Vacant","Countywide",NA,NA,NA,NA,NA,NA,NA,0
"160","Dekalb","Industrial Improved","Countywide",NA,NA,NA,NA,NA,NA,NA,0
"161","Dekalb","Commercial Vacant","Countywide",NA,NA,NA,NA,NA,NA,NA,0
"df_sp64","Dekalb","Commercial Improved","Countywide",0.4,0.75,0.99,26.34,39.03,0.87,0,8
"162","Dekalb","Commercial Improved","Union",NA,NA,NA,NA,NA,NA,NA,2
"df_sp65","Dekalb","Commercial Improved","Butler",0.72,0.8,0.99,18.55,27.88,0.95,0,6
"df_sp66","Dekalb","Residential Vacant","Countywide",0.34,0.98,1.08,36.51,61.99,1.31,0,18
"163","Dekalb","Residential Vacant","Keyser",NA,NA,NA,NA,NA,NA,NA,2
"df_sp67","Dekalb","Residential Vacant","Union",1.07,1.08,1.16,4.81,6.2,0.98,0,7
"df_sp68","Dekalb","Residential Vacant","Butler",0.2,0.87,0.96,43.8,71.67,1.36,0,9
"2.5%121","Dekalb","Residential Improved","Countywide",0.98,0.99,1,13.72,37.47,1.04,0,481
"2.5%122","Dekalb","Residential Improved","Butler",0.97,1,1.02,8.09,11.87,1,0,56
"2.5%123","Dekalb","Residential Improved","Concord",0.9,0.95,1.01,12.25,17.44,1.03,0,22
"df_sp69","Dekalb","Residential Improved","Fairfield",0.88,1,1.09,11.4,14,1.03,0,16
"2.5%124","Dekalb","Residential Improved","Franklin",0.94,0.98,1.02,11.13,15.19,1.02,0,49
"2.5%125","Dekalb","Residential Improved","Grant",0.94,1.02,1.07,21.49,65.63,1.11,0,45
"2.5%126","Dekalb","Residential Improved","Keyser",0.96,0.99,1.01,10.78,16.05,1.02,0,112
"2.5%127","Dekalb","Residential Improved","Union",0.97,0.99,1.01,16.21,45.45,1.05,0,181
"164","Delaware","Industrial Vacant","Countywide",NA,NA,NA,NA,NA,NA,NA,0
"165","Delaware","Industrial Improved","Countywide",NA,NA,NA,NA,NA,NA,NA,0
"166","Delaware","Commercial Vacant","Countywide",NA,NA,NA,NA,NA,NA,NA,0
"df_sp70","Delaware","Commercial Improved","Countywide",0.66,0.86,1.09,18.43,23.72,1.05,0,11
"df_sp71","Delaware","Commercial Improved","Center",0.66,0.86,1.09,18.43,23.72,1.05,0,11
"167","Delaware","Commercial Improved","Mt. Pleasant",NA,NA,NA,NA,NA,NA,NA,0
"168","Delaware","Commercial Improved","Delaware",NA,NA,NA,NA,NA,NA,NA,0
"169","Delaware","Residential Vacant","Countywide",NA,NA,NA,NA,NA,NA,NA,0
"170","Delaware","Residential Vacant","Center",NA,NA,NA,NA,NA,NA,NA,0
"171","Delaware","Residential Vacant","Mt. Pleasant",NA,NA,NA,NA,NA,NA,NA,0
"172","Delaware","Residential Vacant","Delaware",NA,NA,NA,NA,NA,NA,NA,0
"2.5%128","Delaware","Residential Improved","Countywide",0.9,0.91,0.92,17.75,23.11,1.03,0,1074
"2.5%129","Delaware","Residential Improved","Center",0.91,0.92,0.94,17.69,23.29,1.04,0,621
"df_sp72","Delaware","Residential Improved","Delaware",0.77,0.81,0.97,19.45,23.23,0.99,0,17
"2.5%130","Delaware","Residential Improved","Hamilton",0.83,0.87,0.91,17.57,21.89,1.01,0,104
"2.5%131","Delaware","Residential Improved","Harrison",0.77,0.85,0.96,17.64,22.52,0.99,0,20
"2.5%132","Delaware","Residential Improved","Liberty",0.87,0.91,1,15.05,20.62,1.04,0,31
"2.5%133","Delaware","Residential Improved","Monroe",0.76,0.88,0.92,16.64,22.63,1.01,0,31
"2.5%134","Delaware","Residential Improved","Mt. Pleasant",0.81,0.86,0.91,18.79,23.76,1,0,158
"df_sp73","Delaware","Residential Improved","Niles",0.78,0.89,0.98,15.64,20.08,1.02,0,13
"df_sp74","Delaware","Residential Improved","Perry",0.9,0.94,1.13,13.27,17.68,1.02,0,6
"2.5%135","Delaware","Residential Improved","Salem",0.85,0.9,0.96,16.49,21.95,1.01,0,40
"2.5%136","Delaware","Residential Improved","Union",0.93,0.99,1.12,15.23,19.28,1.03,0,27
"df_sp75","Delaware","Residential Improved","Washington",0.82,0.95,1.07,13.58,18.19,1.02,0,6
"173","Dubois","Industrial Vacant","Countywide",NA,NA,NA,NA,NA,NA,NA,0
"174","Dubois","Industrial Improved","Countywide",NA,NA,NA,NA,NA,NA,NA,0
"175","Dubois","Commercial Vacant","Countywide",NA,NA,NA,NA,NA,NA,NA,0
"df_sp76","Dubois","Commercial Improved","Countywide",0.85,0.94,1.1,12.24,14.72,1.02,0,13
"df_sp77","Dubois","Commercial Improved","Bainbridge",0.78,1.1,1.17,9.39,15.18,1.04,0,5
"df_sp78","Dubois","Commercial Improved","Boone",0.78,0.91,0.98,9.1,12.31,1.03,0,8
"2.5%137","Dubois","Residential Vacant","Countywide",0.82,0.9,0.95,20.39,34.69,0.96,0,29
"df_sp79","Dubois","Residential Vacant","Bainbridge",0.79,0.88,0.97,9.86,14.35,0.96,0,7
"df_sp80","Dubois","Residential Vacant","Cass",0.93,0.94,0.97,5.62,9.31,1.04,0,9
"df_sp81","Dubois","Residential Vacant","Columbia",0.4,0.7,0.95,40.67,52.88,1.03,0,13
"2.5%138","Dubois","Residential Improved","Countywide",0.9,0.91,0.92,11.12,21.98,1.03,0,386
"2.5%139","Dubois","Residential Improved","Bainbridge",0.9,0.91,0.93,11.19,18.25,1.02,0,191
"2.5%140","Dubois","Residential Improved","Boone",0.86,0.91,0.95,18.49,54.27,1.11,0,29
"df_sp82","Dubois","Residential Improved","Cass",0.85,0.91,1.01,12.25,16.36,1,0,13
"2.5%141","Dubois","Residential Improved","Columbia",0.87,0.9,0.93,8.59,12.42,1.03,0,38
"df_sp83","Dubois","Residential Improved","Jackson",0.83,0.9,0.94,7.76,9.89,1,0,16
"2.5%142","Dubois","Residential Improved","Patoka",0.88,0.92,0.96,10.27,13.04,1.02,0,71
"2.5%143","Dubois","Residential Improved","Ferdinand",0.85975,0.91,0.94,9.65,12.73,1,0,28
"176","Elkhart","Industrial Vacant","Countywide",NA,NA,NA,NA,NA,NA,NA,0
"2.5%144","Elkhart","Industrial Improved","Countywide",0.84,0.9,0.94,19.08,25.9,1.05,0,43
"177","Elkhart","Commercial Vacant","Countywide",NA,NA,NA,NA,NA,NA,NA,0
"2.5%145","Elkhart","Commercial Improved","Countywide",0.82,0.92,0.96,19.97,24.49,1.03,0,55
"2.5%146","Elkhart","Residential Vacant","Countywide",0.86,0.96,1.01025,15.05,21.49,1.25,0,40
"2.5%147","Elkhart","Residential Improved","Countywide",0.95,0.95,0.96,11.88,16.06,1,0,1971
"2.5%148","Elkhart","Residential Improved","Baugo",0.93975,0.96,0.99,10.62,13.85,1,0,124
"2.5%149","Elkhart","Residential Improved","Cleveland",0.94,0.96,1,11.51,14.85,1.01,0,148
"2.5%150","Elkhart","Residential Improved","Locke",0.87,0.95,1.06,15.36,19.59,0.98,0,36
"2.5%151","Elkhart","Residential Improved","Concord",0.89,0.91,0.94,12.25,15.74,1,0,398
"2.5%152","Elkhart","Residential Improved","Elkhart",0.94,0.96,0.97,11.57,16.07,1.01,0,328
"2.5%153","Elkhart","Residential Improved","York",0.93,0.97,1,13.8,19.31,1,0,36
"2.5%154","Elkhart","Residential Improved","Jefferson",0.96,0.98,1,9.78,15.86,1.01,0,103
"2.5%155","Elkhart","Residential Improved","Middlebury",0.94,0.96,0.97,11.21,15.51,1,0,88
"2.5%156","Elkhart","Residential Improved","Olive",0.92,0.95,0.99,8.3,12.34,1.01,0,31
"2.5%157","Elkhart","Residential Improved","Osolo",0.95,0.97,0.98,12.55,17.11,1.01,0,374
"2.5%158","Elkhart","Residential Improved","Union",0.92,0.94,0.98,11.52,16.77,1.01,0,72
"2.5%159","Elkhart","Residential Improved","Benton",0.86,0.94,0.98,9.16,11.88,1,0,22
"2.5%160","Elkhart","Residential Improved","Clinton",0.8,0.91,0.94,14.03,18.3,0.99,0,21
"df_sp84","Elkhart","Residential Improved","Harrison",0.9,0.94,0.97,10.58,15.76,1.02,0,17
"2.5%161","Elkhart","Residential Improved","Jackson",0.91,0.95,0.99,11.3,14.47,1,0,74
"2.5%162","Elkhart","Residential Improved","Washington",0.93,0.97,1,12.02,15.25,1,0,99
"178","Fayette","Industrial Vacant","Countywide",NA,NA,NA,NA,NA,NA,NA,0
"179","Fayette","Industrial Improved","Countywide",NA,NA,NA,NA,NA,NA,NA,0
"180","Fayette","Commercial Vacant","Countywide",NA,NA,NA,NA,NA,NA,NA,0
"2.5%163","Fayette","Commercial Improved","Countywide",0.86,0.91,1.05,20.67,25.62,1.07,0,39
"df_sp85","Fayette","Residential Vacant","Countywide",0.55,1.09,1.23,25.09,37.27,1.24,0,13
"2.5%164","Fayette","Residential Improved","Countywide",0.91,0.92,0.95,14.92,19.34,1.03,0,509
"2.5%165","Fayette","Residential Improved","Columbia",0.83,0.93,0.97,14.54,19.12,1.03,0,28
"2.5%166","Fayette","Residential Improved","Jackson",0.87,0.93,0.98,12.42,16.58,1.02,0,42
"2.5%167","Fayette","Residential Improved","Connersville",0.91,0.92,0.95,15.12,19.91,1.03,0,292
"2.5%168","Fayette","Residential Improved","Harrison",0.91,0.93,0.96025,15.3,19,1.03,0,147
"181","Fountain","Industrial Vacant","Countywide",NA,NA,NA,NA,NA,NA,NA,0
"182","Fountain","Industrial Improved","Countywide",NA,NA,NA,NA,NA,NA,NA,0
"183","Fountain","Commercial Vacant","Countywide",NA,NA,NA,NA,NA,NA,NA,0
"2.5%169","Fountain","Commercial Improved","Countywide",0.74,0.93,1.02,18.44,23.07,0.98,0,24
"2.5%170","Fountain","Residential Vacant","Countywide",0.69,0.73,0.94,29.29,33.39,1.01,0,36
"2.5%171","Fountain","Residential Improved","Countywide",0.9,0.91,0.93,13.85,17.27,1.01,0,410
"2.5%172","Fountain","Residential Improved","Cain",0.83,0.93,1.03,14.46,18,0.98,0,22
"df_sp86","Fountain","Residential Improved","Davis",0.79,1.05,1.1,12.96,19.66,0.99,0,11
"2.5%173","Fountain","Residential Improved","Logan",0.85,0.91,0.94,14.54,17.97,1.01,0,82
"2.5%174","Fountain","Residential Improved","Richland",0.78,0.92,0.95,15.56,19.72,1,0,23
"df_sp87","Fountain","Residential Improved","Shawnee",0.88,0.93,1.07,14.43,18.46,1.03,0,13
"2.5%175","Fountain","Residential Improved","Troy",0.89,0.91,0.93,12.32,16.19,1.01,0,139
"2.5%176","Fountain","Residential Improved","Van Buren",0.81,0.89,0.95,14.55,17.35,1.02,0,59
"2.5%177","Fountain","Residential Improved","Millcreek",0.89,0.92,0.98,13.46,16.93,1.01,0,61
"184","Franklin","Industrial Vacant","Countywide",NA,NA,NA,NA,NA,NA,NA,0
"185","Franklin","Industrial Improved","Countywide",NA,NA,NA,NA,NA,NA,NA,0
"186","Franklin","Commercial Vacant","Countywide",NA,NA,NA,NA,NA,NA,NA,0
"df_sp88","Franklin","Commercial Improved","Countywide",0.4,0.73,0.83,24.66,34.38,0.84,0,6
"df_sp89","Franklin","Residential Vacant","Countywide",0.06,0.17,0.51,216.47,137.78,3.59,0,12
"2.5%178","Franklin","Residential Improved","Countywide",0.91,0.94,0.97,9.46,12.3,1.01,0,94
"2.5%179","Franklin","Residential Improved","Brookville",0.89,0.91,0.97,10.37,13.87,1.02,0,34
"2.5%180","Franklin","Residential Improved","Ray",0.95,0.98,1.01,8.13,11.86,1,0,30
"2.5%181","Franklin","Residential Improved","Bath",0.89,0.92,0.95,8.07,10.92,1,0,23
"df_sp90","Franklin","Residential Improved","Blooming Grove",0.73,0.98,1.05,8.62,13.63,1.05,0,5
"187","Fulton","Industrial Vacant","Countywide",NA,NA,NA,NA,NA,NA,NA,0
"df_sp91","Fulton","Industrial Improved","Countywide",0.88,0.95,1.09,16.28,21.61,1.02,0,6
"188","Fulton","Commercial Vacant","Countywide",NA,NA,NA,NA,NA,NA,NA,0
"2.5%182","Fulton","Commercial Improved","Countywide",0.88,0.91,0.96,25.55,52.68,1.04,0,35
"2.5%183","Fulton","Residential Vacant","Countywide",0.65,0.8,0.89,22.66,28.91,1.08,0,39
"2.5%184","Fulton","Residential Improved","Countywide",0.91975,0.93,0.95,18.85,58.82,1.06,0,530
"2.5%185","Fulton","Residential Improved","Aubbeenaubbee",0.82,0.92,0.95,14.88,21.86,1.02,0,30
"2.5%186","Fulton","Residential Improved","Henry",0.88,0.95,0.97,14.85,23.41,1.05,0,61
"2.5%187","Fulton","Residential Improved","Liberty",0.9,0.96,1.02,25.45,50.51,1.07,0,50
"df_sp92","Fulton","Residential Improved","Newcastle",0.78,0.96,1.06,15.05,19.25,1.02,0,18
"2.5%188","Fulton","Residential Improved","Richland",0.87,0.95,1.03,13.98,18.52,1.04,0,24
"2.5%189","Fulton","Residential Improved","Rochester",0.9,0.92,0.94,17.87,63.43,1.04,0,317
"2.5%190","Fulton","Residential Improved","Union",0.84,0.97,1.03,34.24,98.51,1.22,0,30
"189","Gibson","Industrial Vacant","Countywide",NA,NA,NA,NA,NA,NA,NA,0
"190","Gibson","Industrial Improved","Countywide",NA,NA,NA,NA,NA,NA,NA,0
"191","Gibson","Commercial Vacant","Countywide",NA,NA,NA,NA,NA,NA,NA,0
"2.5%191","Gibson","Commercial Improved","Countywide",0.91,0.93,0.98,6.99,11.23,0.98,0,25
"192","Gibson","Residential Vacant","Countywide",NA,NA,NA,NA,NA,NA,NA,0
"2.5%192","Gibson","Residential Improved","Countywide",0.87,0.9,0.91,12.74,16.04,1.01,0,285
"2.5%193","Gibson","Residential Improved","Barton",0.79,0.9,0.9,10.62,13.76,1.02,0,21
"2.5%194","Gibson","Residential Improved","Columbia",0.79,0.9,0.92,14.48,17.95,1,0,37
"2.5%195","Gibson","Residential Improved","Johnson",0.81,0.9,0.95,13.26,16.31,1.02,0,33
"2.5%196","Gibson","Residential Improved","Montgomery",0.85,0.9,0.94,9.62,11.93,1.03,0,36
"2.5%197","Gibson","Residential Improved","Patoka",0.86,0.92,0.94,13.68,17.17,1,0,115
"2.5%198","Gibson","Residential Improved","Union",0.8,0.9,0.92,11.13,14.62,1.02,0,43
"193","Grant","Industrial Vacant","Countywide",NA,NA,NA,NA,NA,NA,NA,0
"194","Grant","Industrial Improved","Countywide",NA,NA,NA,NA,NA,NA,NA,0
"195","Grant","Commercial Vacant","Countywide",NA,NA,NA,NA,NA,NA,NA,0
"196","Grant","Commercial Improved","Countywide",NA,NA,NA,NA,NA,NA,NA,0
"197","Grant","Residential Vacant","Countywide",NA,NA,NA,NA,NA,NA,NA,0
"2.5%199","Grant","Residential Improved","Countywide",0.94,0.95,0.96,14.81,25.41,1.04,0,606
"2.5%200","Grant","Residential Improved","Jefferson",0.91,0.98,1,17.01,26.32,1.07,0,49
"2.5%201","Grant","Residential Improved","Center",0.92,0.94,0.96,17.66,26.09,1.06,0,170
"2.5%202","Grant","Residential Improved","Fairmount",0.94,0.96,0.99,7.37,9.99,1.01,0,36
"2.5%203","Grant","Residential Improved","Franklin",0.93,0.96,0.98,16.42,31.77,1.06,0,67
"2.5%204","Grant","Residential Improved","Mill",0.93,0.94,0.96,13.88,25.75,1.05,0,136
"2.5%205","Grant","Residential Improved","Pleasant",0.94,0.96,0.99,11.15,16.56,1.01,0,87
"2.5%206","Grant","Residential Improved","Sims",0.88,0.93,0.96,7.86,10.57,1.01,0,21
"df_sp93","Grant","Residential Improved","Van Buren",0.71,0.86,1.11,33.73,52.3,1.23,0,11
"2.5%207","Grant","Residential Improved","Washington",0.88,0.92,0.96,12.21,27,1.01,0,26
"198","Greene","Industrial Vacant","Countywide",NA,NA,NA,NA,NA,NA,NA,0
"199","Greene","Industrial Improved","Countywide",NA,NA,NA,NA,NA,NA,NA,0
"1100","Greene","Commercial Vacant","Countywide",NA,NA,NA,NA,NA,NA,NA,0
"df_sp94","Greene","Commercial Improved","Countywide",0.89,0.93,1.07,11.22,14.56,1.02,0,10
"df_sp95","Greene","Residential Vacant","Countywide",0.8,0.94,1.01,13.02,16.94,1.12,0,13
"2.5%208","Greene","Residential Improved","Countywide",0.9,0.92,0.95,10.24,12.84,1.03,0,189
"2.5%209","Greene","Residential Improved","Beech Creek",0.9,0.93,0.98,8.86,11.09,1.03,0,42
"df_sp96","Greene","Residential Improved","Cass",0.86,0.94,1.03,9.57,12.77,0.99,0,11
"2.5%210","Greene","Residential Improved","Fairplay",0.87,0.91,0.95,11.58,14.23,1.03,0,73
"2.5%211","Greene","Residential Improved","Highland",0.9,0.95,0.99,8.64,10.63,1.01,0,37
"2.5%212","Greene","Residential Improved","Richland",0.83,0.88,0.94,10.75,13.48,1.02,0,26
"1101","Huntington","Industrial Vacant","Countywide",NA,NA,NA,NA,NA,NA,NA,0
"1102","Huntington","Industrial Improved","Countywide",NA,NA,NA,NA,NA,NA,NA,0
"1103","Huntington","Commercial Vacant","Countywide",NA,NA,NA,NA,NA,NA,NA,0
"df_sp97","Huntington","Commercial Improved","Countywide",0.75,0.91,0.97,23.5,32.97,1.15,0,18
"2.5%213","Huntington","Residential Vacant","Countywide",0.77,0.89,1.03,27,39.34,1,0,20
"2.5%214","Huntington","Residential Improved","Countywide",0.9,0.91,0.92,11.6,15.88,1.01,0,716
"df_sp98","Huntington","Residential Improved","Jefferson",0.88,0.92,0.96,8.22,12.7,1.01,0,10
"df_sp99","Huntington","Residential Improved","Warren",0.79,0.92,1,14.57,18.46,1.02,0,16
"2.5%215","Huntington","Residential Improved","Clear Creek",0.87,0.92,0.96,10.07,15.03,1.01,0,20
"2.5%216","Huntington","Residential Improved","Dallas",0.83,0.9,0.97,10.4,13.39,1.04,0,25
"2.5%217","Huntington","Residential Improved","Huntington",0.89,0.91,0.92,11.98,16.56,1.01,0,456
"2.5%218","Huntington","Residential Improved","Jackson",0.92,0.95,0.97,9.75,13.41,1,0,112
"df_sp100","Huntington","Residential Improved","Lancaster",0.89,0.93,0.95,8.11,12.38,1,0,16
"df_sp101","Huntington","Residential Improved","Rock Creek",0.82,0.9,0.93,14.96,24.34,0.98,0,12
"2.5%219","Huntington","Residential Improved","Salamonie",0.86,0.9,0.98,13.05,16.61,1.02,0,35
"df_sp102","Huntington","Residential Improved","Union",0.89,0.94,0.98,6.88,10.02,1.01,0,13
"1104","Jackson","Industrial Vacant","Countywide",NA,NA,NA,NA,NA,NA,NA,0
"1105","Jackson","Industrial Improved","Countywide",NA,NA,NA,NA,NA,NA,NA,0
"1106","Jackson","Commercial Vacant","Countywide",NA,NA,NA,NA,NA,NA,NA,0
"df_sp103","Jackson","Commercial Improved","Countywide",0.75,0.89,1.03,16.26,21.96,1.07,0,10
"2.5%220","Jackson","Residential Vacant","Countywide",0.33975,0.61,0.78,53.51,64.8,1.09,0,43
"2.5%221","Jackson","Residential Improved","Countywide",0.91,0.91,0.92,12.03,22.19,1.03,0,536
"2.5%222","Jackson","Residential Improved","Brownstown",0.88,0.91,0.94,14.9,27.58,1.05,0,68
"df_sp104","Jackson","Residential Improved","Carr",0.85,0.92,0.95,8.69,12.05,1.03,0,10
"df_sp105","Jackson","Residential Improved","Owen",0.73,0.93,0.95,8.29,13.07,0.99,0,7
"2.5%223","Jackson","Residential Improved","Jackson",0.9,0.91,0.92,11.48,21.16,1.02,0,329
"1107","Jackson","Residential Improved","Pershing",NA,NA,NA,NA,NA,NA,NA,4
"2.5%224","Jackson","Residential Improved","Redding",0.9,0.92,0.95,10.84,19.42,1.02,0,73
"2.5%225","Jackson","Residential Improved","Vernon",0.88,0.91,0.96,17.24,30.53,1.08,0,31
"df_sp106","Jackson","Residential Improved","Washington",0.83,0.93,0.98,7.32,8.99,1,0,14
"1108","Jasper","Industrial Vacant","Countywide",NA,NA,NA,NA,NA,NA,NA,0
"1109","Jasper","Industrial Improved","Countywide",NA,NA,NA,NA,NA,NA,NA,0
"1110","Jasper","Commercial Vacant","Countywide",NA,NA,NA,NA,NA,NA,NA,0
"2.5%226","Jasper","Commercial Improved","Countywide",0.88,0.93,0.99,11.67,18.01,1.04,0,24
"1111","Jasper","Commercial Improved","Keener",NA,NA,NA,NA,NA,NA,NA,3
"df_sp107","Jasper","Commercial Improved","Marion",0.91,0.97,1.01,8.15,10.33,0.99,0,16
"df_sp108","Jasper","Commercial Improved","Barkley",0.65,0.86,1.02,12.94,17.55,1.09,0,5
"2.5%227","Jasper","Residential Vacant","Countywide",0.86,0.93,0.93,19.85,34.29,1.04,0,81
"2.5%228","Jasper","Residential Vacant","Keener",0.87,0.93,0.93,13.79,27.45,1.04,0,38
"df_sp109","Jasper","Residential Vacant","Marion",0.78,0.95,1.75,45.03,52.01,0.93,0,6
"1112","Jasper","Residential Vacant","Newton",NA,NA,NA,NA,NA,NA,NA,3
"1113","Jasper","Residential Vacant","Union",NA,NA,NA,NA,NA,NA,NA,1
"df_sp110","Jasper","Residential Vacant","Walker",0.84,0.93,0.95,13.65,26.79,0.96,0,17
"df_sp111","Jasper","Residential Vacant","Wheatfield",0.77,0.95,1.05,20.07,39.2,1.07,0,8
"df_sp112","Jasper","Residential Vacant","Barkley",0.43,0.6,1.07,41.65,45.88,1.19,0,8
"2.5%229","Jasper","Residential Improved","Countywide",0.96,0.96,0.97,10.27,16.41,1.02,0,799
"2.5%230","Jasper","Residential Improved","Carpenter",0.87,0.96,1.01,14.32,18.22,1.02,0,51
"df_sp113","Jasper","Residential Improved","Kankakee",0.87,0.95,1,12.96,18.66,1.03,0,16
"2.5%231","Jasper","Residential Improved","Keener",0.96,0.96,0.98,8.38,14.9,1.01,0,287
"2.5%232","Jasper","Residential Improved","Marion",0.94,0.97,0.99,11.59,17.62,1.03,0,199
"df_sp114","Jasper","Residential Improved","Jordan",0.92,0.97,1.02,10.45,13.64,1.05,0,17
"df_sp115","Jasper","Residential Improved","Newton",0.84,0.92,0.95,9.52,11.37,1.03,0,16
"2.5%233","Jasper","Residential Improved","Union",0.84,0.95,1.03,14.15,20.37,1.04,0,20
"2.5%234","Jasper","Residential Improved","Walker",0.92,0.96,0.99,10.14,14.07,1,0,95
"2.5%235","Jasper","Residential Improved","Wheatfield",0.95,0.97,0.99,9.82,18.58,1.02,0,98
"1114","Jay","Industrial Vacant","Countywide",NA,NA,NA,NA,NA,NA,NA,0
"1115","Jay","Industrial Improved","Countywide",NA,NA,NA,NA,NA,NA,NA,0
"1116","Jay","Commercial Vacant","Countywide",NA,NA,NA,NA,NA,NA,NA,0
"df_sp116","Jay","Commercial Improved","Countywide",0.81,0.94,1.05,29.42,46.71,2.54,0,14
"1117","Jay","Residential Vacant","Countywide",NA,NA,NA,NA,NA,NA,NA,0
"2.5%236","Jay","Residential Improved","Countywide",0.92,0.94,0.96,14.61,19.63,1.05,0,345
"2.5%237","Jay","Residential Improved","Jefferson",0.8695,0.94,0.96,12.97,21.7,1.02,0,26
"df_sp117","Jay","Residential Improved","Bearcreek",0.88,0.95,1.02,14.29,21.83,1.17,0,18
"df_sp118","Jay","Residential Improved","Knox",0.87,0.95,1.04,15.55,27.03,1.15,0,16
"df_sp119","Jay","Residential Improved","Greene",0.83,0.87,1.03,16.88,20.47,1.05,0,18
"2.5%238","Jay","Residential Improved","Richland",0.87,0.92,0.99,16.13,19.15,1.05,0,74
"2.5%239","Jay","Residential Improved","Wayne",0.92,0.94,0.97,13.6,17.29,1.03,0,192
"1118","Jefferson","Industrial Vacant","Countywide",NA,NA,NA,NA,NA,NA,NA,0
"1119","Jefferson","Industrial Improved","Countywide",NA,NA,NA,NA,NA,NA,NA,0
"1120","Jefferson","Commercial Vacant","Countywide",NA,NA,NA,NA,NA,NA,NA,0
"df_sp120","Jefferson","Commercial Improved","Countywide",0.84,0.91,0.96,19.56,28.74,0.97,0,17
"2.5%240","Jefferson","Residential Vacant","Countywide",0.19,0.31,0.59,97.23,83.92,1.07,0,38
"2.5%241","Jefferson","Residential Improved","Countywide",0.85,0.87,0.9,18.6,26.76,1.05,0,368
"df_sp121","Jefferson","Residential Improved","Lancaster",0.54,0.69,0.88,28.61,31.88,1.14,0,12
"df_sp122","Jefferson","Residential Improved","Milton",0.84,0.92,1.01,17.25,26.45,1.12,0,13
"df_sp123","Jefferson","Residential Improved","Republican",0.84,0.94,1.01,21.27,37.04,1.33,0,14
"df_sp124","Jefferson","Residential Improved","Graham",0.85,0.89,0.97,15.33,23.7,1.15,0,6
"2.5%242","Jefferson","Residential Improved","Hanover",0.85,0.9,0.93,16.9,26.92,1.03,0,74
"2.5%243","Jefferson","Residential Improved","Madison",0.84,0.86,0.9,17.99,24.66,1.04,0,244
"df_sp125","Jefferson","Residential Improved","Saluda",0.27,0.56,1.24,50.47,62.02,1.18,0,5
"1121","Jennings","Industrial Vacant","Countywide",NA,NA,NA,NA,NA,NA,NA,0
"1122","Jennings","Industrial Improved","Countywide",NA,NA,NA,NA,NA,NA,NA,0
"1123","Jennings","Commercial Vacant","Countywide",NA,NA,NA,NA,NA,NA,NA,0
"df_sp126","Jennings","Commercial Improved","Countywide",0.76,0.93,0.96,18.41,30.12,1.06,0,11
"2.5%244","Jennings","Residential Vacant","Countywide",0.33,0.47,0.57,60.25,66.51,1.53,0,41
"2.5%245","Jennings","Residential Improved","Countywide",0.89,0.92,0.93,14.21,20.16,1.03,0,235
"2.5%246","Jennings","Residential Improved","Bigger",0.84,0.92,0.98,15.75,20.44,1.03,0,40
"1124","Jennings","Residential Improved","Columbia",NA,NA,NA,NA,NA,NA,NA,3
"df_sp127","Jennings","Residential Improved","Campbell",0.86,0.94,1.08,26.21,40.74,1.13,0,6
"2.5%247","Jennings","Residential Improved","Center",0.87,0.92,0.95,14.1,18.3,1.03,0,88
"2.5%248","Jennings","Residential Improved","Geneva",0.88,0.91,0.94,15.18,22.78,1.04,0,61
"1125","Jennings","Residential Improved","Lovett",NA,NA,NA,NA,NA,NA,NA,3
"df_sp128","Jennings","Residential Improved","Montgomery",0.88,0.93,0.96,7.79,11.55,1.01,0,12
"2.5%249","Jennings","Residential Improved","Spencer",0.85,0.91,0.97,9.46,11.81,1.02,0,22
"1126","Johnson","Industrial Vacant","Countywide",NA,NA,NA,NA,NA,NA,NA,0
"1127","Johnson","Industrial Improved","Countywide",NA,NA,NA,NA,NA,NA,NA,0
"1128","Johnson","Commercial Vacant","Countywide",NA,NA,NA,NA,NA,NA,NA,0
"2.5%250","Johnson","Commercial Improved","Countywide",0.84,0.9,0.95,11.96,15.9,0.98,0,28
"2.5%251","Johnson","Residential Vacant","Countywide",0.23,0.69,0.88,57.06,78.65,1.1,0,38
"df_sp129","Johnson","Residential Vacant","Blue River",0.75,0.97,1.12,32.57,59.47,1.63,0,9
"df_sp130","Johnson","Residential Vacant","Needham",0.01,0.01,0.82,3852.36,167.67,1.12,0,7
"2.5%252","Johnson","Residential Vacant","White River",0.43,0.68,0.93,50.35,70.82,1.04,0,22
"2.5%253","Johnson","Residential Improved","Countywide",0.93,0.93,0.94,8.37,13.26,1.01,0,1472
"2.5%254","Johnson","Residential Improved","Blue River",0.85,0.97,1.05,22.56,43.55,1.08,0,27
"df_sp131","Johnson","Residential Improved","Clark",0.87,0.96,0.99,8.8,13.63,1.07,0,10
"2.5%255","Johnson","Residential Improved","Franklin",0.91,0.92,0.94,9.49,13.35,1.01,0,175
"2.5%256","Johnson","Residential Improved","Hensley",0.88,0.92,0.96,8.38,13,0.99,0,37
"2.5%257","Johnson","Residential Improved","Needham",0.9,0.93,0.95,9.36,12.95,1.01,0,86
"2.5%258","Johnson","Residential Improved","Nineveh",0.89,0.92,0.95,10.47,16.87,1.03,0,37
"2.5%259","Johnson","Residential Improved","Pleasant",0.93,0.94,0.94,7.89,11.35,1,0,553
"df_sp132","Johnson","Residential Improved","Union",0.87,0.92,0.96,7.1,10.99,1.01,0,14
"2.5%260","Johnson","Residential Improved","White River",0.93,0.93,0.94,7.35,10.32,1.01,0,533
"1129","Knox","Industrial Vacant","Countywide",NA,NA,NA,NA,NA,NA,NA,0
"1130","Knox","Industrial Improved","Countywide",NA,NA,NA,NA,NA,NA,NA,0
"1131","Knox","Commercial Vacant","Countywide",NA,NA,NA,NA,NA,NA,NA,0
"df_sp133","Knox","Commercial Improved","Countywide",0.95,0.97,1.02,5.21,6.9,1.02,0,19
"df_sp134","Knox","Commercial Improved","Busseron",0.86,0.95,0.98,4.46,5.96,0.98,0,5
"df_sp135","Knox","Commercial Improved","Vincennes",0.95,1,1.02,4.98,6.83,1.04,0,14
"df_sp136","Knox","Residential Vacant","Countywide",0.15,0.69,0.95,57.22,74.06,0.88,0,17
"1132","Knox","Residential Vacant","Busseron",NA,NA,NA,NA,NA,NA,NA,2
"df_sp137","Knox","Residential Vacant","Vincennes",0.15,0.69,0.96,58.09,73.5,0.9,0,15
"2.5%261","Knox","Residential Improved","Countywide",0.9,0.91,0.94,16.55,24.58,1.03,0,313
"df_sp138","Knox","Residential Improved","Busseron",0.89,0.92,1.21,21.56,27.56,1.01,0,12
"df_sp139","Knox","Residential Improved","Decker",0.5,0.93,1.14,17.76,27.42,1.16,0,5
"df_sp140","Knox","Residential Improved","Harrison",0.8,0.98,1.01,13.36,19.12,1.03,0,12
"2.5%262","Knox","Residential Improved","Palmyra",0.88,0.98,1,12.43,18.18,0.99,0,20
"df_sp141","Knox","Residential Improved","Steen",0.75,0.87,1.01,15.12,18.5,1.01,0,13
"2.5%263","Knox","Residential Improved","Vigo",0.82,0.89,0.98,20.74,30.84,1.12,0,32
"2.5%264","Knox","Residential Improved","Vincennes",0.89,0.91,0.94,16.42,25.33,1.02,0,202
"df_sp142","Knox","Residential Improved","Washington",0.83,0.91,0.96,9.95,12.5,1.02,0,17
"1133","Kosciusko","Industrial Vacant","Countywide",NA,NA,NA,NA,NA,NA,NA,0
"df_sp143","Kosciusko","Industrial Improved","Countywide",0.85,1.03,1.13,6.37,9.99,1.02,0,5
"df_sp144","Kosciusko","Industrial Improved","Plain",0.85,1.03,1.13,6.37,9.99,1.02,0,5
"1134","Kosciusko","Industrial Improved","Clay",NA,NA,NA,NA,NA,NA,NA,0
"1135","Kosciusko","Commercial Vacant","Countywide",NA,NA,NA,NA,NA,NA,NA,0
"2.5%265","Kosciusko","Commercial Improved","Countywide",0.97,0.98,1,10.18,15.25,1,0,97
"2.5%266","Kosciusko","Commercial Improved","Wayne",0.94,0.97,0.99,11.1,18.05,0.99,0,34
"df_sp145","Kosciusko","Commercial Improved","Tippecanoe",0.92,0.98,1.05,10.08,14.04,0.99,0,14
"2.5%267","Kosciusko","Commercial Improved","Turkey Creek",0.93,0.97,1.02,10.92,14.92,1.01,0,36
"df_sp146","Kosciusko","Commercial Improved","Clay",0.99,1.01,1.03,5.23,8.65,1,0,13
"2.5%268","Kosciusko","Residential Vacant","Countywide",1,1,1.01,13.42,22.01,1.02,0,97
"df_sp147","Kosciusko","Residential Vacant","Plain",0.8,1,1.01,8.87,13.62,1.02,0,11
"1136","Kosciusko","Residential Vacant","Van Buren",NA,NA,NA,NA,NA,NA,NA,2
"df_sp148","Kosciusko","Residential Vacant","Turkey Creek",0.82,1,1.09,21.03,32.51,1.02,0,13
"df_sp149","Kosciusko","Residential Vacant","Tippecanoe",0.91,1,1.04,15.21,25.37,1,0,18
"2.5%269","Kosciusko","Residential Vacant","Wayne",0.99,1,1.03,12.01,20.26,1,0,39
"df_sp150","Kosciusko","Residential Vacant","Clay",1,1,1.05,11.36,17.06,1.05,0,14
"2.5%270","Kosciusko","Residential Improved","Countywide",1,1,1,9.47,13.39,1.01,0,1077
"df_sp151","Kosciusko","Residential Improved","Clay",0.95,1,1.03,7.82,11.68,1.03,0,19
"df_sp152","Kosciusko","Residential Improved","Monroe",0.9,1,1.05,10.75,14.99,1.03,0,14
"2.5%271","Kosciusko","Residential Improved","Harrison",0.93,1,1.02,11.41,15.28,1.03,0,37
"df_sp153","Kosciusko","Residential Improved","Franklin",0.83,1,1.07,10.47,13.62,1.02,0,14
"2.5%272","Kosciusko","Residential Improved","Lake",0.91,1,1,8.89,13.69,1,0,25
"2.5%273","Kosciusko","Residential Improved","Plain",0.98,1,1.01,8.89,12.17,1.02,0,104
"2.5%274","Kosciusko","Residential Improved","Prairie",0.86975,1,1.02,10.3,13.39,0.98,0,22
"2.5%275","Kosciusko","Residential Improved","Tippecanoe",0.96,1,1.01,11.24,15.89,1.01,0,144
"2.5%276","Kosciusko","Residential Improved","Turkey Creek",0.97,1,1.01,10.51,14.34,1.01,0,166
"2.5%277","Kosciusko","Residential Improved","Van Buren",0.94,1,1.01,10.52,15.26,1,0,57
"2.5%278","Kosciusko","Residential Improved","Washington",0.89,1,1.01,9.88,13.85,1.01,0,28
"2.5%279","Kosciusko","Residential Improved","Wayne",0.98,1,1,7.88,11.48,1,0,393
"df_sp154","Kosciusko","Residential Improved","Etna",0.84,1.03,1.13,8.02,11.24,1,0,5
"2.5%280","Kosciusko","Residential Improved","Seward",0.91,1,1.03,12,16.72,1.02,0,35
"df_sp155","Kosciusko","Residential Improved","Scott",0.87,1,1.06,10.04,14.12,1.02,0,14
"1137","Lagrange","Industrial Vacant","Countywide",NA,NA,NA,NA,NA,NA,NA,0
"df_sp156","Lagrange","Industrial Improved","Countywide",0.48,0.54,0.68,50.27,66.13,1.48,0,9
"1138","Lagrange","Commercial Vacant","Countywide",NA,NA,NA,NA,NA,NA,NA,0
"2.5%281","Lagrange","Commercial Improved","Countywide",0.68,0.81,0.93,25.65,31.37,0.99,0,21
"2.5%282","Lagrange","Residential Vacant","Countywide",0.3,0.61,0.73,52.01,66.05,1.25,0,26
"df_sp157","Lagrange","Residential Vacant","Johnson",0.22,0.72,1.07,33.7,46.63,1.19,0,5
"2.5%283","Lagrange","Residential Vacant","Bloomfield",0.27,0.52,0.73,63.18,71.99,1.2,0,21
"2.5%284","Lagrange","Residential Improved","Countywide",0.93,0.94,0.95,13.94,20.99,1.02,0,533
"2.5%285","Lagrange","Residential Improved","Bloomfield",0.91,0.95,0.98,11.5,14.58,1.02,0,104
"2.5%286","Lagrange","Residential Improved","Clay",0.89,0.95,1,15.41,24.55,0.98,0,38
"2.5%287","Lagrange","Residential Improved","Clearspring",0.84,0.93,0.97,11.64,19.62,1.05,0,29
"df_sp158","Lagrange","Residential Improved","Eden",0.9,0.93,1.07,17.88,26.02,1.13,0,16
"2.5%288","Lagrange","Residential Improved","Greenfield",0.78975,0.93,0.98,17.71,27.05,1.02,0,30
"2.5%289","Lagrange","Residential Improved","Johnson",0.91,0.93,0.96,11.76,15.02,1,0,108
"2.5%290","Lagrange","Residential Improved","Lima",0.86,0.94,1,12.93,16.09,1,0,23
"2.5%291","Lagrange","Residential Improved","Milford",0.92,0.95,0.99,16.53,28.23,1.04,0,86
"2.5%292","Lagrange","Residential Improved","Newbury",0.87,0.98,0.99025,13.04,17.06,1.01,0,52
"df_sp159","Lagrange","Residential Improved","Springfield",0.85,0.95,0.98,17.02,27.6,1.05,0,15
"2.5%293","Lagrange","Residential Improved","Van Buren",0.87,0.94,1.01,16.07,24.19,1.04,0,32
"1139","Laporte","Industrial Vacant","Countywide",NA,NA,NA,NA,NA,NA,NA,0
"1140","Laporte","Industrial Improved","Countywide",NA,NA,NA,NA,NA,NA,NA,0
"1141","Laporte","Commercial Vacant","Countywide",NA,NA,NA,NA,NA,NA,NA,0
"df_sp160","Laporte","Commercial Improved","Countywide",0.96,1.02,1.08,6.33,8.15,1,0,12
"2.5%294","Laporte","Residential Vacant","Countywide",0.91,0.95,0.98,6.82,10.15,1.01,0,53
"df_sp161","Laporte","Residential Vacant","Center",0.91,0.93,0.96,4.16,6,0.98,0,6
"df_sp162","Laporte","Residential Vacant","Coolspring",0.9,0.92,0.99,4.44,5.43,1.02,0,6
"1142","Laporte","Residential Vacant","Kankakee",NA,NA,NA,NA,NA,NA,NA,4
"1143","Laporte","Residential Vacant","Michigan",NA,NA,NA,NA,NA,NA,NA,4
"1144","Laporte","Residential Vacant","New Durham",NA,NA,NA,NA,NA,NA,NA,3
"df_sp163","Laporte","Residential Vacant","Galena",0.97,1,1.01,2.66,4.41,0.99,0,6
"df_sp164","Laporte","Residential Vacant","Lincoln",0.94,0.95,0.99,4.02,4.82,1,0,19
"2.5%295","Laporte","Residential Improved","Countywide",0.84,0.86,0.87,13.08,16.7,1.02,0,955
"df_sp165","Laporte","Residential Improved","Clinton",0.73,0.9,0.91,9.71,13.32,1.02,0,13
"df_sp166","Laporte","Residential Improved","Cass",0.81,0.89,0.9,8.8,12.64,0.99,0,13
"2.5%296","Laporte","Residential Improved","Center",0.85,0.87,0.9,11.91,14.58,1.02,0,266
"2.5%297","Laporte","Residential Improved","Coolspring",0.81,0.82,0.9,13.24,15.86,1,0,99
"df_sp167","Laporte","Residential Improved","Galena",0.73,0.79,0.91,13.73,17.98,1.08,0,10
"1145","Laporte","Residential Improved","Hanna",NA,NA,NA,NA,NA,NA,NA,3
"df_sp168","Laporte","Residential Improved","Hudson",0.61,0.82,0.9,15.59,22,1.04,0,11
"2.5%298","Laporte","Residential Improved","Kankakee",0.75,0.85,0.9,10.57,12.13,1,0,30
"df_sp169","Laporte","Residential Improved","Lincoln",0.71,0.86,0.94,14.7,18.04,1.05,0,14
"2.5%299","Laporte","Residential Improved","Michigan",0.83,0.85,0.87,14.92,19.11,1.02,0,286
"2.5%300","Laporte","Residential Improved","New Durham",0.83,0.87,0.91,10.95,13.77,1,0,57
"df_sp170","Laporte","Residential Improved","Noble",0.48,0.72,0.95,26.96,34.74,1.05,0,7
"2.5%301","Laporte","Residential Improved","Pleasant",0.77,0.83,0.91,15.77,20.68,0.97,0,27
"2.5%302","Laporte","Residential Improved","Scipio",0.83,0.9,0.9,7.62,10.09,1,0,48
"2.5%303","Laporte","Residential Improved","Springfield",0.78,0.9,0.95,14.23,19.3,0.98,0,21
"2.5%304","Laporte","Residential Improved","Union",0.78,0.87,0.91,14.21,20.29,1,0,30
"df_sp171","Laporte","Residential Improved","Washington",0.7,0.83,0.91,11.64,16.38,1.02,0,6
"df_sp172","Laporte","Residential Improved","Wills",0.8,0.88,0.9,6.22,7.41,1.01,0,14
"1146","Marshall","Industrial Vacant","Countywide",NA,NA,NA,NA,NA,NA,NA,0
"df_sp173","Marshall","Industrial Improved","Countywide",0.5,0.73,0.82,22.5,28.37,0.96,0,10
"1147","Marshall","Commercial Vacant","Countywide",NA,NA,NA,NA,NA,NA,NA,0
"df_sp174","Marshall","Commercial Improved","Countywide",0.85,0.91,0.97,11.19,16.97,1.01,0,12
"1148","Marshall","Commercial Improved","Union",NA,NA,NA,NA,NA,NA,NA,1
"1149","Marshall","Commercial Improved","Center",NA,NA,NA,NA,NA,NA,NA,3
"df_sp175","Marshall","Commercial Improved","Bourbon",0.79,0.88,0.92,7.07,10.02,1.02,0,8
"2.5%305","Marshall","Residential Vacant","Countywide",0.56,0.86,1.05,52.79,67.13,1.17,0,30
"df_sp176","Marshall","Residential Vacant","Center",0.92,1.05,1.16,28.87,51.37,0.95,0,6
"2.5%306","Marshall","Residential Vacant","Bourbon",0.43,0.82,0.91,57.29,70.65,1.12,0,23
"2.5%307","Marshall","Residential Improved","Countywide",0.92,0.93,0.94,11.93,18.08,1.03,0,572
"2.5%308","Marshall","Residential Improved","Bourbon",0.88,0.92,0.96025,11.85,16.77,1.05,0,28
"2.5%309","Marshall","Residential Improved","German",0.93,0.94,0.95,9.77,13.64,1.02,0,99
"2.5%310","Marshall","Residential Improved","North",0.87,0.93,0.97025,11.35,14.31,1.01,0,34
"2.5%311","Marshall","Residential Improved","Polk",0.92,0.95,1.01,10.6,16.19,1.01,0,24
"df_sp177","Marshall","Residential Improved","Tippecanoe",0.79,0.93,1.02,12.72,15.57,1.02,0,9
"2.5%312","Marshall","Residential Improved","Union",0.87,0.91,0.93,12,16.79,1.05,0,59
"2.5%313","Marshall","Residential Improved","Walnut",0.9,0.94,0.96,9.72,14.55,1,0,42
"2.5%314","Marshall","Residential Improved","West",0.91,0.93,0.97025,12.2,15.29,1.03,0,85
"2.5%315","Marshall","Residential Improved","Center",0.9,0.91,0.92,13.32,22.69,1.01,0,192
"1150","Miami","Industrial Vacant","Countywide",NA,NA,NA,NA,NA,NA,NA,0
"1151","Miami","Industrial Improved","Countywide",NA,NA,NA,NA,NA,NA,NA,0
"1152","Miami","Commercial Vacant","Countywide",NA,NA,NA,NA,NA,NA,NA,0
"1153","Miami","Commercial Improved","Countywide",NA,NA,NA,NA,NA,NA,NA,0
"df_sp178","Miami","Residential Vacant","Countywide",0.24,0.44,0.77,70.79,77.43,1.69,0,18
"2.5%316","Miami","Residential Improved","Countywide",0.89,0.91,0.94,14.12,17.99,1.05,0,156
"2.5%317","Miami","Residential Improved","Peru",0.9,0.92,0.97,13.63,17.68,1.03,0,59
"2.5%318","Miami","Residential Improved","Washington",0.78,0.89,1.01,17.67,20.82,1.09,0,23
"2.5%319","Miami","Residential Improved","Pipe Creek",0.85,0.89,0.99,12.67,16.64,1.03,0,36
"df_sp179","Miami","Residential Improved","Union",0.75,0.85,0.98,15.41,17.64,1.05,0,16
"df_sp180","Miami","Residential Improved","Butler",0.9,0.94,0.98,11.66,16.14,1.04,0,17
"1154","Monroe","Industrial Vacant","Countywide",NA,NA,NA,NA,NA,NA,NA,0
"1155","Monroe","Industrial Improved","Countywide",NA,NA,NA,NA,NA,NA,NA,0
"1156","Monroe","Commercial Vacant","Countywide",NA,NA,NA,NA,NA,NA,NA,0
"df_sp181","Monroe","Commercial Improved","Countywide",0.6,0.76,0.89,29.75,37.86,1,0,17
"2.5%320","Monroe","Residential Vacant","Countywide",0.88,0.96,1.01,18.02,25.55,1.01,0,55
"2.5%321","Monroe","Residential Improved","Countywide",0.96,0.97,0.97,9.46,14,1.01,0,1476
"2.5%322","Monroe","Residential Improved","Bean Blossom",0.96,0.98,1,9.66,19.91,1,0,24
"2.5%323","Monroe","Residential Improved","Benton",0.86,0.98,1.01,10.5,14.08,1.02,0,30
"2.5%324","Monroe","Residential Improved","Bloomington",0.93,0.95,0.97,13.15,17.94,1.01,0,187
"2.5%325","Monroe","Residential Improved","Clear Creek",0.91,0.94,0.97,11.82,15.19,1.03,0,130
"df_sp182","Monroe","Residential Improved","Indian Creek",0.96,0.99,1.01,9.73,14.96,1.02,0,17
"2.5%326","Monroe","Residential Improved","Perry",0.96,0.97,0.97,8.35,12.04,1.01,0,633
"2.5%327","Monroe","Residential Improved","Richland",0.95,0.97,0.98,8.41,12.98,1,0,288
"df_sp183","Monroe","Residential Improved","Salt Creek",0.87,0.94,0.99,11.22,15.14,1,0,15
"2.5%328","Monroe","Residential Improved","Van Buren",0.96,0.97,0.98,8.54,14.89,1.02,0,128
"2.5%329","Monroe","Residential Improved","Washington",0.97,0.99,1.03,10.71,18.01,1.03,0,20
"1157","Montgomery","Industrial Vacant","Countywide",NA,NA,NA,NA,NA,NA,NA,0
"1158","Montgomery","Industrial Improved","Countywide",NA,NA,NA,NA,NA,NA,NA,0
"1159","Montgomery","Commercial Vacant","Countywide",NA,NA,NA,NA,NA,NA,NA,0
"df_sp184","Montgomery","Commercial Improved","Countywide",0.9,0.93,1.06,14.8,19.61,1.11,0,15
"df_sp185","Montgomery","Residential Vacant","Countywide",0.1,0.14,0.18,107.27,114.45,1.2,0,17
"2.5%330","Montgomery","Residential Improved","Countywide",0.95,0.97,0.98,13.44,18.93,1.02,0,235
"2.5%331","Montgomery","Residential Improved","Brown",0.9,0.97,1.04,14.7,19.61,1.04,0,31
"df_sp186","Montgomery","Residential Improved","Madison",0.85,0.97,1.05,16.2,23.41,1,0,19
"2.5%332","Montgomery","Residential Improved","Union",0.95,0.97,0.98,12.94,18.4,1.02,0,185
"1160","Morgan","Industrial Vacant","Countywide",NA,NA,NA,NA,NA,NA,NA,0
"df_sp187","Morgan","Industrial Improved","Countywide",0.89,0.95,1.24,21.69,30.97,1.09,0,8
"df_sp188","Morgan","Commercial Vacant","Countywide",0.87,1,1.08,5.28,7.81,0.97,0,5
"2.5%333","Morgan","Commercial Improved","Countywide",0.88,0.93,0.97,13.23,19.69,1.05,0,34
"2.5%334","Morgan","Residential Vacant","Countywide",0.92,0.95,0.97,12.91,18.84,1.02,0,131
"2.5%335","Morgan","Residential Vacant","Adams",0.9,0.92,0.98,11.83,15.74,1.01,0,38
"2.5%336","Morgan","Residential Vacant","Ray",0.9,0.93,0.97,15.03,23.96,1.02,0,39
"2.5%337","Morgan","Residential Vacant","Brown",0.91,0.99,1.07,12.31,15.45,1.04,0,26
"2.5%338","Morgan","Residential Vacant","Jackson",0.92,0.97,1,10.48,18.38,0.99,0,27
"2.5%339","Morgan","Residential Improved","Countywide",0.91,0.92,0.93,33.39,79.17,1.18,0,1028
"df_sp189","Morgan","Residential Improved","Adams",0.86,0.98,1.05,32.42,52.81,1.22,0,18
"df_sp190","Morgan","Residential Improved","Baker",0.83,0.91,0.98,12.48,16.43,1.01,0,18
"2.5%340","Morgan","Residential Improved","Brown",0.89,0.91,0.93,10.63,16.42,1.01,0,167
"2.5%341","Morgan","Residential Improved","Clay",0.87,0.91,0.96,14.45,29.96,1.04,0,38
"2.5%342","Morgan","Residential Improved","Green",0.9,0.92,0.97,47.86,77.05,1.3,0,30
"2.5%343","Morgan","Residential Improved","Gregg",0.9,0.95,0.97,35.34,90.63,1.26,0,26
"df_sp191","Morgan","Residential Improved","Harrison",0.88,0.99,1.03,66.67,144.48,1.36,0,15
"2.5%344","Morgan","Residential Improved","Jackson",0.9,0.94,0.98,12.8,20.68,1,0,35
"2.5%345","Morgan","Residential Improved","Jefferson",0.88,0.93,1,33.16,78.45,1.18,0,34
"2.5%346","Morgan","Residential Improved","Madison",0.92,0.93,0.94,80.3,85,1.48,0,256
"2.5%347","Morgan","Residential Improved","Monroe",0.9,0.91,0.92,7.6,12.36,1.01,0,136
"2.5%348","Morgan","Residential Improved","Washington",0.89,0.91,0.93,16.78,68.2,1.03,0,255
"1161","Newton","Industrial Vacant","Countywide",NA,NA,NA,NA,NA,NA,NA,0
"1162","Newton","Industrial Improved","Countywide",NA,NA,NA,NA,NA,NA,NA,0
"1163","Newton","Commercial Vacant","Countywide",NA,NA,NA,NA,NA,NA,NA,0
"2.5%349","Newton","Commercial Improved","Countywide",0.84,0.95,0.98,15.66,20.73,1.03,0,39
"2.5%350","Newton","Residential Vacant","Countywide",0.68,0.78,0.93,44.43,56.83,1.76,0,60
"2.5%351","Newton","Residential Improved","Countywide",0.94,0.96,0.97,34.92,95.83,1.19,0,626
"2.5%352","Newton","Residential Improved","Beaver",0.92,0.97,0.99,28.94,49.27,1.14,0,95
"2.5%353","Newton","Residential Improved","Grant",0.85,0.96,1.01,17.31,22.17,1.04,0,47
"2.5%354","Newton","Residential Improved","Iroquois",0.92,0.94,1.02,15.53,19.97,1.04,0,49
"2.5%355","Newton","Residential Improved","Jefferson",0.95,0.98,1.02,52,114.05,1.32,0,122
"2.5%356","Newton","Residential Improved","Lake",0.93,0.96,1.01,58.13,114.97,1.34,0,99
"2.5%357","Newton","Residential Improved","Lincoln",0.92,0.93,0.97,25.15,87.53,1.11,0,207
"1164","Noble","Industrial Vacant","Countywide",NA,NA,NA,NA,NA,NA,NA,0
"1165","Noble","Industrial Improved","Countywide",NA,NA,NA,NA,NA,NA,NA,0
"1166","Noble","Commercial Vacant","Countywide",NA,NA,NA,NA,NA,NA,NA,0
"1167","Noble","Commercial Improved","Countywide",NA,NA,NA,NA,NA,NA,NA,0
"2.5%358","Noble","Residential Vacant","Countywide",0.4,0.54,0.68,43.37,49.78,1.2,0,21
"2.5%359","Noble","Residential Improved","Countywide",0.91,0.93,0.95,11.64,15.99,1.01,0,395
"2.5%360","Noble","Residential Improved","Albion",0.88,0.98,1.03,11.3,14.27,1.01,0,27
"2.5%361","Noble","Residential Improved","Allen",0.87,0.93,0.97,11.08,14.51,1.01,0,61
"df_sp192","Noble","Residential Improved","Elkhart",0.74,0.91,0.96,12.82,15.9,0.96,0,10
"1168","Noble","Residential Improved","Green",NA,NA,NA,NA,NA,NA,NA,1
"df_sp193","Noble","Residential Improved","Jefferson",0.78,0.89,1,16.1,23.03,1.02,0,9
"2.5%362","Noble","Residential Improved","Noble",0.87,0.92,0.99,10.33,13.52,1.02,0,31
"2.5%363","Noble","Residential Improved","Orange",0.87,0.91,0.98025,14.93,19.54,1.01,0,44
"2.5%364","Noble","Residential Improved","Perry",0.9,0.95,0.97025,10.44,16.7,0.99,0,39
"df_sp194","Noble","Residential Improved","Sparta",0.85,0.94,1.02,9.19,10.85,1,0,10
"2.5%365","Noble","Residential Improved","Swan",0.9,0.95,0.99,12.01,17.42,0.99,0,21
"1169","Noble","Residential Improved","Washington",NA,NA,NA,NA,NA,NA,NA,0
"2.5%366","Noble","Residential Improved","Wayne",0.9,0.93,0.95,10.82,15.01,1,0,132
"df_sp195","Noble","Residential Improved","York",0.83,0.94,0.99,9.38,13.56,1.02,0,10
"1170","Ohio","Industrial Vacant","Countywide",NA,NA,NA,NA,NA,NA,NA,0
"1171","Ohio","Industrial Improved","Countywide",NA,NA,NA,NA,NA,NA,NA,0
"1172","Ohio","Commercial Vacant","Countywide",NA,NA,NA,NA,NA,NA,NA,0
"df_sp196","Ohio","Commercial Improved","Countywide",0.85,0.97,1.11,18.09,22.98,1,0,15
"2.5%367","Ohio","Residential Vacant","Countywide",0.8,0.91,0.96,18.37,26.9,1.05,0,20
"2.5%368","Ohio","Residential Improved","Countywide",0.92,0.93,0.96,22.8,54.08,1.08,0,185
"2.5%369","Ohio","Residential Improved","Cass",0.87,0.94,1,24.17,56.34,1.11,0,29
"2.5%370","Ohio","Residential Improved","Randolph",0.92,0.93,0.97,22.52,53.82,1.08,0,156
"1173","Perry","Industrial Vacant","Countywide",NA,NA,NA,NA,NA,NA,NA,0
"1174","Perry","Industrial Improved","Countywide",NA,NA,NA,NA,NA,NA,NA,0
"1175","Perry","Commercial Vacant","Countywide",NA,NA,NA,NA,NA,NA,NA,0
"df_sp197","Perry","Commercial Improved","Countywide",0.91,1,1.05,7.62,10.06,1.02,0,7
"df_sp198","Perry","Residential Vacant","Countywide",0.86,0.92,0.99,17.4,31.28,1.17,0,12
"2.5%371","Perry","Residential Improved","Countywide",0.89,0.91,0.94,13.41,24.78,1.03,0,103
"df_sp199","Perry","Residential Improved","Anderson",0.8,0.9,1.11,16.72,24.06,1.07,0,11
"2.5%372","Perry","Residential Improved","Troy",0.89,0.91,0.94,13.02,24.87,1.03,0,92
"1176","Pike","Industrial Vacant","Countywide",NA,NA,NA,NA,NA,NA,NA,0
"1177","Pike","Industrial Improved","Countywide",NA,NA,NA,NA,NA,NA,NA,0
"1178","Pike","Commercial Vacant","Countywide",NA,NA,NA,NA,NA,NA,NA,0
"df_sp200","Pike","Commercial Improved","Countywide",0.94,0.98,1.05,8.19,13.15,1.01,0,14
"df_sp201","Pike","Residential Vacant","Countywide",0.08,0.28,1.19,183.79,112.81,1.58,0,10
"2.5%373","Pike","Residential Improved","Countywide",0.95,0.97,0.99,12.6,20.52,1.09,0,174
"df_sp202","Pike","Residential Improved","Clay",0.95,1.01,1.05,7.16,9.07,1.02,0,17
"2.5%374","Pike","Residential Improved","Jefferson",0.92,0.95,0.97,7.38,9.97,1,0,40
"2.5%375","Pike","Residential Improved","Patoka",0.91,0.97,1,7.99,10.17,1.02,0,26
"2.5%376","Pike","Residential Improved","Washington",0.94,0.98,1,16.7,26.11,1.18,0,91
"1179","Porter","Industrial Vacant","Countywide",NA,NA,NA,NA,NA,NA,NA,0
"1180","Porter","Industrial Improved","Countywide",NA,NA,NA,NA,NA,NA,NA,0
"1181","Porter","Commercial Vacant","Countywide",NA,NA,NA,NA,NA,NA,NA,0
"2.5%377","Porter","Commercial Improved","Countywide",0.47,0.6,0.65,33.12,43.85,0.95,0,28
"df_sp203","Porter","Commercial Improved","Center",0.39,0.47,0.59,32.08,47.84,1.14,0,13
"df_sp204","Porter","Commercial Improved","Portage",0.6,0.62,0.88,29.68,33.87,0.84,0,9
"df_sp205","Porter","Commercial Improved","Boone",0.62,0.7,0.83,28.89,51.2,1.15,0,6
"2.5%378","Porter","Residential Vacant","Countywide",0.92,1.01,1.05,29.21,47.44,1.24,0,77
"2.5%379","Porter","Residential Vacant","Boone",0.9,1.02,1.07,15.71,22.92,1.05,0,23
"2.5%380","Porter","Residential Vacant","Center",0.89,1.01,1.13,39.68,54.59,1.42,0,30
"2.5%381","Porter","Residential Vacant","Liberty",0.88,1.03,1.13,26.74,47.72,1.04,0,21
"1182","Porter","Residential Vacant","Portage",NA,NA,NA,NA,NA,NA,NA,3
"2.5%382","Porter","Residential Improved","Countywide",0.94,0.94,0.95,11.28,15.5,1.01,0,1343
"2.5%383","Porter","Residential Improved","Boone",0.92,0.95,1.02,10.12,13.5,1.02,0,43
"2.5%384","Porter","Residential Improved","Center",0.93,0.95,0.96,10.86,14.48,1,0,435
"2.5%385","Porter","Residential Improved","Jackson",0.91,1,1.04,12.84,16.29,1.03,0,39
"2.5%386","Porter","Residential Improved","Liberty",0.92,0.94,0.98,12.12,17.04,1.01,0,81
"2.5%387","Porter","Residential Improved","Morgan",0.94,1.02,1.11,9.59,11.89,1.02,0,20
"df_sp206","Porter","Residential Improved","Pine",0.82,0.96,1.09,9.43,13.11,0.98,0,8
"2.5%388","Porter","Residential Improved","Pleasant",0.86,0.93,0.96,10.73,14.33,1,0,39
"2.5%389","Porter","Residential Improved","Portage",0.91,0.93,0.95,11.99,17.68,1.01,0,345
"2.5%390","Porter","Residential Improved","Porter",0.94,0.97,1.02,12.85,18.46,1.02,0,54
"2.5%391","Porter","Residential Improved","Union",0.91,0.94,0.97,10.53,14,1.02,0,89
"2.5%392","Porter","Residential Improved","Washington",0.91,0.94,1.01,9.5,12.37,1,0,22
"2.5%393","Porter","Residential Improved","Westchester",0.93,0.96,0.98,10.13,12.94,1,0,168
"1183","Posey","Industrial Vacant","Countywide",NA,NA,NA,NA,NA,NA,NA,0
"1184","Posey","Industrial Improved","Countywide",NA,NA,NA,NA,NA,NA,NA,0
"1185","Posey","Commercial Vacant","Countywide",NA,NA,NA,NA,NA,NA,NA,0
"df_sp207","Posey","Commercial Improved","Countywide",0.81,0.95,1.06,13.03,18.56,1.03,0,8
"df_sp208","Posey","Commercial Improved","Black",0.87,0.96,1.06,10.89,15.94,1.06,0,7
"1186","Posey","Commercial Improved","Bethel",NA,NA,NA,NA,NA,NA,NA,1
"2.5%394","Posey","Residential Vacant","Countywide",0.8,0.86,0.91,22.87,38.56,1,0,31
"1187","Posey","Residential Vacant","Bethel",NA,NA,NA,NA,NA,NA,NA,2
"2.5%395","Posey","Residential Vacant","Black",0.8,0.86,0.91,23.18,39.67,1,0,29
"2.5%396","Posey","Residential Improved","Countywide",0.91,0.92,0.93,14.78,21.96,1.03,0,320
"df_sp209","Posey","Residential Improved","Bethel",0.84,0.91,1.01,9.74,11.98,1.02,0,16
"2.5%397","Posey","Residential Improved","Black",0.89,0.92,0.94,16.73,25.2,1.04,0,138
"df_sp210","Posey","Residential Improved","Center",0.86,0.91,1.01,12.89,17.15,1.02,0,17
"2.5%398","Posey","Residential Improved","Harmony",0.85,0.92,0.98,11.4,15.68,1.01,0,21
"df_sp211","Posey","Residential Improved","Lynn",0.72,0.94,1.05,12.22,16.15,1,0,7
"2.5%399","Posey","Residential Improved","Marrs",0.85975,0.92,0.95,14.9,21.37,1.01,0,47
"2.5%400","Posey","Residential Improved","Robb",0.88,0.91,1.04,14.59,18.83,1.02,0,29
"2.5%401","Posey","Residential Improved","Robinson",0.88,0.9,0.93,13.1,19.34,1.01,0,45
"1188","Pulaski","Industrial Vacant","Countywide",NA,NA,NA,NA,NA,NA,NA,0
"1189","Pulaski","Industrial Improved","Countywide",NA,NA,NA,NA,NA,NA,NA,0
"1190","Pulaski","Commercial Vacant","Countywide",NA,NA,NA,NA,NA,NA,NA,0
"df_sp212","Pulaski","Commercial Improved","Countywide",0.81,0.99,1.05,15.04,26.66,0.98,0,14
"2.5%402","Pulaski","Residential Vacant","Countywide",0.53975,0.75,0.93,45.51,56.69,1.05,0,38
"2.5%403","Pulaski","Residential Vacant","Franklin",0.39,0.75,0.93,43.07,57.18,0.99,0,22
"1191","Pulaski","Residential Vacant","Rich Grove",NA,NA,NA,NA,NA,NA,NA,4
"df_sp213","Pulaski","Residential Vacant","Harrison",0.31,0.56,1.07,34.19,49.91,1.15,0,5
"df_sp214","Pulaski","Residential Vacant","Van Buren",0.28,0.81,1.61,59.11,66.31,1.3,0,7
"2.5%404","Pulaski","Residential Improved","Countywide",0.93,0.95,0.97,13.6,20.53,1.02,0,258
"2.5%405","Pulaski","Residential Improved","Cass",0.87,0.98,1.05,15.09,24.03,1.03,0,20
"df_sp215","Pulaski","Residential Improved","Jefferson",0.85,0.93,1,9.8,12.61,1.01,0,14
"df_sp216","Pulaski","Residential Improved","Harrison",0.88,0.93,0.97,17.22,29.28,0.95,0,9
"df_sp217","Pulaski","Residential Improved","Indian Creek",0.74,0.9,0.96,16.67,21.57,0.99,0,17
"2.5%406","Pulaski","Residential Improved","Monroe",0.91,0.94,0.98,11.98,16.65,1.02,0,103
"2.5%407","Pulaski","Residential Improved","Salem",0.91,0.97,1,14.55,23.62,1.03,0,39
"df_sp218","Pulaski","Residential Improved","Tippecanoe",0.89,0.94,0.97,11.71,20.86,1.04,0,16
"2.5%408","Pulaski","Residential Improved","Van Buren",0.84,0.98,1.09,15.12,18.55,1.06,0,21
"df_sp219","Pulaski","Residential Improved","White Post",0.91,0.94,1.05,15.35,26.03,1.04,0,19
"1192","Putnam","Industrial Vacant","Countywide",NA,NA,NA,NA,NA,NA,NA,0
"1193","Putnam","Industrial Improved","Countywide",NA,NA,NA,NA,NA,NA,NA,0
"1194","Putnam","Commercial Vacant","Countywide",NA,NA,NA,NA,NA,NA,NA,0
"df_sp220","Putnam","Commercial Improved","Countywide",0.48,0.79,0.96,26.47,32.65,1.07,0,8
"1195","Putnam","Commercial Improved","Cloverdale",NA,NA,NA,NA,NA,NA,NA,4
"1196","Putnam","Commercial Improved","Greencastle",NA,NA,NA,NA,NA,NA,NA,3
"2.5%409","Putnam","Residential Vacant","Countywide",0.76,0.96,1.01,24.67,33.22,1.25,0,47
"2.5%410","Putnam","Residential Vacant","Floyd",0.79,0.96,1.01,20.17,27.1,1.22,0,39
"df_sp221","Putnam","Residential Vacant","Clinton",0.31,0.5,1.22,68.93,61.26,1.65,0,8
"2.5%411","Putnam","Residential Improved","Countywide",0.9,0.91,0.92,13.39,19.63,1.04,0,277
"2.5%412","Putnam","Residential Improved","Clinton",0.9,0.91,0.95,13.27,22.86,1.01,0,21
"2.5%413","Putnam","Residential Improved","Cloverdale",0.77,0.9,0.94,11.45,14.4,1.03,0,25
"2.5%414","Putnam","Residential Improved","Floyd",0.84,0.89,0.94,8.42,12.9,0.99,0,21
"df_sp222","Putnam","Residential Improved","Franklin",0.91,0.93,1.02,5.43,7.05,1.02,0,8
"2.5%415","Putnam","Residential Improved","Greencastle",0.88,0.91,0.92,12.26,17.69,1.03,0,145
"2.5%416","Putnam","Residential Improved","Jackson",0.96,1.23,1.23,16.91,24.04,1.11,0,21
"df_sp223","Putnam","Residential Improved","Marion",0.86,0.93,1.16,12.39,18.8,1.04,0,8
"df_sp224","Putnam","Residential Improved","Monroe",0.84,0.91,0.92,5.67,8.01,1.01,0,9
"1197","Putnam","Residential Improved","Russell",NA,NA,NA,NA,NA,NA,NA,2
"df_sp225","Putnam","Residential Improved","Warren",0.76,0.82,0.94,12.52,16.63,1.01,0,9
"df_sp226","Putnam","Residential Improved","Washington",0.82,0.94,1.14,20.73,32.79,1.13,0,8
"1198","Randolph","Industrial Vacant","Countywide",NA,NA,NA,NA,NA,NA,NA,0
"1199","Randolph","Industrial Improved","Countywide",NA,NA,NA,NA,NA,NA,NA,0
"1200","Randolph","Commercial Vacant","Countywide",NA,NA,NA,NA,NA,NA,NA,0
"1201","Randolph","Commercial Improved","Countywide",NA,NA,NA,NA,NA,NA,NA,0
"1202","Randolph","Residential Vacant","Countywide",NA,NA,NA,NA,NA,NA,NA,0
"2.5%417","Randolph","Residential Improved","Countywide",0.92,0.96,0.98,13.42,18.1,1.05,0,159
"df_sp227","Randolph","Residential Improved","Franklin",0.84,0.91,1.14,14.59,19.18,1.06,0,6
"1203","Randolph","Residential Improved","Green",NA,NA,NA,NA,NA,NA,NA,2
"df_sp228","Randolph","Residential Improved","Greensfork",0.57,0.74,0.97,26.36,32.07,1.03,0,8
"2.5%418","Randolph","Residential Improved","Monroe",0.93,0.97,1,8.8,11.24,1.03,0,34
"df_sp229","Randolph","Residential Improved","Stoney Creek",0.88,0.98,1.11,14.5,22.8,1.14,0,6
"df_sp230","Randolph","Residential Improved","Union",0.79,0.85,0.97,17.21,24.53,1.11,0,12
"df_sp231","Randolph","Residential Improved","Washington",0.85,1.01,1.19,17.18,21.67,1.05,0,10
"2.5%419","Randolph","Residential Improved","Wayne",0.94,0.98,1.02,10.37,13.6,1.02,0,24
"2.5%420","Randolph","Residential Improved","White River",0.91,0.96,0.99,13.04,16.84,1.04,0,57
"1204","Ripley","Industrial Vacant","Countywide",NA,NA,NA,NA,NA,NA,NA,0
"1205","Ripley","Industrial Improved","Countywide",NA,NA,NA,NA,NA,NA,NA,0
"1206","Ripley","Commercial Vacant","Countywide",NA,NA,NA,NA,NA,NA,NA,0
"2.5%421","Ripley","Commercial Improved","Countywide",0.42,0.58,0.92025,62.78,65.43,1.31,0,20
"2.5%422","Ripley","Residential Vacant","Countywide",0.11,0.26,0.4,106.95,91.99,1.89,0,77
"2.5%423","Ripley","Residential Improved","Countywide",0.84,0.86,0.89,26.37,40.98,1.09,0,277
"2.5%424","Ripley","Residential Improved","Brown",0.77,0.84,0.93,29.62,38.64,1.15,0,55
"2.5%425","Ripley","Residential Improved","Center",0.63,0.85,0.91,37.64,53.98,1.25,0,66
"2.5%426","Ripley","Residential Improved","Adams",0.86,0.89,0.93,19.73,39.11,1.03,0,33
"2.5%427","Ripley","Residential Improved","Johnson",0.65,0.78,0.89,25.57,41.05,1.11,0,33
"2.5%428","Ripley","Residential Improved","Laughery",0.85,0.9,0.93,18.56,31.56,1.06,0,90
"1207","Rush","Industrial Vacant","Countywide",NA,NA,NA,NA,NA,NA,NA,0
"1208","Rush","Industrial Improved","Countywide",NA,NA,NA,NA,NA,NA,NA,0
"1209","Rush","Commercial Vacant","Countywide",NA,NA,NA,NA,NA,NA,NA,0
"1210","Rush","Commercial Improved","Countywide",NA,NA,NA,NA,NA,NA,NA,0
"df_sp232","Rush","Residential Vacant","Countywide",0.16,0.32,0.72,54.3,63.77,0.84,0,5
"2.5%429","Rush","Residential Improved","Countywide",0.95,0.98,1,9.23,14.11,1.01,0,66
"2.5%430","Rush","Residential Improved","Rushville",0.95,0.99,1.02,8.64,11.61,1,0,39
"2.5%431","Rush","Residential Improved","Anderson",0.92,0.96,1,10.02,17.35,1.02,0,27
"1211","Scott","Industrial Vacant","Countywide",NA,NA,NA,NA,NA,NA,NA,0
"1212","Scott","Industrial Improved","Countywide",NA,NA,NA,NA,NA,NA,NA,0
"1213","Scott","Commercial Vacant","Countywide",NA,NA,NA,NA,NA,NA,NA,0
"df_sp233","Scott","Commercial Improved","Countywide",0.73,0.95,1.03,12.76,16.67,1.01,0,8
"2.5%432","Scott","Residential Vacant","Countywide",0.54,0.69,0.79,32.54,41.78,1.09,0,47
"2.5%433","Scott","Residential Improved","Countywide",0.88,0.9,0.91,13.02,18.78,1.04,0,209
"df_sp234","Scott","Residential Improved","Finley",0.81,0.86,0.95,11.3,14.92,1.09,0,12
"2.5%434","Scott","Residential Improved","Jennings",0.85,0.89,0.93,16.7,26.09,1.08,0,31
"2.5%435","Scott","Residential Improved","Johnson",0.8,0.91,0.96,15.75,26.46,1.12,0,20
"2.5%436","Scott","Residential Improved","Lexington",0.77,0.86,0.97,14.69,16.74,1.03,0,24
"2.5%437","Scott","Residential Improved","Vienna",0.88,0.9,0.93,11.49,15.78,1.02,0,122
"1214","Shelby","Industrial Vacant","Countywide",NA,NA,NA,NA,NA,NA,NA,0
"1215","Shelby","Industrial Improved","Countywide",NA,NA,NA,NA,NA,NA,NA,0
"1216","Shelby","Commercial Vacant","Countywide",NA,NA,NA,NA,NA,NA,NA,0
"1217","Shelby","Commercial Improved","Countywide",NA,NA,NA,NA,NA,NA,NA,0
"1218","Shelby","Residential Vacant","Countywide",NA,NA,NA,NA,NA,NA,NA,0
"2.5%438","Shelby","Residential Improved","Countywide",0.89,0.91,0.93,10.16,12.68,1.01,0,180
"df_sp235","Shelby","Residential Improved","Hanover",0.9,0.98,1.09,5.04,7.12,1.01,0,5
"df_sp236","Shelby","Residential Improved","Jackson",0.86,0.91,1.03,8.36,9.95,1,0,10
"df_sp237","Shelby","Residential Improved","Moral",0.87,0.91,1.02,10.94,15.2,1.02,0,18
"1219","Shelby","Residential Improved","Noble",NA,NA,NA,NA,NA,NA,NA,4
"2.5%439","Shelby","Residential Improved","Addison",0.87,0.9,0.93,10.46,12.67,1.02,0,120
"df_sp238","Shelby","Residential Improved","Marion",0.86,0.92,0.93,2.76,3.67,1,0,5
"df_sp239","Shelby","Residential Improved","Brandywine",0.87,0.94,1.01,11.37,17.15,0.99,0,9
"1220","Shelby","Residential Improved","Shelby",NA,NA,NA,NA,NA,NA,NA,4
"1221","Spencer","Industrial Vacant","Countywide",NA,NA,NA,NA,NA,NA,NA,0
"1222","Spencer","Industrial Improved","Countywide",NA,NA,NA,NA,NA,NA,NA,0
"1223","Spencer","Commercial Vacant","Countywide",NA,NA,NA,NA,NA,NA,NA,0
"df_sp240","Spencer","Commercial Improved","Countywide",0.74,1.08,1.68,44.72,50.04,1.33,0,6
"2.5%440","Spencer","Residential Vacant","Countywide",0.2195,0.44,0.86,71.97,69.89,1.64,0,25
"df_sp241","Spencer","Residential Vacant","Carter",0.44,0.86,0.89,31.53,55.1,1.15,0,12
"df_sp242","Spencer","Residential Vacant","Clay",0.2,0.27,0.62,84.84,71.89,0.93,0,12
"2.5%441","Spencer","Residential Improved","Countywide",0.91,0.91,0.94,17.61,29.09,1.08,0,148
"2.5%442","Spencer","Residential Improved","Carter",0.87,0.91,0.98,14.61,23.8,1.04,0,21
"2.5%443","Spencer","Residential Improved","Clay",0.9,0.91,0.92,6.94,10.09,1.01,0,42
"df_sp243","Spencer","Residential Improved","Grass",0.84,0.9,0.91,11.09,19.39,1.02,0,7
"df_sp244","Spencer","Residential Improved","Hammond",0.85,0.94,1.22,36.95,47.18,1.22,0,14
"df_sp245","Spencer","Residential Improved","Harrison",0.86,0.91,1.18,22.11,31.75,1.11,0,8
"df_sp246","Spencer","Residential Improved","Luce",0.86,0.96,1.17,22.95,30.74,1.17,0,19
"2.5%444","Spencer","Residential Improved","Ohio",0.87,0.95,1,18.68,27.74,1.06,0,36
"1224","St. Joseph","Industrial Vacant","Countywide",NA,NA,NA,NA,NA,NA,NA,0
"df_sp247","St. Joseph","Industrial Improved","Countywide",0.79,0.93,1.51,16.21,28.13,1.03,0,5
"df_sp248","St. Joseph","Commercial Vacant","Countywide",0.06,0.46,0.8,74.09,87.6,1.97,0,7
"2.5%445","St. Joseph","Commercial Improved","Countywide",0.82,0.9,1,15.08,19.58,1.02,0,25
"2.5%446","St. Joseph","Residential Vacant","Countywide",0.06,0.18,0.33,214.63,119.4,1.25,0,75
"2.5%447","St. Joseph","Residential Improved","Countywide",0.93,0.94,0.95,15.9,23.01,1.03,0,2581
"2.5%448","St. Joseph","Residential Improved","Centre",0.91,0.93,0.95,13.72,18.16,1.02,0,205
"2.5%449","St. Joseph","Residential Improved","Clay",0.93,0.95,0.97,13.46,19.34,1.02,0,432
"2.5%450","St. Joseph","Residential Improved","German",0.88,0.92,0.94,13.01,17.92,1.03,0,115
"2.5%451","St. Joseph","Residential Improved","Greene",0.83,0.9,0.96,13.94,20.09,1.01,0,33
"2.5%452","St. Joseph","Residential Improved","Harris",0.92,0.93,0.95,10.7,14.72,1.01,0,288
"2.5%453","St. Joseph","Residential Improved","Liberty",0.88,0.92,0.98,12.06,16.12,1,0,47
"2.5%454","St. Joseph","Residential Improved","Lincoln",0.89,0.93,0.99,15.8,20.81,1.01,0,33
"df_sp249","St. Joseph","Residential Improved","Madison",0.81,0.94,0.96,15.9,23.84,1.02,0,12
"2.5%455","St. Joseph","Residential Improved","Olive",0.88,0.94,1,11.93,15.23,0.98,0,43
"2.5%456","St. Joseph","Residential Improved","Penn",0.85,0.88,0.91,16.4,21.13,1.02,0,273
"2.5%457","St. Joseph","Residential Improved","Portage",0.95,0.97,0.98,19.12,27.31,1.04,0,991
"2.5%458","St. Joseph","Residential Improved","Union",0.86,0.91,0.95,13.09,19.13,1.01,0,29
"2.5%459","St. Joseph","Residential Improved","Warren",0.87,0.92,0.95,14.08,18.76,1,0,80
"1225","Starke","Industrial Vacant","Countywide",NA,NA,NA,NA,NA,NA,NA,0
"1226","Starke","Industrial Improved","Countywide",NA,NA,NA,NA,NA,NA,NA,0
"1227","Starke","Commercial Vacant","Countywide",NA,NA,NA,NA,NA,NA,NA,0
"2.5%460","Starke","Commercial Improved","Countywide",0.9,0.92,0.95,7.28,10.06,1.03,0,23
"2.5%461","Starke","Residential Vacant","Countywide",0.87,0.91,0.93,14.17,22.99,1.05,0,61
"df_sp250","Starke","Residential Vacant","California",0.72,0.93,1,15.75,24.91,1.04,0,11
"df_sp251","Starke","Residential Vacant","Center",0.84,0.9,0.97,16.89,32.03,1.21,0,14
"df_sp252","Starke","Residential Vacant","Davis",0.81,0.9,1.07,11.64,17.19,1,0,8
"df_sp253","Starke","Residential Vacant","North Bend",0.81,0.88,0.92,11.25,16.25,1,0,18
"1228","Starke","Residential Vacant","Railroad",NA,NA,NA,NA,NA,NA,NA,3
"df_sp254","Starke","Residential Vacant","Washington",0.81,0.93,0.99,15.06,26.43,1,0,7
"2.5%462","Starke","Residential Improved","Countywide",0.91,0.91,0.92,10.45,15.85,1.01,0,640
"2.5%463","Starke","Residential Improved","California",0.9,0.92,0.96,11.38,16.5,1.01,0,79
"2.5%464","Starke","Residential Improved","Center",0.88975,0.91,0.92,10.56,16.96,1.01,0,184
"2.5%465","Starke","Residential Improved","Davis",0.88,0.92,0.96,6.68,8.16,1,0,29
"df_sp255","Starke","Residential Improved","Jackson",0.79,0.93,0.98,8.66,11.59,1,0,10
"2.5%466","Starke","Residential Improved","North Bend",0.85,0.9,0.91,9.84,14.48,1.01,0,43
"2.5%467","Starke","Residential Improved","Oregon",0.9,0.92,0.94,11.16,18.52,1.03,0,108
"df_sp256","Starke","Residential Improved","Railroad",0.88,0.91,0.93,11.02,16.25,1.02,0,18
"2.5%468","Starke","Residential Improved","Washington",0.89,0.91,0.95,10.6,14.59,1,0,56
"2.5%469","Starke","Residential Improved","Wayne",0.9,0.92,0.93,9.85,13.15,1.01,0,113
"1229","Steuben","Industrial Vacant","Countywide",NA,NA,NA,NA,NA,NA,NA,0
"1230","Steuben","Industrial Improved","Countywide",NA,NA,NA,NA,NA,NA,NA,0
"1231","Steuben","Commercial Vacant","Countywide",NA,NA,NA,NA,NA,NA,NA,0
"2.5%470","Steuben","Commercial Improved","Countywide",0.76,0.85,1.01,28.44,40.59,1.04,0,25
"df_sp257","Steuben","Commercial Improved","Pleasant",0.85,1.02,1.13,18.64,29.2,1.03,0,10
"df_sp258","Steuben","Commercial Improved","Clear Lake",0.63,0.77,0.85,29.72,46.45,1.05,0,15
"2.5%471","Steuben","Residential Vacant","Countywide",0.16,0.61,0.74,64.21,85.06,0.93,0,66
"df_sp259","Steuben","Residential Vacant","Pleasant",0.01,0.48,0.89,85.29,95.07,1.31,0,8
"2.5%472","Steuben","Residential Vacant","Clear Lake",0.15975,0.61,0.73025,63.67,84.53,0.91,0,58
"2.5%473","Steuben","Residential Improved","Countywide",0.95,0.98,0.99,13.24,20.01,1,0,409
"2.5%474","Steuben","Residential Improved","Clear Lake",0.97,1,1.04,12.13,21,1.08,0,31
"2.5%475","Steuben","Residential Improved","Jackson",0.89,0.96,1.03,16.24,24.17,1.04,0,37
"2.5%476","Steuben","Residential Improved","Jamestown",0.91,0.95,0.99,18.18,25.57,0.98,0,72
"2.5%477","Steuben","Residential Improved","Otsego",0.91,0.97,1,12.62,16.31,1,0,57
"2.5%478","Steuben","Residential Improved","Pleasant",0.95,0.98,1,10.6,16.44,1,0,168
"2.5%479","Steuben","Residential Improved","Salem",0.91,0.96,1,14.55,22.97,0.97,0,43
"1232","Sullivan","Industrial Vacant","Countywide",NA,NA,NA,NA,NA,NA,NA,0
"1233","Sullivan","Industrial Improved","Countywide",NA,NA,NA,NA,NA,NA,NA,0
"1234","Sullivan","Commercial Vacant","Countywide",NA,NA,NA,NA,NA,NA,NA,0
"df_sp260","Sullivan","Commercial Improved","Countywide",0.82,1.03,1.09,18.91,26.2,1.05,0,16
"df_sp261","Sullivan","Residential Vacant","Countywide",0.64,1.03,1.25,21.23,29.89,1,0,8
"2.5%480","Sullivan","Residential Improved","Countywide",0.9,0.92,0.94,12.85,16.21,1.03,0,148
"2.5%481","Sullivan","Residential Improved","Cass",0.88,0.94,0.99,13.31,16,1.03,0,46
"df_sp262","Sullivan","Residential Improved","Haddon",0.86,0.99,1.14,10.15,13.33,0.99,0,8
"2.5%482","Sullivan","Residential Improved","Hamilton",0.88,0.91,0.94,12.48,16.43,1.03,0,94
"1235","Switzerland","Industrial Vacant","Countywide",NA,NA,NA,NA,NA,NA,NA,0
"1236","Switzerland","Industrial Improved","Countywide",NA,NA,NA,NA,NA,NA,NA,0
"1237","Switzerland","Commercial Vacant","Countywide",NA,NA,NA,NA,NA,NA,NA,0
"df_sp263","Switzerland","Commercial Improved","Countywide",0.84,0.92,1.14,16.26,20.19,1.02,0,8
"1238","Switzerland","Residential Vacant","Countywide",NA,NA,NA,NA,NA,NA,NA,0
"2.5%483","Switzerland","Residential Improved","Countywide",0.89,0.92,0.98,11.55,13.91,1.03,0,56
"2.5%484","Switzerland","Residential Improved","Craig",0.88,0.91,0.98,10.88,12.92,1.04,0,36
"df_sp264","Switzerland","Residential Improved","Cotton",0.81,0.91,1.04,13.47,17.43,1.01,0,9
"df_sp265","Switzerland","Residential Improved","Jefferson",0.85,0.94,1.12,12.22,14.22,1.02,0,11
"1239","Tipton","Industrial Vacant","Countywide",NA,NA,NA,NA,NA,NA,NA,0
"1240","Tipton","Industrial Improved","Countywide",NA,NA,NA,NA,NA,NA,NA,0
"1241","Tipton","Commercial Vacant","Countywide",NA,NA,NA,NA,NA,NA,NA,0
"df_sp266","Tipton","Commercial Improved","Countywide",0.84,0.95,0.97,9.05,12.42,1.02,0,9
"df_sp267","Tipton","Residential Vacant","Countywide",0.56,0.89,1.09,17.31,24.63,1.35,0,5
"2.5%485","Tipton","Residential Improved","Countywide",0.9,0.93,0.95,14.71,18.86,1.04,0,339
"2.5%486","Tipton","Residential Improved","Cicero",0.9,0.94,0.97,14.68,18.47,1.03,0,239
"df_sp268","Tipton","Residential Improved","Jefferson",0.83,0.93,1,13.54,17.02,1.05,0,15
"2.5%487","Tipton","Residential Improved","Liberty",0.87,0.92,0.96,14.56,20.15,1.05,0,46
"df_sp269","Tipton","Residential Improved","Madison",0.84,0.89,0.96,14.69,20.74,1.06,0,15
"df_sp270","Tipton","Residential Improved","Prairie",0.78,0.91,0.99,14.46,21.98,1.08,0,11
"df_sp271","Tipton","Residential Improved","Wildcat",0.87,0.9,0.98,14.92,20.14,1.01,0,13
"1242","Union","Industrial Vacant","Countywide",NA,NA,NA,NA,NA,NA,NA,0
"1243","Union","Industrial Improved","Countywide",NA,NA,NA,NA,NA,NA,NA,0
"1244","Union","Commercial Vacant","Countywide",NA,NA,NA,NA,NA,NA,NA,0
"1245","Union","Commercial Improved","Countywide",NA,NA,NA,NA,NA,NA,NA,0
"1246","Union","Residential Vacant","Countywide",NA,NA,NA,NA,NA,NA,NA,0
"2.5%488","Union","Residential Improved","Countywide",0.86,0.89,0.95,18.42,23.24,1.07,0,111
"2.5%489","Union","Residential Improved","Brownsville",0.79,0.88,0.96,18.63,25.64,1.05,0,25
"2.5%490","Union","Residential Improved","Harrison",0.76,0.9,1.00025,20.17,26.27,1.07,0,20
"2.5%491","Union","Residential Improved","Center",0.85,0.9,0.96,17.42,21.57,1.08,0,66
"1247","Vanderburgh","Industrial Vacant","Countywide",NA,NA,NA,NA,NA,NA,NA,0
"df_sp272","Vanderburgh","Industrial Improved","Countywide",0.64,0.7,0.79,12.54,17.71,1.07,0,6
"1248","Vanderburgh","Commercial Vacant","Countywide",NA,NA,NA,NA,NA,NA,NA,0
"2.5%492","Vanderburgh","Commercial Improved","Countywide",0.73,0.85,0.93,18.87,26.78,0.97,0,25
"df_sp273","Vanderburgh","Commercial Improved","Center",0.67,0.81,1.03,15.22,19.14,1.03,0,5
"df_sp274","Vanderburgh","Commercial Improved","Knight",0.85,0.91,0.94,12.35,17.52,1,0,12
"df_sp275","Vanderburgh","Commercial Improved","Pigeon",0.6,0.74,0.96,28.94,42.5,1.1,0,8
"1249","Vanderburgh","Commercial Improved","Armstrong",NA,NA,NA,NA,NA,NA,NA,0
"2.5%493","Vanderburgh","Residential Vacant","Countywide",0.01,0.01,0.18,1594.08,158.81,0.43,0,24
"2.5%494","Vanderburgh","Residential Improved","Countywide",0.92,0.93,0.93,13.63,18.19,1.02,0,1355
"df_sp276","Vanderburgh","Residential Improved","Armstrong",0.9,0.99,1.14,13.93,16.94,1.03,0,15
"2.5%495","Vanderburgh","Residential Improved","Center",0.91,0.92,0.94,13.7,20.75,1.01,0,403
"2.5%496","Vanderburgh","Residential Improved","Perry",0.89,0.91,0.94,14.7,18.9,1.02,0,151
"2.5%497","Vanderburgh","Residential Improved","Knight",0.89,0.92,0.94,13.63,16.5,1.01,0,531
"2.5%498","Vanderburgh","Residential Improved","Pigeon",0.95,0.98,1.03,13.71,16.88,1.02,0,140
"2.5%499","Vanderburgh","Residential Improved","Scott",0.9,0.92,0.94,10.32,14.39,1,0,115
"1250","Vermillion","Industrial Vacant","Countywide",NA,NA,NA,NA,NA,NA,NA,0
"1251","Vermillion","Industrial Improved","Countywide",NA,NA,NA,NA,NA,NA,NA,0
"1252","Vermillion","Commercial Vacant","Countywide",NA,NA,NA,NA,NA,NA,NA,0
"df_sp277","Vermillion","Commercial Improved","Countywide",0.78,0.85,1.01,16.34,19.27,1.02,0,10
"2.5%500","Vermillion","Residential Vacant","Countywide",0.39,0.85,0.99,36.86,51.07,0.88,0,21
"2.5%501","Vermillion","Residential Improved","Countywide",0.88,0.9,0.92,13.93,17.61,1.01,0,199
"2.5%502","Vermillion","Residential Improved","Clinton",0.86,0.89,0.92,14.45,17.93,1.01,0,138
"df_sp278","Vermillion","Residential Improved","Eugene",0.8,0.91,1,11.52,15.65,0.98,0,11
"2.5%503","Vermillion","Residential Improved","Helt",0.87,0.91,0.99,13.59,18.2,1.01,0,26
"df_sp279","Vermillion","Residential Improved","Highland",0.78,0.92,0.99,14.44,18.68,0.99,0,16
"df_sp280","Vermillion","Residential Improved","Vermillion",0.83,0.93,1.03,8.63,11.7,1,0,8
"1253","Vigo","Industrial Vacant","Countywide",NA,NA,NA,NA,NA,NA,NA,0
"1254","Vigo","Industrial Improved","Countywide",NA,NA,NA,NA,NA,NA,NA,0
"df_sp281","Vigo","Commercial Vacant","Countywide",0.02,0.22,0.41,161.7,140.37,7.3,0,10
"2.5%504","Vigo","Commercial Improved","Countywide",0.82,0.91,0.99,19.61,28.23,1.03,0,31
"2.5%505","Vigo","Residential Vacant","Countywide",0.77,0.95,1.01,20.12,30.77,0.98,0,25
"2.5%506","Vigo","Residential Improved","Countywide",0.89,0.9,0.92,19.13,29.01,1.06,0,786
"2.5%507","Vigo","Residential Improved","Fayette",0.84,0.87,1,19.63,24.68,1.03,0,20
"2.5%508","Vigo","Residential Improved","Harrison",0.88,0.9,0.93,21.68,33.3,1.08,0,447
"2.5%509","Vigo","Residential Improved","Honey Creek",0.87,0.9,0.94,16.92,24.34,1.01,0,78
"2.5%510","Vigo","Residential Improved","Lost Creek",0.85,0.9,0.93,13.75,17.64,1.02,0,88
"2.5%511","Vigo","Residential Improved","Otter Creek",0.87,0.89,0.93,17.38,22.89,1.04,0,68
"2.5%512","Vigo","Residential Improved","Pierson",0.86,0.95,1.07,17.51,21.8,1.06,0,22
"2.5%513","Vigo","Residential Improved","Riley",0.87,0.91,0.97,10.41,19,1.04,0,20
"2.5%514","Vigo","Residential Improved","Sugar Creek",0.86,0.91,1.01,15.93,19.79,1.05,0,33
"1255","Wabash","Industrial Vacant","Countywide",NA,NA,NA,NA,NA,NA,NA,0
"1256","Wabash","Industrial Improved","Countywide",NA,NA,NA,NA,NA,NA,NA,0
"1257","Wabash","Commercial Vacant","Countywide",NA,NA,NA,NA,NA,NA,NA,0
"df_sp282","Wabash","Commercial Improved","Countywide",0.76,0.94,0.94,14.36,24.23,1,0,11
"1258","Wabash","Commercial Improved","Chester",NA,NA,NA,NA,NA,NA,NA,0
"df_sp283","Wabash","Commercial Improved","Noble",0.76,0.94,0.94,14.36,24.23,1,0,11
"1259","Wabash","Residential Vacant","Countywide",NA,NA,NA,NA,NA,NA,NA,0
"2.5%515","Wabash","Residential Improved","Countywide",0.9,0.91,0.92,11.97,15.39,1.02,0,642
"2.5%516","Wabash","Residential Improved","Chester",0.88975,0.91,0.94,13.22,16.8,1.01,0,149
"2.5%517","Wabash","Residential Improved","Lagro",0.86,0.9,0.96,11.98,15.96,1.03,0,30
"2.5%518","Wabash","Residential Improved","Liberty",0.86,0.91,0.99,11.34,14.47,1.02,0,27
"2.5%519","Wabash","Residential Improved","Noble",0.89,0.91,0.93,11.96,15.33,1.02,0,370
"df_sp284","Wabash","Residential Improved","Paw Paw",0.9,0.95,1,7.01,9.34,1.03,0,19
"2.5%520","Wabash","Residential Improved","Pleasant",0.88,0.91,0.96,9.58,12.25,1.02,0,30
"df_sp285","Wabash","Residential Improved","Waltz",0.88,0.95,0.98,10.19,15.84,1.02,0,17
"1260","Warrick","Industrial Vacant","Countywide",NA,NA,NA,NA,NA,NA,NA,0
"df_sp286","Warrick","Industrial Improved","Countywide",0.96,0.99,1.06,5.85,8.38,0.97,0,6
"df_sp287","Warrick","Commercial Vacant","Countywide",0.61,0.84,0.93,26.42,43.27,1.01,0,12
"2.5%521","Warrick","Commercial Improved","Countywide",0.85,0.92,0.94,13.72,19.13,1.02,0,23
"df_sp288","Warrick","Commercial Improved","Boon",0.85,0.93,1.03,14.5,19.26,1.07,0,10
"df_sp289","Warrick","Commercial Improved","Ohio",0.82,0.89,0.94,13.29,19.41,0.99,0,13
"2.5%522","Warrick","Residential Vacant","Countywide",0.86,0.9,0.92,36.55,61.51,0.97,0,260
"df_sp290","Warrick","Residential Vacant","Hart",0.9,0.95,1.15,25.61,39.64,1.21,0,13
"2.5%523","Warrick","Residential Vacant","Boon",0.85975,0.91,0.97,34.08,57.92,1.02,0,79
"df_sp291","Warrick","Residential Vacant","Campbell",0.81,0.86,0.91,18.37,27.62,1,0,13
"1261","Warrick","Residential Vacant","Greer",NA,NA,NA,NA,NA,NA,NA,4
"2.5%524","Warrick","Residential Vacant","Ohio",0.82,0.89,0.91,40.86,68.97,0.93,0,151
"2.5%525","Warrick","Residential Improved","Countywide",0.9,0.91,0.92,11.09,15.5,1.01,0,959
"df_sp292","Warrick","Residential Improved","Anderson",0.94,0.97,1.09,7.81,10.11,1.02,0,6
"2.5%526","Warrick","Residential Improved","Boon",0.89,0.91,0.93,13.01,18,1.01,0,219
"df_sp293","Warrick","Residential Improved","Campbell",0.7,0.91,0.95,11.17,15.26,1.03,0,11
"df_sp294","Warrick","Residential Improved","Greer",0.88,0.92,1,9.63,13.59,1.02,0,15
"df_sp295","Warrick","Residential Improved","Hart",0.88,0.92,0.96,10.78,16.41,1.01,0,15
"df_sp296","Warrick","Residential Improved","Pigeon",0.75,0.97,1.06,12.77,18.93,1,0,11
"2.5%527","Warrick","Residential Improved","Ohio",0.9,0.91,0.92,10.47,14.69,1.01,0,673
"df_sp297","Warrick","Residential Improved","Skelton",0.87,0.91,1.01,7.71,9.05,0.99,0,9
"1262","Washington","Industrial Vacant","Countywide",NA,NA,NA,NA,NA,NA,NA,0
"1263","Washington","Industrial Improved","Countywide",NA,NA,NA,NA,NA,NA,NA,0
"1264","Washington","Commercial Vacant","Countywide",NA,NA,NA,NA,NA,NA,NA,0
"df_sp298","Washington","Commercial Improved","Countywide",0.91,0.92,1.17,6.16,11.74,1.02,0,5
"2.5%528","Washington","Residential Vacant","Countywide",0.38,0.41,0.45,58.85,69.08,1.22,0,67
"2.5%529","Washington","Residential Improved","Countywide",0.86,0.9,0.92,16.52,32.29,1.04,0,199
"df_sp299","Washington","Residential Improved","Brown",0.61,0.81,0.96,16.45,21.66,1.07,0,7
"df_sp300","Washington","Residential Improved","Franklin",0.88,0.91,1.05,13,15.46,1.02,0,17
"df_sp301","Washington","Residential Improved","Howard",0.79,0.88,0.98,15.63,19.84,1.07,0,17
"2.5%530","Washington","Residential Improved","Pierce",0.81,0.91,1,13.52,17.09,1.01,0,21
"df_sp302","Washington","Residential Improved","Polk",0.85,0.88,0.97,12.27,18.77,1,0,11
"df_sp303","Washington","Residential Improved","Posey",0.81,0.93,1.09,15.76,22.31,1.04,0,11
"2.5%531","Washington","Residential Improved","Washington",0.86,0.89,0.92,18.35,38.92,1.05,0,115
"1265","Wayne","Industrial Vacant","Countywide",NA,NA,NA,NA,NA,NA,NA,0
"1266","Wayne","Industrial Improved","Countywide",NA,NA,NA,NA,NA,NA,NA,0
"1267","Wayne","Commercial Vacant","Countywide",NA,NA,NA,NA,NA,NA,NA,0
"df_sp304","Wayne","Commercial Improved","Countywide",0.94,0.97,0.99,14.99,29.42,1.1,0,9
"1268","Wayne","Commercial Improved","Center",NA,NA,NA,NA,NA,NA,NA,4
"df_sp305","Wayne","Commercial Improved","Wayne",0.91,0.98,1,2.79,3.83,1,0,5
"df_sp306","Wayne","Residential Vacant","Countywide",0.38,0.72,0.79,24.85,37.42,1,0,7
"2.5%532","Wayne","Residential Improved","Countywide",0.92,0.93,0.94,7.99,11.37,1.01,0,325
"1269","Wayne","Residential Improved","Dalton",NA,NA,NA,NA,NA,NA,NA,0
"1270","Wayne","Residential Improved","Clay",NA,NA,NA,NA,NA,NA,NA,2
"2.5%533","Wayne","Residential Improved","Center",0.87,0.92,0.94,7.23,10.63,1.01,0,44
"df_sp307","Wayne","Residential Improved","Franklin",0.86,0.9,1.05,5.09,8.04,1.02,0,5
"df_sp308","Wayne","Residential Improved","Jackson",0.86,0.91,0.96,8.01,10.28,1.02,0,15
"df_sp309","Wayne","Residential Improved","Jefferson",0.89,0.93,0.96,5.33,8.06,1,0,13
"2.5%534","Wayne","Residential Improved","Wayne",0.92,0.93,0.95,8.24,11.75,1.02,0,234
"1271","Wayne","Residential Improved","Abington",NA,NA,NA,NA,NA,NA,NA,0
"1272","Wayne","Residential Improved","Boston",NA,NA,NA,NA,NA,NA,NA,4
"1273","Wayne","Residential Improved","Greene",NA,NA,NA,NA,NA,NA,NA,2
"1274","Wayne","Residential Improved","New Garden",NA,NA,NA,NA,NA,NA,NA,4
"1275","Wayne","Residential Improved","Washington",NA,NA,NA,NA,NA,NA,NA,0
"1276","Wayne","Residential Improved","Webster",NA,NA,NA,NA,NA,NA,NA,2
"1277","Wells","Industrial Vacant","Countywide",NA,NA,NA,NA,NA,NA,NA,0
"1278","Wells","Industrial Improved","Countywide",NA,NA,NA,NA,NA,NA,NA,0
"1279","Wells","Commercial Vacant","Countywide",NA,NA,NA,NA,NA,NA,NA,0
"df_sp310","Wells","Commercial Improved","Countywide",0.49,0.91,1.03,36.36,52.29,0.89,0,9
"2.5%535","Wells","Residential Vacant","Countywide",0.98,1.02,1.19,25.56,46.22,1.13,0,23
"df_sp311","Wells","Residential Vacant","Jefferson",0.85,1,1.23,7.92,13.32,0.96,0,5
"df_sp312","Wells","Residential Vacant","Lancaster",0.79,0.98,1.19,16.86,23.16,1.02,0,7
"1280","Wells","Residential Vacant","Rockcreek",NA,NA,NA,NA,NA,NA,NA,2
"df_sp313","Wells","Residential Vacant","Chester",0.91,1.15,1.28,39.31,65.26,1.39,0,9
"2.5%536","Wells","Residential Improved","Countywide",1,1,1.01,24.87,90.87,1.13,0,514
"df_sp314","Wells","Residential Improved","Chester",0.89,1.03,1.16,90.86,130.17,1.48,0,8
"2.5%537","Wells","Residential Improved","Harrison",0.99,1,1.01,10.06,24.23,1.02,0,170
"df_sp315","Wells","Residential Improved","Jackson",0.81,1.01,1.06,30.95,50.9,1.05,0,6
"2.5%538","Wells","Residential Improved","Jefferson",0.99,1,1.02,25.74,91.44,1.16,0,134
"2.5%539","Wells","Residential Improved","Lancaster",0.99,1,1.01,36.87,112.16,1.22,0,114
"df_sp316","Wells","Residential Improved","Liberty",0.96,1.01,1.12,12.59,17.62,1.01,0,10
"df_sp317","Wells","Residential Improved","Nottingham",0.94,1,1.06,8.14,12.99,1.01,0,8
"2.5%540","Wells","Residential Improved","Rockcreek",0.99,1,1.02,57.99,121.2,1.38,0,36
"2.5%541","Wells","Residential Improved","Union",0.93,1,1.02,6.44,8,1.01,0,28
"1281","White","Industrial Vacant","Countywide",NA,NA,NA,NA,NA,NA,NA,0
"1282","White","Industrial Improved","Countywide",NA,NA,NA,NA,NA,NA,NA,0
"1283","White","Commercial Vacant","Countywide",NA,NA,NA,NA,NA,NA,NA,0
"2.5%542","White","Commercial Improved","Countywide",0.78975,0.9,0.96,18.91,26.63,1.03,0,26
"df_sp318","White","Residential Vacant","Countywide",0.86,0.93,0.99,19.96,36.65,1.37,0,14
"1284","White","Residential Vacant","Liberty",NA,NA,NA,NA,NA,NA,NA,3
"1285","White","Residential Vacant","Monon",NA,NA,NA,NA,NA,NA,NA,3
"df_sp319","White","Residential Vacant","Union",0.74,0.95,1.05,7.28,12.17,1,0,5
"1286","White","Residential Vacant","Big Creek",NA,NA,NA,NA,NA,NA,NA,1
"2.5%543","White","Residential Improved","Countywide",0.9,0.91,0.91,18.3,28.58,1.04,0,723
"df_sp320","White","Residential Improved","Big Creek",0.78,0.91,0.99,14.04,17.12,1.03,0,19
"df_sp321","White","Residential Improved","Cass",0.9,0.93,0.98,15.2,30.41,1.02,0,8
"df_sp322","White","Residential Improved","Honey Creek",0.82,0.91,0.94,15,23.96,1,0,15
"df_sp323","White","Residential Improved","Jackson",0.87,0.95,0.97,14.14,24.53,0.99,0,10
"2.5%544","White","Residential Improved","Liberty",0.87,0.9,0.93,21.02,34.94,1.06,0,112
"df_sp324","White","Residential Improved","Lincoln",0.8,0.9,0.98,17.26,30.1,0.98,0,14
"2.5%545","White","Residential Improved","Monon",0.86,0.91,0.95,18.83,25.19,1.05,0,98
"2.5%546","White","Residential Improved","Prairie",0.85,0.9,0.92,15.94,19.73,1.01,0,96
"2.5%547","White","Residential Improved","Princeton",0.88,0.92,0.99,23.4,40.59,1.12,0,38
"1287","White","Residential Improved","Round Grove",NA,NA,NA,NA,NA,NA,NA,3
"2.5%548","White","Residential Improved","Union",0.89,0.91,0.93,17.97,27.98,1.03,0,310
"1288","Whitley","Industrial Vacant","Countywide",NA,NA,NA,NA,NA,NA,NA,0
"df_sp325","Whitley","Industrial Improved","Countywide",0.44,0.68,0.91,22.6,28.34,0.97,0,5
"1289","Whitley","Commercial Vacant","Countywide",NA,NA,NA,NA,NA,NA,NA,0
"df_sp326","Whitley","Commercial Improved","Countywide",0.67,0.99,1.19,30.48,44.89,1.76,0,10
"1290","Whitley","Commercial Improved","Columbia",NA,NA,NA,NA,NA,NA,NA,4
"df_sp327","Whitley","Commercial Improved","Cleveland",0.65,0.95,1.21,45.77,58.22,2.3,0,6
"df_sp328","Whitley","Residential Vacant","Countywide",0.32,0.47,0.74,67.56,85.07,1.31,0,11
"2.5%549","Whitley","Residential Improved","Countywide",0.94,0.95,0.95,11.69,16.18,1.01,0,679
"2.5%550","Whitley","Residential Improved","Cleveland",0.88,0.95,1.03,14.02,16.83,1.01,0,41
"2.5%551","Whitley","Residential Improved","Columbia",0.94,0.95,0.96,11.06,15.17,1.01,0,339
"2.5%552","Whitley","Residential Improved","Etna Troy",0.84,0.93,0.95,12.99,18.9,0.97,0,28
"2.5%553","Whitley","Residential Improved","Jefferson",0.92,0.95,1,11.07,16.24,1.05,0,29
"df_sp329","Whitley","Residential Improved","Richland",0.82,0.93,1.07,15.09,18.31,0.99,0,16
"2.5%554","Whitley","Residential Improved","Smith",0.93,0.95,0.96,11.09,14.97,1,0,96
"2.5%555","Whitley","Residential Improved","Thorncreek",0.89,0.94,0.97,14.41,21.87,1.01,0,69
"2.5%556","Whitley","Residential Improved","Union",0.92,0.95,0.97,9.1,12.79,1.01,0,50
"df_sp330","Whitley","Residential Improved","Washington",0.83,0.95,1.05,13.84,18.85,1.01,0,11
