"","County","Type","Grouping","LowerBound","Median","UpperBound","COD","COV","PRD","PRB","Sales"
"1","Adams","Industrial Vacant","Countywide",NA,NA,NA,NA,NA,NA,NA,0
"2","Adams","Industrial Improved","Countywide",NA,NA,NA,NA,NA,NA,NA,0
"3","Adams","Commercial Vacant","Countywide",NA,NA,NA,NA,NA,NA,NA,0
"2.5%","Adams","Commercial Improved","Countywide",0.85,0.95,1.05,13.46,15.3,1.02,0,26
"df_sp","Adams","Residential Vacant","Countywide",0.74,0.95,1.24,19.4,23.85,1.01,0,5
"2.5%1","Adams","Residential Improved","Countywide",0.93,0.95,0.96,13.49,17.48,1.02,0,679
"2.5%2","Adams","Residential Improved","Blue Creek",0.91,0.95,0.97,14.77,18.87,1.02,0,133
"2.5%3","Adams","Residential Improved","Hartford",0.9,0.95,0.97,14.44,19.08,1.03,0,116
"2.5%4","Adams","Residential Improved","Preble",0.87,0.95,1.03,12.56,15.4,1.02,0,27
"2.5%5","Adams","Residential Improved","Washington",0.9,0.95,0.97,14.02,17.44,1.02,0,195
"2.5%6","Adams","Residential Improved","Root",0.92,0.95,0.96,11.79,15.93,1.01,0,208
"df_sp1","Allen","Industrial Vacant","Countywide",0.88,0.94,1,7.8,9.3,1.01,0,10
"df_sp2","Allen","Industrial Improved","Countywide",0.88,0.91,0.93,5.46,7.46,1.03,0,17
"df_sp3","Allen","Commercial Vacant","Countywide",0.91,0.93,0.99,6.04,7.47,1.03,0,12
"2.5%7","Allen","Commercial Improved","Countywide",0.91,0.94,0.96,7.91,10.38,1,0,83
"df_sp4","Allen","Commercial Improved","Aboite",0.93,0.99,1.03,5.41,6.92,1.03,0,6
"2.5%8","Allen","Commercial Improved","Adams",0.86,0.92,0.94,7.45,9.46,0.99,0,35
"df_sp5","Allen","Commercial Improved","Perry",0.89,0.97,0.98,8.65,12.96,1.02,0,19
"2.5%9","Allen","Commercial Improved","Washington",0.88,0.92,0.98,7.71,9.5,1.01,0,22
"2.5%10","Allen","Residential Vacant","Countywide",0.9,0.93,0.98,15.05,20.63,0.97,0,51
"df_sp6","Allen","Residential Vacant","Aboite",0.92,0.96,0.99,9.34,16.92,0.98,0,11
"df_sp7","Allen","Residential Vacant","Adams",0.57,0.75,0.91,20.07,24.13,1.04,0,7
"df_sp8","Allen","Residential Vacant","Cedar Creek",0.81,0.98,1.01,11.87,18.03,0.99,0,13
"df_sp9","Allen","Residential Vacant","Eel River",0.75,0.9,1.15,17.96,21.06,1.04,0,8
"df_sp10","Allen","Residential Vacant","Perry",0.91,0.95,1.09,14.02,20.66,1,0,10
"11","Allen","Residential Vacant","St. Joseph",NA,NA,NA,NA,NA,NA,NA,0
"2.5%11","Allen","Residential Improved","Countywide",0.99,0.99,0.99,16.91,57.65,1.06,0,6079
"2.5%12","Allen","Residential Improved","Aboite",0.99,1,1,19.84,69.61,1.1,0,949
"2.5%13","Allen","Residential Improved","Adams",0.95,0.97,0.98,10.57,21.65,1.01,0,402
"2.5%14","Allen","Residential Improved","Cedar Creek",0.99,1,1.01,67.53,95.73,1.39,0,237
"2.5%15","Allen","Residential Improved","Eel River",0.99,1,1,21.77,75.71,1.13,0,104
"df_sp11","Allen","Residential Improved","Jackson",0.93,0.98,1.02,10.3,13.83,1,0,12
"2.5%16","Allen","Residential Improved","Lafayette",0.96,0.98,1.01,8.25,10.55,1.01,0,81
"2.5%17","Allen","Residential Improved","Lake",0.93,0.99,1.04,9.06,11.33,1,0,28
"2.5%18","Allen","Residential Improved","Maumee",0.9,0.96,1.02,8.86,10.9,0.99,0,34
"df_sp12","Allen","Residential Improved","Milan",0.92,0.98,1.01,13.92,26.05,1.06,0,17
"df_sp13","Allen","Residential Improved","Monroe",0.82,0.94,1,10.54,14.5,1.02,0,16
"2.5%19","Allen","Residential Improved","Perry",0.99,0.99,1,18.24,56.11,1.09,0,1023
"2.5%20","Allen","Residential Improved","Pleasant",0.91,0.96,0.99,10.38,13.98,1.01,0,39
"2.5%21","Allen","Residential Improved","Scipio",0.93,0.98,1.03,9.44,13.12,1.02,0,30
"2.5%22","Allen","Residential Improved","St. Joseph",0.98,0.98,0.99,17,62.78,1.07,0,1188
"2.5%23","Allen","Residential Improved","Washington",0.99,1,1,9.22,31.08,1.02,0,562
"2.5%24","Allen","Residential Improved","Wayne",0.99,1,1,10.78,15.4,1,0,1357
"12","Bartholomew","Industrial Vacant","Countywide",NA,NA,NA,NA,NA,NA,NA,0
"13","Bartholomew","Industrial Improved","Countywide",NA,NA,NA,NA,NA,NA,NA,0
"14","Bartholomew","Commercial Vacant","Countywide",NA,NA,NA,NA,NA,NA,NA,0
"df_sp14","Bartholomew","Commercial Improved","Countywide",0.89,0.96,1,8.17,12.4,1.02,0,11
"2.5%25","Bartholomew","Residential Vacant","Countywide",0.93,0.96,1.04,9.31,11.06,1,0,34
"df_sp15","Bartholomew","Residential Vacant","Columbus",0.92,0.98,1.11,8.94,10.08,1.01,0,14
"df_sp16","Bartholomew","Residential Vacant","Harrison",0.91,0.99,1.07,7.93,9.91,1.02,0,8
"df_sp17","Bartholomew","Residential Vacant","Clay",0.83,0.94,1,9.89,12.55,1,0,12
"2.5%26","Bartholomew","Residential Improved","Countywide",0.9,0.9,0.91,9.36,13.76,1,0,1071
"2.5%27","Bartholomew","Residential Improved","Clay",0.88,0.91,0.96,8.34,10.75,1,0,37
"df_sp18","Bartholomew","Residential Improved","Clifty",0.86,0.91,1,9.17,11.06,1,0,9
"2.5%28","Bartholomew","Residential Improved","Columbus",0.89,0.9,0.91,9.05,13.79,1,0,741
"2.5%29","Bartholomew","Residential Improved","Flatrock",0.9,0.93,0.99,12.9,17.71,1.01,0,28
"2.5%30","Bartholomew","Residential Improved","German",0.87,0.9,0.92,8.16,10.69,1,0,68
"2.5%31","Bartholomew","Residential Improved","Harrison",0.91,0.93,0.95,9.08,13.46,1,0,64
"2.5%32","Bartholomew","Residential Improved","Hawcreek",0.84,0.91,0.96,12.68,16.77,1,0,43
"df_sp19","Bartholomew","Residential Improved","Jackson",0.77,0.91,0.98,14.4,17.02,1,0,10
"df_sp20","Bartholomew","Residential Improved","Ohio",0.85,0.9,0.93,8.67,11.74,1.01,0,18
"2.5%33","Bartholomew","Residential Improved","Rockcreek",0.85,0.9,0.99,10.9,13.73,1.02,0,30
"2.5%34","Bartholomew","Residential Improved","Wayne",0.8,0.9,0.9205,8.83,10.85,0.98,0,23
"15","Benton","Industrial Vacant","Countywide",NA,NA,NA,NA,NA,NA,NA,0
"16","Benton","Industrial Improved","Countywide",NA,NA,NA,NA,NA,NA,NA,0
"17","Benton","Commercial Vacant","Countywide",NA,NA,NA,NA,NA,NA,NA,0
"df_sp21","Benton","Commercial Improved","Countywide",0.97,1.01,1.07,4.86,5.97,1.01,0,8
"18","Benton","Residential Vacant","Countywide",NA,NA,NA,NA,NA,NA,NA,0
"2.5%35","Benton","Residential Improved","Countywide",0.93,0.95,0.99,12.17,15.15,1.02,0,146
"2.5%36","Benton","Residential Improved","Bolivar",0.87,0.93,1,11.86,16.13,1,0,24
"2.5%37","Benton","Residential Improved","Center",0.94,0.99,1.02,11.17,14.46,1.02,0,49
"df_sp22","Benton","Residential Improved","Grant",0.86,0.92,0.97,13.36,17.2,1.02,0,17
"2.5%38","Benton","Residential Improved","Oak Grove",0.9,0.93,1,12.81,15.72,1.03,0,33
"df_sp23","Benton","Residential Improved","Richland",0.92,0.95,1.01,9.14,12.84,1.01,0,10
"df_sp24","Benton","Residential Improved","Gilboa",0.84,0.97,1.1,12.18,14.59,1.02,0,13
"19","Blackford","Industrial Vacant","Countywide",NA,NA,NA,NA,NA,NA,NA,0
"110","Blackford","Industrial Improved","Countywide",NA,NA,NA,NA,NA,NA,NA,0
"111","Blackford","Commercial Vacant","Countywide",NA,NA,NA,NA,NA,NA,NA,0
"112","Blackford","Commercial Improved","Countywide",NA,NA,NA,NA,NA,NA,NA,0
"df_sp25","Blackford","Residential Vacant","Countywide",0.25,0.94,1.09,40.1,64.97,0.77,0,7
"2.5%39","Blackford","Residential Improved","Countywide",0.99,1,1.01,15.85,83.41,1.07,0,215
"2.5%40","Blackford","Residential Improved","Harrison",0.98,1,1.02,8.12,11.92,1.02,0,30
"df_sp26","Blackford","Residential Improved","Jackson",0.81,0.97,1.11,11.76,14.96,1.02,0,8
"2.5%41","Blackford","Residential Improved","Licking",0.98,1,1.02,17.55,92.08,1.08,0,171
"df_sp27","Blackford","Residential Improved","Washington",0.9,0.98,1.01,11.37,18.84,1.01,0,6
"113","Boone","Industrial Vacant","Countywide",NA,NA,NA,NA,NA,NA,NA,0
"114","Boone","Industrial Improved","Countywide",NA,NA,NA,NA,NA,NA,NA,0
"115","Boone","Commercial Vacant","Countywide",NA,NA,NA,NA,NA,NA,NA,0
"2.5%42","Boone","Commercial Improved","Countywide",0.94,0.97,0.98,8.09,16.45,1.01,0,21
"2.5%43","Boone","Residential Vacant","Countywide",1,1,1,2,6.47,1,0,66
"2.5%44","Boone","Residential Improved","Countywide",1,1,1,6.66,23.39,1.01,0,1749
"2.5%45","Boone","Residential Improved","Center",0.99,1,1,4.86,6.43,1,0,420
"2.5%46","Boone","Residential Improved","Clinton",0.93,0.94,0.96,5.89,8.15,1,0,34
"2.5%47","Boone","Residential Improved","Eagle",1,1,1.01,9.86,37.32,1.03,0,604
"2.5%48","Boone","Residential Improved","Harrison",0.97,0.98,1.03,6.99,8.9,1,0,57
"2.5%49","Boone","Residential Improved","Jefferson",0.94,0.99,1.07,7.37,8.59,1,0,22
"2.5%50","Boone","Residential Improved","Perry",0.99,1,1.01,4.28,6.43,1,0,185
"2.5%51","Boone","Residential Improved","Sugar Creek",0.92,0.99,1.04,7.12,9.36,1.01,0,21
"2.5%52","Boone","Residential Improved","Union",0.98,1.01,1.02,5.77,8.35,1.01,0,55
"2.5%53","Boone","Residential Improved","Worth",1,1,1.01,4.44,6.32,1,0,351
"116","Brown","Industrial Vacant","Countywide",NA,NA,NA,NA,NA,NA,NA,0
"117","Brown","Industrial Improved","Countywide",NA,NA,NA,NA,NA,NA,NA,0
"118","Brown","Commercial Vacant","Countywide",NA,NA,NA,NA,NA,NA,NA,0
"df_sp28","Brown","Commercial Improved","Countywide",0.9,0.94,0.98,7.02,10.61,0.99,0,10
"2.5%54","Brown","Residential Vacant","Countywide",0.98,0.99,1,9.98,14.66,1,0,47
"df_sp29","Brown","Residential Vacant","Hamblen",0.94,0.99,1,13.55,20.32,1.01,0,17
"119","Brown","Residential Vacant","Jackson",NA,NA,NA,NA,NA,NA,NA,0
"df_sp30","Brown","Residential Vacant","Van Buren",0.83,1.03,1.08,11.32,15.86,0.99,0,8
"df_sp31","Brown","Residential Vacant","Washington",0.98,0.98,1.03,6.77,9.12,1,0,18
"2.5%55","Brown","Residential Improved","Countywide",0.93,0.95,0.97,12.43,37.43,1.03,0,236
"2.5%56","Brown","Residential Improved","Hamblen",0.9,0.93,0.96,10.82,17.12,1.01,0,85
"2.5%57","Brown","Residential Improved","Jackson",0.95,0.98,1.01,20.37,66.71,1.09,0,53
"df_sp32","Brown","Residential Improved","Van Buren",0.86,0.93,1,8.8,10.77,1,0,18
"2.5%58","Brown","Residential Improved","Washington",0.9,0.95,0.98,9.02,11.64,1.01,0,80
"120","Carroll","Industrial Vacant","Countywide",NA,NA,NA,NA,NA,NA,NA,0
"121","Carroll","Industrial Improved","Countywide",NA,NA,NA,NA,NA,NA,NA,0
"122","Carroll","Commercial Vacant","Countywide",NA,NA,NA,NA,NA,NA,NA,0
"2.5%59","Carroll","Commercial Improved","Countywide",0.78,0.9,0.95,38.8,106.62,1.09,0,37
"2.5%60","Carroll","Residential Vacant","Countywide",0.89,0.98,1.06,15.96,20.44,1.02,0,25
"2.5%61","Carroll","Residential Improved","Countywide",0.94,0.95,0.96,40.47,122.28,1.22,0,871
"2.5%62","Carroll","Residential Improved","Adams",0.85,0.93,0.96,40.96,109,1.26,0,47
"2.5%63","Carroll","Residential Improved","Burlington",0.92,0.96,1,42.21,108.73,1.24,0,66
"2.5%64","Carroll","Residential Improved","Clay",0.909,0.95,1.02,91.44,155.43,1.6,0,37
"2.5%65","Carroll","Residential Improved","Deer Creek",0.92,0.97,1,31.84,98.24,1.16,0,180
"2.5%66","Carroll","Residential Improved","Democrat",0.87,0.98,1.1,66.27,131.43,1.4,0,27
"2.5%67","Carroll","Residential Improved","Jackson",0.88,0.96,1.04,85.23,150.45,1.42,0,40
"2.5%68","Carroll","Residential Improved","Jefferson",0.9,0.93,0.95,32.81,110.69,1.16,0,197
"2.5%69","Carroll","Residential Improved","Madison",0.88,0.95,1.1,13.31,15.98,0.99,0,20
"2.5%70","Carroll","Residential Improved","Monroe",0.91,0.94,0.98,49.95,150.93,1.29,0,138
"123","Cass","Industrial Vacant","Countywide",NA,NA,NA,NA,NA,NA,NA,0
"df_sp33","Cass","Industrial Improved","Countywide",0.69,0.99,1.16,18.52,26.63,0.9,0,8
"124","Cass","Commercial Vacant","Countywide",NA,NA,NA,NA,NA,NA,NA,0
"2.5%71","Cass","Commercial Improved","Countywide",0.84,1.04,1.08,23.25,37.02,1.04,0,59
"2.5%72","Cass","Residential Vacant","Countywide",0.81,0.97,1.04,16.88,19.93,1.01,0,23
"2.5%73","Cass","Residential Improved","Countywide",0.93,0.94,0.95,18.27,65.9,1.05,0,993
"df_sp34","Cass","Residential Improved","Adams",0.79,0.99,1.19,14.98,20.45,1,0,8
"df_sp35","Cass","Residential Improved","Bethlehem",0.82,0.95,1.01,14.4,18.59,1.02,0,15
"2.5%74","Cass","Residential Improved","Boone",0.9,0.93,0.98,15.5,19.96,1.02,0,88
"2.5%75","Cass","Residential Improved","Clay",0.91,0.94,0.97,12.93,17.61,1.02,0,79
"2.5%76","Cass","Residential Improved","Deer Creek",0.93,0.96,0.97025,38.3,138.62,1.24,0,91
"2.5%77","Cass","Residential Improved","Eel",0.92,0.94,0.95025,15.23,18.99,1.03,0,553
"2.5%78","Cass","Residential Improved","Miami",0.86,0.95,1.05,54.48,155.2,1.35,0,29
"2.5%79","Cass","Residential Improved","Noble",0.86,0.95,1.02,12.92,15.62,1,0,38
"2.5%80","Cass","Residential Improved","Tipton",0.86,0.95,0.98,15.03,18.45,1.03,0,68
"2.5%81","Cass","Residential Improved","Washington",0.82,0.95,1.02,17.29,24.84,1,0,24
"125","Clark","Industrial Vacant","Countywide",NA,NA,NA,NA,NA,NA,NA,0
"126","Clark","Industrial Improved","Countywide",NA,NA,NA,NA,NA,NA,NA,0
"127","Clark","Commercial Vacant","Countywide",NA,NA,NA,NA,NA,NA,NA,0
"2.5%82","Clark","Commercial Improved","Countywide",0.96,0.98,1,6.19,8.49,1.02,0,66
"2.5%83","Clark","Residential Vacant","Countywide",0.98,1,1.02,9.38,12.46,1.01,0,70
"df_sp36","Clark","Residential Vacant","Carr",1,1.03,1.13,7.39,9.78,0.99,0,9
"df_sp37","Clark","Residential Vacant","Charlestown",0.97,1,1.1,9.52,12.11,1.01,0,19
"df_sp38","Clark","Residential Vacant","Jeffersonville",0.8,0.93,0.98,10.92,13.83,1.02,0,10
"df_sp39","Clark","Residential Vacant","Monroe",0.91,1.03,1.12,9.05,11.63,1.01,0,7
"df_sp40","Clark","Residential Vacant","Union",1,1,1.03,0.73,1.4,1,0,5
"2.5%84","Clark","Residential Vacant","Utica",0.92,0.99,1.02,10.31,14.26,1.01,0,20
"128","Clark","Residential Vacant","Bethlehem",NA,NA,NA,NA,NA,NA,NA,0
"2.5%85","Clark","Residential Improved","Countywide",0.98,0.98,0.98,11.77,42.31,1.03,0,2418
"2.5%86","Clark","Residential Improved","Bethlehem",0.9,0.96,1,11.74,15.42,1.01,0,26
"2.5%87","Clark","Residential Improved","Carr",0.96,0.98,0.99,11.23,26.27,1.03,0,96
"2.5%88","Clark","Residential Improved","Charlestown",0.98,0.98,1,7.81,13.51,1.01,0,380
"2.5%89","Clark","Residential Improved","Jeffersonville",0.97,0.98,0.99,12.77,38.79,1.02,0,1041
"2.5%90","Clark","Residential Improved","Monroe",0.94,0.98,1,18.96,74.56,1.07,0,89
"df_sp41","Clark","Residential Improved","Oregon",0.88,0.93,0.97,5.95,7.43,1.02,0,13
"2.5%91","Clark","Residential Improved","Silver Creek",0.95975,0.97,0.98,8.8,12.03,1,0,271
"2.5%92","Clark","Residential Improved","Union",0.97,0.99,1,22.96,94.64,1.13,0,112
"2.5%93","Clark","Residential Improved","Utica",0.98,0.99,0.99,10.4,46.58,1.05,0,336
"df_sp42","Clark","Residential Improved","Washington",0.86,0.92,1.03,10.64,13.29,1,0,19
"2.5%94","Clark","Residential Improved","Wood",0.91,0.96,0.99,10.08,14.37,1,0,35
"129","Clay","Industrial Vacant","Countywide",NA,NA,NA,NA,NA,NA,NA,0
"130","Clay","Industrial Improved","Countywide",NA,NA,NA,NA,NA,NA,NA,0
"131","Clay","Commercial Vacant","Countywide",NA,NA,NA,NA,NA,NA,NA,0
"df_sp43","Clay","Commercial Improved","Countywide",0.91,0.99,1.04,7.15,10.59,1,0,7
"132","Clay","Residential Vacant","Countywide",NA,NA,NA,NA,NA,NA,NA,0
"2.5%95","Clay","Residential Improved","Countywide",0.9,0.92,0.93,12.78,15.91,1.03,0,303
"2.5%96","Clay","Residential Improved","Brazil",0.88,0.91,0.94,14.22,17.73,1.03,0,126
"2.5%97","Clay","Residential Improved","Dick Johnson",0.86,0.94,0.98,10.75,13.44,1.02,0,28
"2.5%98","Clay","Residential Improved","Cass",0.86975,0.91,0.93,11.27,14.42,1.03,0,62
"df_sp44","Clay","Residential Improved","Harrison",0.88,0.95,1.05,12.04,14.71,0.99,0,19
"2.5%99","Clay","Residential Improved","Perry",0.88,0.91,0.95,12.31,14.67,1.02,0,68
"133","Clinton","Industrial Vacant","Countywide",NA,NA,NA,NA,NA,NA,NA,0
"134","Clinton","Industrial Improved","Countywide",NA,NA,NA,NA,NA,NA,NA,0
"135","Clinton","Commercial Vacant","Countywide",NA,NA,NA,NA,NA,NA,NA,0
"136","Clinton","Commercial Improved","Countywide",NA,NA,NA,NA,NA,NA,NA,0
"137","Clinton","Residential Vacant","Countywide",NA,NA,NA,NA,NA,NA,NA,0
"2.5%100","Clinton","Residential Improved","Countywide",0.91,0.93,0.96,12.92,16.8,1.02,0,214
"2.5%101","Clinton","Residential Improved","Center",0.88,0.92,0.96,14.96,19.18,1.03,0,123
"2.5%102","Clinton","Residential Improved","Union",0.89,0.96,1.00025,9.15,11.29,1.02,0,22
"2.5%103","Clinton","Residential Improved","Perry",0.88,0.92,1.03,11.62,14.4,1.01,0,25
"df_sp45","Clinton","Residential Improved","Madison",0.84,0.9,0.97,10.56,14.26,1.03,0,16
"2.5%104","Clinton","Residential Improved","Ross",0.92,0.96,1.02,9.46,12.35,1,0,21
"df_sp46","Clinton","Residential Improved","Michigan",0.81,0.95,1.03,8.86,11.6,0.99,0,7
"138","Crawford","Industrial Vacant","Countywide",NA,NA,NA,NA,NA,NA,NA,0
"139","Crawford","Industrial Improved","Countywide",NA,NA,NA,NA,NA,NA,NA,0
"140","Crawford","Commercial Vacant","Countywide",NA,NA,NA,NA,NA,NA,NA,0
"df_sp47","Crawford","Commercial Improved","Countywide",0.81,0.92,0.99,9.19,11.83,1,0,6
"df_sp48","Crawford","Residential Vacant","Countywide",0.89,0.98,1.14,11.43,15.7,1.02,0,11
"df_sp49","Crawford","Residential Vacant","Boone",0.78,1.01,1.15,14.29,19.25,1.01,0,7
"141","Crawford","Residential Vacant","Patoka",NA,NA,NA,NA,NA,NA,NA,0
"2.5%105","Crawford","Residential Improved","Countywide",0.9,0.91,0.94,8.82,12.21,1.01,0,55
"df_sp50","Crawford","Residential Improved","Boone",0.76,0.94,0.96,11.78,17.03,1.02,0,6
"df_sp51","Crawford","Residential Improved","Jennings",0.78,0.91,0.91,11.7,15.27,1.03,0,12
"df_sp52","Crawford","Residential Improved","Johnson",0.87,0.91,1.06,10.56,12.85,0.99,0,14
"df_sp53","Crawford","Residential Improved","Liberty",0.9,0.93,0.96,6,8.82,1.01,0,15
"df_sp54","Crawford","Residential Improved","Whiskey Run",0.87,0.91,0.95,3.59,5.11,1.01,0,8
"142","Daviess","Industrial Vacant","Countywide",NA,NA,NA,NA,NA,NA,NA,0
"143","Daviess","Industrial Improved","Countywide",NA,NA,NA,NA,NA,NA,NA,0
"144","Daviess","Commercial Vacant","Countywide",NA,NA,NA,NA,NA,NA,NA,0
"145","Daviess","Commercial Improved","Countywide",NA,NA,NA,NA,NA,NA,NA,0
"146","Daviess","Residential Vacant","Countywide",NA,NA,NA,NA,NA,NA,NA,0
"2.5%106","Daviess","Residential Improved","Countywide",0.95,0.98,1.01,11.81,15.18,1.01,0,150
"2.5%107","Daviess","Residential Improved","Madison",0.83,0.94,1.08,13.54,14.79,1.02,0,20
"2.5%108","Daviess","Residential Improved","Washington",0.95,0.97,1.01,11.79,15.5,1.02,0,87
"df_sp55","Daviess","Residential Improved","Elmore",0.83,0.9,0.99,12.97,18.56,1.03,0,14
"2.5%109","Daviess","Residential Improved","Barr",0.92,1.02,1.06,9.33,12.72,0.99,0,29
"147","Dearborn","Industrial Vacant","Countywide",NA,NA,NA,NA,NA,NA,NA,0
"148","Dearborn","Industrial Improved","Countywide",NA,NA,NA,NA,NA,NA,NA,0
"149","Dearborn","Commercial Vacant","Countywide",NA,NA,NA,NA,NA,NA,NA,0
"2.5%110","Dearborn","Commercial Improved","Countywide",0.87,0.91,0.97,10.51,13,1,0,34
"2.5%111","Dearborn","Residential Vacant","Countywide",0.82,0.92,1,15.29,18.25,1.01,0,45
"2.5%112","Dearborn","Residential Improved","Countywide",0.89,0.91,0.91,12.12,15.27,1.01,0,762
"2.5%113","Dearborn","Residential Improved","Caesar Creek",0.87,0.92,0.94,9.16,11.71,1.02,0,36
"2.5%114","Dearborn","Residential Improved","Hogan",0.85,0.91,0.97,11.82,15.24,1.01,0,25
"2.5%115","Dearborn","Residential Improved","Center",0.85,0.9,0.96,12.61,15.38,1.02,0,86
"2.5%116","Dearborn","Residential Improved","Harrison",0.88,0.91,0.96,11.17,14.05,1.02,0,45
"df_sp56","Dearborn","Residential Improved","Jackson",0.9,0.91,0.93,6.24,10.4,0.99,0,10
"2.5%117","Dearborn","Residential Improved","Kelso",0.83,0.9,0.95,11.63,15.88,1.01,0,28
"2.5%118","Dearborn","Residential Improved","Lawrenceburg",0.88,0.9,0.93,13.39,16.21,1.02,0,253
"2.5%119","Dearborn","Residential Improved","Logan",0.86,0.91,0.93,10.88,15.33,1.02,0,37
"2.5%120","Dearborn","Residential Improved","Miller",0.88,0.91,0.93,11.66,15.14,1.01,0,224
"df_sp57","Dearborn","Residential Improved","Sparta",0.82,0.93,1.01,11.75,14.21,1.02,0,12
"df_sp58","Dearborn","Residential Improved","York",0.76,0.94,1.02,14.83,19.55,1.01,0,6
"150","Decatur","Industrial Vacant","Countywide",NA,NA,NA,NA,NA,NA,NA,0
"151","Decatur","Industrial Improved","Countywide",NA,NA,NA,NA,NA,NA,NA,0
"152","Decatur","Commercial Vacant","Countywide",NA,NA,NA,NA,NA,NA,NA,0
"2.5%121","Decatur","Commercial Improved","Countywide",0.78,0.85,0.94,19.33,24.87,0.95,0,36
"2.5%122","Decatur","Residential Vacant","Countywide",0.75,0.87,0.95,18.38,23.93,0.97,0,26
"2.5%123","Decatur","Residential Improved","Countywide",0.92,0.93,0.94,15.84,52.24,1.04,0,761
"2.5%124","Decatur","Residential Improved","Adams",0.86,0.95,0.97,14.29,18.5,1.01,0,40
"2.5%125","Decatur","Residential Improved","Clay",0.82,0.92,0.99,11.61,14.3,1.01,0,22
"df_sp59","Decatur","Residential Improved","Clinton",0.81,0.87,0.98,14.22,18.87,1.02,0,13
"2.5%126","Decatur","Residential Improved","Fugit",0.86,0.92,0.96,14.52,18.14,1.01,0,79
"2.5%127","Decatur","Residential Improved","Marion",0.86,0.95,1.05,18.1,29.31,1.07,0,23
"df_sp60","Decatur","Residential Improved","Saltcreek",0.86,0.97,1.02,12,15.8,1.02,0,19
"2.5%128","Decatur","Residential Improved","Sandcreek",0.91,0.94,1,32.32,124.47,1.19,0,58
"2.5%129","Decatur","Residential Improved","Washington",0.91,0.93,0.94,14.42,38.17,1.03,0,507
"153","Dekalb","Industrial Vacant","Countywide",NA,NA,NA,NA,NA,NA,NA,0
"154","Dekalb","Industrial Improved","Countywide",NA,NA,NA,NA,NA,NA,NA,0
"155","Dekalb","Commercial Vacant","Countywide",NA,NA,NA,NA,NA,NA,NA,0
"df_sp61","Dekalb","Commercial Improved","Countywide",0.83,0.96,1.08,13.29,16.08,0.99,0,8
"df_sp62","Dekalb","Commercial Improved","Union",0.83,0.96,1.08,13.29,16.08,0.99,0,8
"156","Dekalb","Commercial Improved","Butler",NA,NA,NA,NA,NA,NA,NA,0
"157","Dekalb","Residential Vacant","Countywide",NA,NA,NA,NA,NA,NA,NA,0
"158","Dekalb","Residential Vacant","Keyser",NA,NA,NA,NA,NA,NA,NA,0
"159","Dekalb","Residential Vacant","Union",NA,NA,NA,NA,NA,NA,NA,0
"160","Dekalb","Residential Vacant","Butler",NA,NA,NA,NA,NA,NA,NA,0
"2.5%130","Dekalb","Residential Improved","Countywide",0.97,0.98,0.99,22.93,66.67,1.1,0,622
"2.5%131","Dekalb","Residential Improved","Butler",0.93,0.97,0.99,10.56,15.6,1.02,0,70
"2.5%132","Dekalb","Residential Improved","Concord",0.87,0.99,1.04,13.74,17.04,1.01,0,32
"2.5%133","Dekalb","Residential Improved","Fairfield",0.83,0.93,1.01,13.54,16.39,1.03,0,22
"2.5%134","Dekalb","Residential Improved","Franklin",0.89975,0.95,1.03,14.38,16.37,1.03,0,62
"2.5%135","Dekalb","Residential Improved","Grant",0.91,0.96,1,11.47,15.54,1.03,0,59
"2.5%136","Dekalb","Residential Improved","Keyser",0.94,0.97,1,20.68,45.16,1.08,0,133
"2.5%137","Dekalb","Residential Improved","Union",0.98,1,1.02,34.43,87.53,1.17,0,244
"161","Delaware","Industrial Vacant","Countywide",NA,NA,NA,NA,NA,NA,NA,0
"162","Delaware","Industrial Improved","Countywide",NA,NA,NA,NA,NA,NA,NA,0
"163","Delaware","Commercial Vacant","Countywide",NA,NA,NA,NA,NA,NA,NA,0
"2.5%138","Delaware","Commercial Improved","Countywide",0.9,0.97,0.99,15.81,21.02,1.02,0,77
"2.5%139","Delaware","Commercial Improved","Center",0.89,0.96,1.01,17.64,22.75,1.02,0,59
"df_sp63","Delaware","Commercial Improved","Mt. Pleasant",0.82,0.93,1.08,13.09,16.74,1.01,0,6
"df_sp64","Delaware","Commercial Improved","Delaware",0.97,0.98,1,8.8,13.04,1.02,0,12
"2.5%140","Delaware","Residential Vacant","Countywide",0.97,1.03,1.08,8.25,10.32,1,0,23
"164","Delaware","Residential Vacant","Center",NA,NA,NA,NA,NA,NA,NA,0
"df_sp65","Delaware","Residential Vacant","Mt. Pleasant",0.99,1.07,1.1,6.66,8.64,1.01,0,10
"df_sp66","Delaware","Residential Vacant","Delaware",0.93,1,1.08,8.8,11.31,1,0,10
"2.5%141","Delaware","Residential Improved","Countywide",0.91,0.92,0.93,14.03,18.1,1.01,0,1453
"2.5%142","Delaware","Residential Improved","Center",0.9,0.91,0.93,14.89,18.62,1.02,0,905
"2.5%143","Delaware","Residential Improved","Delaware",0.91,0.94,1,9.1,12.17,1.01,0,28
"2.5%144","Delaware","Residential Improved","Hamilton",0.89,0.92,0.95,12.63,17.76,1,0,89
"2.5%145","Delaware","Residential Improved","Harrison",0.91,0.95,1.01025,10.34,13.06,1.03,0,30
"2.5%146","Delaware","Residential Improved","Liberty",0.85,0.96,1,14.79,19.3,1.02,0,41
"2.5%147","Delaware","Residential Improved","Monroe",0.89,0.94,0.99,11.69,14.81,1,0,33
"2.5%148","Delaware","Residential Improved","Mt. Pleasant",0.89,0.91,0.93,13.95,19.13,1.02,0,234
"df_sp67","Delaware","Residential Improved","Niles",0.89,0.94,0.99,11.44,17.54,1.01,0,13
"df_sp68","Delaware","Residential Improved","Perry",0.92,0.94,1.07,10.98,14.05,1.01,0,18
"2.5%149","Delaware","Residential Improved","Salem",0.9,0.95,1.01,10.81,14.53,1.03,0,35
"df_sp69","Delaware","Residential Improved","Union",0.94,0.96,1.02,6.87,9.03,0.99,0,19
"df_sp70","Delaware","Residential Improved","Washington",0.91,0.96,1.12,8.83,11.48,1.03,0,8
"165","Dubois","Industrial Vacant","Countywide",NA,NA,NA,NA,NA,NA,NA,0
"166","Dubois","Industrial Improved","Countywide",NA,NA,NA,NA,NA,NA,NA,0
"167","Dubois","Commercial Vacant","Countywide",NA,NA,NA,NA,NA,NA,NA,0
"df_sp71","Dubois","Commercial Improved","Countywide",0.89,0.94,0.98,4.07,4.87,1,0,11
"df_sp72","Dubois","Commercial Improved","Bainbridge",0.9,0.96,0.98,3.93,5.25,1,0,7
"168","Dubois","Commercial Improved","Boone",NA,NA,NA,NA,NA,NA,NA,0
"2.5%150","Dubois","Residential Vacant","Countywide",0.89,0.94,0.96,7.34,9.78,1.02,0,29
"df_sp73","Dubois","Residential Vacant","Bainbridge",0.89,0.93,0.97,8.01,11.3,1.03,0,12
"df_sp74","Dubois","Residential Vacant","Cass",0.76,0.9,0.96,4.36,8.18,0.98,0,5
"df_sp75","Dubois","Residential Vacant","Columbia",0.88,0.96,0.98,6.46,8.88,1,0,12
"2.5%151","Dubois","Residential Improved","Countywide",0.9,0.91,0.92,36.66,127.5,1.24,0,506
"2.5%152","Dubois","Residential Improved","Bainbridge",0.89,0.91,0.92,29.49,146.18,1.18,0,247
"2.5%153","Dubois","Residential Improved","Boone",0.89,0.91,0.93,45.69,121.02,1.33,0,55
"df_sp76","Dubois","Residential Improved","Cass",0.86,0.92,1,9.03,10.34,1,0,16
"df_sp77","Dubois","Residential Improved","Columbia",0.89,0.91,0.92,2.96,4.07,1,0,15
"df_sp78","Dubois","Residential Improved","Jackson",0.87,0.95,0.99,39.38,92.01,1.28,0,19
"2.5%154","Dubois","Residential Improved","Patoka",0.89,0.91,0.93,32.1,96.08,1.18,0,107
"2.5%155","Dubois","Residential Improved","Ferdinand",0.88,0.91,0.93025,92.9,124.25,1.65,0,47
"169","Elkhart","Industrial Vacant","Countywide",NA,NA,NA,NA,NA,NA,NA,0
"2.5%156","Elkhart","Industrial Improved","Countywide",0.83,0.9,1,19.03,22.36,1.01,0,47
"170","Elkhart","Commercial Vacant","Countywide",NA,NA,NA,NA,NA,NA,NA,0
"2.5%157","Elkhart","Commercial Improved","Countywide",0.84975,0.92,1.01025,19.19,22.56,0.98,0,72
"2.5%158","Elkhart","Residential Vacant","Countywide",0.86,0.92,0.95,12.82,18.38,0.99,0,43
"2.5%159","Elkhart","Residential Improved","Countywide",0.92,0.93,0.93,12.2,16.28,1.01,0,2311
"2.5%160","Elkhart","Residential Improved","Baugo",0.89,0.91,0.94,12.65,17.9,1,0,140
"2.5%161","Elkhart","Residential Improved","Cleveland",0.89,0.91,0.94,13.21,17.97,1.02,0,155
"2.5%162","Elkhart","Residential Improved","Locke",0.87,0.91,1.02,14.94,16.58,1.01,0,43
"2.5%163","Elkhart","Residential Improved","Concord",0.92,0.93,0.95,12.43,15.77,1.02,0,528
"2.5%164","Elkhart","Residential Improved","Elkhart",0.92,0.93,0.95,11.89,15.76,1.01,0,415
"2.5%165","Elkhart","Residential Improved","York",0.92,0.94,0.97,10.66,15.04,1.02,0,53
"2.5%166","Elkhart","Residential Improved","Jefferson",0.92,0.94,0.95,9.01,11.98,1,0,109
"2.5%167","Elkhart","Residential Improved","Middlebury",0.87,0.9,0.95,12.87,15.81,1,0,102
"2.5%168","Elkhart","Residential Improved","Olive",0.92,0.93,0.97,8.47,13.23,0.99,0,37
"2.5%169","Elkhart","Residential Improved","Osolo",0.91,0.92,0.94,12.46,17.31,1.02,0,376
"2.5%170","Elkhart","Residential Improved","Union",0.89,0.92,0.95,12.37,17.31,1,0,86
"2.5%171","Elkhart","Residential Improved","Benton",0.84,0.91,1,12.08,14.07,1.02,0,25
"2.5%172","Elkhart","Residential Improved","Clinton",0.87,0.9,0.97,13.38,17.04,1.02,0,38
"2.5%173","Elkhart","Residential Improved","Harrison",0.89,0.92,1.01,12.68,17.01,1,0,27
"2.5%174","Elkhart","Residential Improved","Jackson",0.88,0.93,0.96,11.81,16.04,1.02,0,81
"2.5%175","Elkhart","Residential Improved","Washington",0.9,0.93,0.96,12.49,17.67,1.01,0,96
"171","Fayette","Industrial Vacant","Countywide",NA,NA,NA,NA,NA,NA,NA,0
"172","Fayette","Industrial Improved","Countywide",NA,NA,NA,NA,NA,NA,NA,0
"173","Fayette","Commercial Vacant","Countywide",NA,NA,NA,NA,NA,NA,NA,0
"2.5%176","Fayette","Commercial Improved","Countywide",0.86,0.91,0.990499999999999,18.73,23.55,1.04,0,30
"174","Fayette","Residential Vacant","Countywide",NA,NA,NA,NA,NA,NA,NA,0
"2.5%177","Fayette","Residential Improved","Countywide",0.92,0.94,0.95,23.94,92.92,1.1,0,604
"2.5%178","Fayette","Residential Improved","Columbia",0.86,0.91,0.99,16.88,26.62,1.04,0,30
"2.5%179","Fayette","Residential Improved","Jackson",0.88,0.91,0.95,14.3,17.78,1.02,0,56
"2.5%180","Fayette","Residential Improved","Connersville",0.92,0.93,0.96,30.15,113.44,1.15,0,357
"2.5%181","Fayette","Residential Improved","Harrison",0.93,0.96,0.98,14.92,18.48,1.02,0,161
"175","Floyd","Industrial Vacant","Countywide",NA,NA,NA,NA,NA,NA,NA,0
"176","Floyd","Industrial Improved","Countywide",NA,NA,NA,NA,NA,NA,NA,0
"177","Floyd","Commercial Vacant","Countywide",NA,NA,NA,NA,NA,NA,NA,0
"df_sp79","Floyd","Commercial Improved","Countywide",0.93,1.01,1.05,6.93,11.16,1.02,0,8
"df_sp80","Floyd","Residential Vacant","Countywide",0.78,1,1.09,13.57,18.97,1,0,10
"2.5%182","Floyd","Residential Improved","Countywide",0.9,0.91,0.92,10.51,13.93,1.01,0,706
"df_sp81","Floyd","Residential Improved","Franklin",0.79,0.91,0.98,9.48,11.82,1.01,0,7
"2.5%183","Floyd","Residential Improved","Georgetown",0.9,0.91,0.93,9.57,12.86,1.01,0,112
"2.5%184","Floyd","Residential Improved","Greenville",0.88,0.91,0.96,9.85,12.14,1,0,55
"2.5%185","Floyd","Residential Improved","Lafayette",0.87,0.91,0.96,10.92,14.2,1,0,52
"2.5%186","Floyd","Residential Improved","New Albany",0.9,0.91,0.92,10.77,14.39,1.02,0,480
"178","Fountain","Industrial Vacant","Countywide",NA,NA,NA,NA,NA,NA,NA,0
"179","Fountain","Industrial Improved","Countywide",NA,NA,NA,NA,NA,NA,NA,0
"180","Fountain","Commercial Vacant","Countywide",NA,NA,NA,NA,NA,NA,NA,0
"df_sp82","Fountain","Commercial Improved","Countywide",0.77,0.96,1.07,16.84,22.29,1.03,0,9
"df_sp83","Fountain","Residential Vacant","Countywide",0.65,0.87,0.94,17.55,22.88,0.99,0,10
"2.5%187","Fountain","Residential Improved","Countywide",0.9,0.92,0.94,12.84,16.78,1.01,0,209
"df_sp84","Fountain","Residential Improved","Cain",0.85,0.95,1.03,12.37,15.9,1.03,0,14
"df_sp85","Fountain","Residential Improved","Davis",0.72,0.91,1,7.75,11.64,1.03,0,5
"2.5%188","Fountain","Residential Improved","Logan",0.86,0.94,0.97,13.42,18.46,1.02,0,40
"df_sp86","Fountain","Residential Improved","Richland",0.85,0.93,0.99,11.15,13.31,1,0,12
"df_sp87","Fountain","Residential Improved","Shawnee",0.69,1.01,1.06,10.74,16.78,1.03,0,5
"2.5%189","Fountain","Residential Improved","Troy",0.87,0.9,0.94,12.72,16.69,1,0,82
"2.5%190","Fountain","Residential Improved","Van Buren",0.79,0.9,0.96,12.98,15.7,1.01,0,23
"2.5%191","Fountain","Residential Improved","Millcreek",0.88,0.92,0.98,13.05,18.45,0.99,0,28
"181","Franklin","Industrial Vacant","Countywide",NA,NA,NA,NA,NA,NA,NA,0
"182","Franklin","Industrial Improved","Countywide",NA,NA,NA,NA,NA,NA,NA,0
"183","Franklin","Commercial Vacant","Countywide",NA,NA,NA,NA,NA,NA,NA,0
"184","Franklin","Commercial Improved","Countywide",NA,NA,NA,NA,NA,NA,NA,0
"185","Franklin","Residential Vacant","Countywide",NA,NA,NA,NA,NA,NA,NA,0
"2.5%192","Franklin","Residential Improved","Countywide",0.91,0.93,0.95,9.09,12.62,1.01,0,112
"2.5%193","Franklin","Residential Improved","Brookville",0.88,0.92,0.95,10.91,15.9,1.02,0,50
"2.5%194","Franklin","Residential Improved","Ray",0.92,0.97,0.99,6.53,7.95,0.99,0,33
"2.5%195","Franklin","Residential Improved","Bath",0.88,0.92,0.96,8.37,10.71,1.02,0,23
"df_sp88","Franklin","Residential Improved","Blooming Grove",0.8,0.93,0.96,7.06,9.98,1.01,0,6
"186","Fulton","Industrial Vacant","Countywide",NA,NA,NA,NA,NA,NA,NA,0
"df_sp89","Fulton","Industrial Improved","Countywide",0.83,0.93,1.07,189.82,160.56,2.41,0,6
"187","Fulton","Commercial Vacant","Countywide",NA,NA,NA,NA,NA,NA,NA,0
"2.5%196","Fulton","Commercial Improved","Countywide",0.86,0.96,1.01,55.86,171.53,1.37,0,38
"2.5%197","Fulton","Residential Vacant","Countywide",0.66,0.83,0.94,22.77,27.9,1.02,0,25
"2.5%198","Fulton","Residential Improved","Countywide",0.94,0.96,0.96,14.18,37.89,1.03,0,611
"2.5%199","Fulton","Residential Improved","Aubbeenaubbee",0.86,0.94,0.98,14.3,20,1.03,0,27
"2.5%200","Fulton","Residential Improved","Henry",0.92,0.97,0.99,10.52,14.13,1.02,0,67
"2.5%201","Fulton","Residential Improved","Liberty",0.93,0.96,0.98,12.75,17.59,1.02,0,56
"2.5%202","Fulton","Residential Improved","Newcastle",0.88,0.95,1.02,13.33,17.7,1.01,0,24
"2.5%203","Fulton","Residential Improved","Richland",0.85,0.91,1.03,14.22,18.1,1.02,0,25
"2.5%204","Fulton","Residential Improved","Rochester",0.94,0.95,0.97,15.42,46.68,1.03,0,361
"2.5%205","Fulton","Residential Improved","Union",0.92,0.95,0.99,11.71,16.56,1.02,0,50
"188","Gibson","Industrial Vacant","Countywide",NA,NA,NA,NA,NA,NA,NA,0
"189","Gibson","Industrial Improved","Countywide",NA,NA,NA,NA,NA,NA,NA,0
"190","Gibson","Commercial Vacant","Countywide",NA,NA,NA,NA,NA,NA,NA,0
"df_sp90","Gibson","Commercial Improved","Countywide",0.85,0.98,1.08,15.71,19.52,0.99,0,12
"df_sp91","Gibson","Residential Vacant","Countywide",0.93,1.02,1.11,10.18,14.29,1,0,6
"2.5%206","Gibson","Residential Improved","Countywide",0.87,0.9,0.91,12.69,16.44,1.02,0,290
"df_sp92","Gibson","Residential Improved","Barton",0.81,0.93,0.94,11.17,15.98,1.03,0,9
"2.5%207","Gibson","Residential Improved","Columbia",0.85,0.9,0.95,12.36,16.01,1.03,0,28
"2.5%208","Gibson","Residential Improved","Johnson",0.81,0.9,0.93,13.7,19.32,1.03,0,34
"2.5%209","Gibson","Residential Improved","Montgomery",0.82,0.91,0.92,12.23,16.84,1,0,38
"2.5%210","Gibson","Residential Improved","Patoka",0.85,0.9,0.93,12.52,15.97,1.01,0,129
"2.5%211","Gibson","Residential Improved","Union",0.79,0.9,0.92,13.08,16.22,1.03,0,52
"191","Grant","Industrial Vacant","Countywide",NA,NA,NA,NA,NA,NA,NA,0
"192","Grant","Industrial Improved","Countywide",NA,NA,NA,NA,NA,NA,NA,0
"193","Grant","Commercial Vacant","Countywide",NA,NA,NA,NA,NA,NA,NA,0
"2.5%212","Grant","Commercial Improved","Countywide",0.95,0.96,0.97,7.04,11.02,1.03,0,22
"194","Grant","Residential Vacant","Countywide",NA,NA,NA,NA,NA,NA,NA,0
"2.5%213","Grant","Residential Improved","Countywide",0.93,0.94,0.96,10.63,14.27,1.03,0,614
"2.5%214","Grant","Residential Improved","Jefferson",0.9,0.94,0.98,9.4,11.88,1.02,0,49
"2.5%215","Grant","Residential Improved","Center",0.93,0.94,0.97,10.71,14.54,1.03,0,172
"2.5%216","Grant","Residential Improved","Fairmount",0.87,0.94,0.99,10.93,14.47,1.02,0,30
"2.5%217","Grant","Residential Improved","Franklin",0.92,0.96,0.97,9.9,12.94,1.01,0,61
"2.5%218","Grant","Residential Improved","Mill",0.92,0.95,0.97,11.55,15.9,1.03,0,120
"2.5%219","Grant","Residential Improved","Pleasant",0.92,0.93,0.94025,10.02,13.02,1.02,0,113
"2.5%220","Grant","Residential Improved","Sims",0.89,0.95,1,8.27,10.99,1.02,0,23
"2.5%221","Grant","Residential Improved","Van Buren",0.92,0.99,1.07,12.47,16.69,1.03,0,21
"2.5%222","Grant","Residential Improved","Washington",0.87,0.97,1.02,10.73,15.46,1.02,0,25
"195","Greene","Industrial Vacant","Countywide",NA,NA,NA,NA,NA,NA,NA,0
"196","Greene","Industrial Improved","Countywide",NA,NA,NA,NA,NA,NA,NA,0
"197","Greene","Commercial Vacant","Countywide",NA,NA,NA,NA,NA,NA,NA,0
"df_sp93","Greene","Commercial Improved","Countywide",0.83,0.91,1.05,13.61,17.18,1.01,0,12
"df_sp94","Greene","Residential Vacant","Countywide",0.73,1,1.01,10.33,15.03,1.02,0,7
"2.5%223","Greene","Residential Improved","Countywide",0.9,0.92,0.93,10.83,13.37,1.02,0,243
"2.5%224","Greene","Residential Improved","Beech Creek",0.88,0.93,0.98,9.71,11.62,1.02,0,49
"df_sp95","Greene","Residential Improved","Cass",0.92,0.92,1.02,5.33,7.76,1,0,8
"2.5%225","Greene","Residential Improved","Fairplay",0.87,0.91,0.95,11.41,14.02,1.02,0,94
"2.5%226","Greene","Residential Improved","Highland",0.9,0.92,0.96,11.8,15.07,1.03,0,56
"2.5%227","Greene","Residential Improved","Richland",0.86975,0.91,0.96,10.36,12.55,1.03,0,36
"198","Hamilton","Industrial Vacant","Countywide",NA,NA,NA,NA,NA,NA,NA,0
"199","Hamilton","Industrial Improved","Countywide",NA,NA,NA,NA,NA,NA,NA,0
"df_sp96","Hamilton","Commercial Vacant","Countywide",0.99,1,1.01,6.88,12.6,0.99,0,16
"2.5%228","Hamilton","Commercial Improved","Countywide",0.89,0.91,0.95,7.1,8.91,0.99,0,41
"2.5%229","Hamilton","Residential Vacant","Countywide",0.96,0.99,1,10.22,15.1,1.02,0,167
"df_sp97","Hamilton","Residential Vacant","Adams",0.87,0.92,0.99,8.54,12.83,0.98,0,9
"2.5%230","Hamilton","Residential Vacant","Clay",0.95,0.99,1,10.09,15.48,1,0,44
"2.5%231","Hamilton","Residential Vacant","Fall Creek",0.84,0.91,0.96,9.78,12.76,1.02,0,27
"df_sp98","Hamilton","Residential Vacant","Noblesville",0.89,0.92,0.97,6.22,8.39,1,0,14
"2.5%232","Hamilton","Residential Vacant","Westfield Washington",0.99,1,1,10.04,16.21,1.03,0,73
"2.5%233","Hamilton","Residential Improved","Countywide",0.9,0.9,0.9,7.48,9.88,1.01,0,8355
"2.5%234","Hamilton","Residential Improved","Adams",0.9,0.93,0.94,8.68,11.22,1.01,0,150
"2.5%235","Hamilton","Residential Improved","Clay",0.89,0.9,0.9,9.09,11.92,1.01,0,1759
"2.5%236","Hamilton","Residential Improved","Delaware",0.9,0.9,0.91,7.41,10.13,1,0,600
"2.5%237","Hamilton","Residential Improved","Fall Creek",0.89,0.89,0.9,6.83,8.72,1,0,1698
"2.5%238","Hamilton","Residential Improved","Jackson",0.9,0.91,0.92,7.48,9.82,1.01,0,268
"2.5%239","Hamilton","Residential Improved","Noblesville",0.9,0.91,0.91,8.46,11.13,1,0,1374
"2.5%240","Hamilton","Residential Improved","Wayne",0.89,0.9,0.91,5.31,7.28,1,0,168
"2.5%241","Hamilton","Residential Improved","Westfield Washington",0.9,0.9,0.91,6.18,7.91,1,0,2325
"df_sp99","Hamilton","Residential Improved","White River",0.77,0.91,0.99,12.9,15.64,1,0,13
"1100","Hancock","Industrial Vacant","Countywide",NA,NA,NA,NA,NA,NA,NA,0
"1101","Hancock","Industrial Improved","Countywide",NA,NA,NA,NA,NA,NA,NA,0
"1102","Hancock","Commercial Vacant","Countywide",NA,NA,NA,NA,NA,NA,NA,0
"df_sp100","Hancock","Commercial Improved","Countywide",0.81,0.9,0.94,11.94,14.04,0.99,0,16
"2.5%242","Hancock","Residential Vacant","Countywide",0.94,1,1.07,8,10.16,1.01,0,25
"df_sp101","Hancock","Residential Vacant","Brandywine",0.93,0.99,1.14,8.85,11.28,1.03,0,11
"df_sp102","Hancock","Residential Vacant","Buck Creek",0.93,1.01,1.05,6.49,9.89,0.99,0,6
"df_sp103","Hancock","Residential Vacant","Green",0.94,1.03,1.13,7.75,9.36,1,0,8
"1103","Hancock","Residential Vacant","Blue River",NA,NA,NA,NA,NA,NA,NA,0
"2.5%243","Hancock","Residential Improved","Countywide",0.89,0.9,0.9,7.09,9.88,1,0,2195
"2.5%244","Hancock","Residential Improved","Blue River",0.87,0.9,0.93,7.75,11.36,1.01,0,36
"2.5%245","Hancock","Residential Improved","Brandywine",0.89,0.9,0.9,6.02,8.4,1,0,512
"2.5%246","Hancock","Residential Improved","Buck Creek",0.88,0.9,0.91,6.99,8.52,1,0,222
"2.5%247","Hancock","Residential Improved","Center",0.89,0.89,0.9,8.03,11.54,1.01,0,630
"2.5%248","Hancock","Residential Improved","Vernon",0.89,0.9,0.9,7.01,9.61,1,0,795
"1104","Harrison","Industrial Vacant","Countywide",NA,NA,NA,NA,NA,NA,NA,0
"1105","Harrison","Industrial Improved","Countywide",NA,NA,NA,NA,NA,NA,NA,0
"1106","Harrison","Commercial Vacant","Countywide",NA,NA,NA,NA,NA,NA,NA,0
"2.5%249","Harrison","Commercial Improved","Countywide",0.95,0.99,1.04,8.65,11.82,1,0,21
"2.5%250","Harrison","Residential Vacant","Countywide",0.95,0.98,1.04,10.82,15.33,1.01,0,37
"2.5%251","Harrison","Residential Vacant","Harrison",0.89,0.96,1.04,11.42,15.66,1.02,0,22
"df_sp104","Harrison","Residential Vacant","Blue River",0.96,1,1.06,9.89,16.35,0.93,0,10
"2.5%252","Harrison","Residential Improved","Countywide",0.94,0.95,0.96025,13.45,33.09,1.03,0,505
"2.5%253","Harrison","Residential Improved","Heth",0.85,0.9,0.97,9.7,12.8,1.01,0,24
"2.5%254","Harrison","Residential Improved","Harrison",0.96,0.98,1,10.88,16.6,1.02,0,179
"2.5%255","Harrison","Residential Improved","Posey",0.86975,1,1.02,42.05,92.63,1.27,0,30
"2.5%256","Harrison","Residential Improved","Blue River",0.83,0.91,1,11.88,14.53,1.02,0,23
"2.5%257","Harrison","Residential Improved","Jackson",0.94,0.97,1.01,11.4,16.15,1.02,0,74
"2.5%258","Harrison","Residential Improved","Morgan",0.88,0.92,0.99,13.05,16.78,1.02,0,49
"2.5%259","Harrison","Residential Improved","Spencer",0.89,0.95,1.02,13.25,17.01,1.02,0,25
"df_sp105","Harrison","Residential Improved","Boone",0.91,0.94,1,6.2,7.49,1.02,0,12
"df_sp106","Harrison","Residential Improved","Taylor",0.9,0.96,1.02,6.16,6.78,1,0,6
"2.5%260","Harrison","Residential Improved","Webster",0.91,0.94,0.95,11.23,19,1.01,0,23
"1107","Hendricks","Industrial Vacant","Countywide",NA,NA,NA,NA,NA,NA,NA,0
"1108","Hendricks","Industrial Improved","Countywide",NA,NA,NA,NA,NA,NA,NA,0
"1109","Hendricks","Commercial Vacant","Countywide",NA,NA,NA,NA,NA,NA,NA,0
"1110","Hendricks","Commercial Improved","Countywide",NA,NA,NA,NA,NA,NA,NA,0
"1111","Hendricks","Residential Vacant","Countywide",NA,NA,NA,NA,NA,NA,NA,0
"2.5%261","Hendricks","Residential Improved","Countywide",0.92,0.92,0.93,8.28,16.22,1,0,2182
"2.5%262","Hendricks","Residential Improved","Brown",0.94,0.95,0.96,6.66,8.7,1,0,239
"2.5%263","Hendricks","Residential Improved","Center",0.89,0.9,0.91,9.22,14.51,1.01,0,180
"2.5%264","Hendricks","Residential Improved","Guilford",0.89,0.91,0.92,8.19,11.6,1,0,332
"2.5%265","Hendricks","Residential Improved","Liberty",0.92,0.94,0.97,7.06,9.73,1.01,0,81
"2.5%266","Hendricks","Residential Improved","Lincoln",0.93,0.94,0.95,9.44,26.21,1.01,0,498
"2.5%267","Hendricks","Residential Improved","Middle",0.91,0.93,0.98,8.89,11.26,1,0,73
"2.5%268","Hendricks","Residential Improved","Eel River",0.86,0.9,0.96,11.49,14.96,1.03,0,33
"2.5%269","Hendricks","Residential Improved","Washington",0.91,0.92,0.92,7.23,10.94,1,0,733
"1112","Henry","Industrial Vacant","Countywide",NA,NA,NA,NA,NA,NA,NA,0
"1113","Henry","Industrial Improved","Countywide",NA,NA,NA,NA,NA,NA,NA,0
"1114","Henry","Commercial Vacant","Countywide",NA,NA,NA,NA,NA,NA,NA,0
"1115","Henry","Commercial Improved","Countywide",NA,NA,NA,NA,NA,NA,NA,0
"1116","Henry","Residential Vacant","Countywide",NA,NA,NA,NA,NA,NA,NA,0
"2.5%270","Henry","Residential Improved","Countywide",0.94,0.95,0.96,12.52,16.42,1.02,0,515
"df_sp107","Henry","Residential Improved","Blue River",0.92,0.94,0.97,5.18,9.35,1.01,0,7
"df_sp108","Henry","Residential Improved","Dudley",0.74,0.94,0.98,12.37,17.82,1.01,0,7
"2.5%271","Henry","Residential Improved","Fall Creek",0.91,0.95,0.99025,11.02,13.59,1.01,0,55
"df_sp109","Henry","Residential Improved","Franklin",0.87,0.96,0.99,5.19,7.03,1,0,11
"df_sp110","Henry","Residential Improved","Greensboro",0.77,0.95,1.07,12.67,16.75,1.01,0,6
"df_sp111","Henry","Residential Improved","Harrison",0.81,0.96,0.98,5.65,8.17,1,0,5
"df_sp112","Henry","Residential Improved","Jefferson",0.88,0.96,0.98,12.88,17.86,1,0,17
"df_sp113","Henry","Residential Improved","Liberty",0.73,0.95,1.21,13.18,18.49,1.02,0,5
"2.5%272","Henry","Residential Improved","Prairie",0.87,0.94,1,13.09,17.54,1.01,0,42
"df_sp114","Henry","Residential Improved","Spiceland",0.92,0.94,1,7.85,10.86,1.02,0,17
"2.5%273","Henry","Residential Improved","Wayne",0.91,0.97,1.01,13.11,17.58,1.02,0,49
"2.5%274","Henry","Residential Improved","Henry",0.93,0.95,0.96,13.35,17.27,1.02,0,294
"1117","Howard","Industrial Vacant","Countywide",NA,NA,NA,NA,NA,NA,NA,0
"df_sp115","Howard","Industrial Improved","Countywide",0.62,0.75,0.75,14.41,22.56,1.03,0,9
"1118","Howard","Commercial Vacant","Countywide",NA,NA,NA,NA,NA,NA,NA,0
"2.5%275","Howard","Commercial Improved","Countywide",0.85,0.91,0.96,18.36,24.69,1.03,0,100
"2.5%276","Howard","Residential Vacant","Countywide",0.87,0.92,1.03,19.59,23.45,1.02,0,50
"2.5%277","Howard","Residential Improved","Countywide",0.92,0.92,0.93,16.88,56.89,1.05,0,2977
"2.5%278","Howard","Residential Improved","Center",0.91,0.92,0.93,16.77,44.69,1.04,0,1732
"2.5%279","Howard","Residential Improved","Clay",0.9,0.91,0.93,16.48,75.74,1.07,0,120
"2.5%280","Howard","Residential Improved","Ervin",0.89,0.91,0.97,9.14,11.61,1.01,0,32
"2.5%281","Howard","Residential Improved","Harrison",0.91,0.92,0.93,15.75,65.2,1.06,0,377
"2.5%282","Howard","Residential Improved","Honey Creek",0.89,0.91,0.99,13.5,16.76,1.02,0,57
"2.5%283","Howard","Residential Improved","Howard",0.89,0.91,0.95,10.21,14.4,1.01,0,69
"df_sp116","Howard","Residential Improved","Jackson",0.82,0.92,1.05,11.75,14.12,1.01,0,13
"2.5%284","Howard","Residential Improved","Liberty",0.91,0.92,0.94,12.99,17.38,1.03,0,141
"2.5%285","Howard","Residential Improved","Monroe",0.92,0.96,1.01,56.84,171.21,1.37,0,31
"2.5%286","Howard","Residential Improved","Taylor",0.91,0.92,0.94,19.25,69.99,1.07,0,378
"2.5%287","Howard","Residential Improved","Union",0.86,0.92,1.02,15.13,18.16,1.03,0,27
"1119","Huntington","Industrial Vacant","Countywide",NA,NA,NA,NA,NA,NA,NA,0
"1120","Huntington","Industrial Improved","Countywide",NA,NA,NA,NA,NA,NA,NA,0
"1121","Huntington","Commercial Vacant","Countywide",NA,NA,NA,NA,NA,NA,NA,0
"df_sp117","Huntington","Commercial Improved","Countywide",0.73,0.91,0.99,13.28,16.28,1.02,0,14
"df_sp118","Huntington","Residential Vacant","Countywide",0.86,0.95,1.03,12.88,20.96,1.03,0,8
"2.5%288","Huntington","Residential Improved","Countywide",0.92,0.93,0.94,11.72,15.63,1.01,0,820
"df_sp119","Huntington","Residential Improved","Jefferson",0.81,0.92,1.02,9.51,11.95,1,0,11
"df_sp120","Huntington","Residential Improved","Warren",0.81,0.94,1.02,11.92,15.25,1.02,0,13
"2.5%289","Huntington","Residential Improved","Clear Creek",0.84,0.92,0.96,9.38,11.72,1,0,24
"2.5%290","Huntington","Residential Improved","Dallas",0.91,0.95,0.96,5.82,7.45,1.02,0,33
"2.5%291","Huntington","Residential Improved","Huntington",0.92,0.93,0.94,12.47,16.66,1.01,0,526
"2.5%292","Huntington","Residential Improved","Jackson",0.89,0.93,0.95,10.87,14.23,1.01,0,119
"df_sp121","Huntington","Residential Improved","Lancaster",0.9,0.94,0.97,10.95,15.48,1.02,0,19
"2.5%293","Huntington","Residential Improved","Rock Creek",0.79,0.92,1.01,12.62,14.88,1.01,0,23
"2.5%294","Huntington","Residential Improved","Salamonie",0.88,0.93,0.99,12.35,16.07,1.01,0,37
"df_sp122","Huntington","Residential Improved","Union",0.89,0.93,0.96,7.57,10.28,1.02,0,15
"1122","Jackson","Industrial Vacant","Countywide",NA,NA,NA,NA,NA,NA,NA,0
"1123","Jackson","Industrial Improved","Countywide",NA,NA,NA,NA,NA,NA,NA,0
"1124","Jackson","Commercial Vacant","Countywide",NA,NA,NA,NA,NA,NA,NA,0
"df_sp123","Jackson","Commercial Improved","Countywide",0.76,0.95,0.98,16.54,21.54,1,0,12
"df_sp124","Jackson","Residential Vacant","Countywide",0.84,0.9,1.02,15.71,18.63,1.01,0,18
"2.5%295","Jackson","Residential Improved","Countywide",0.89,0.91,0.91,10.81,14.54,1.01,0,602
"2.5%296","Jackson","Residential Improved","Brownstown",0.88975,0.91,0.95,9.54,13.42,1.01,0,49
"df_sp125","Jackson","Residential Improved","Carr",0.84,0.94,1.09,11.86,13.28,1.03,0,8
"df_sp126","Jackson","Residential Improved","Owen",0.89,0.92,1.09,13.33,17.42,1,0,9
"2.5%297","Jackson","Residential Improved","Jackson",0.89,0.9,0.91,10.95,14.64,1.01,0,407
"df_sp127","Jackson","Residential Improved","Pershing",0.73,0.93,1,12.25,16.32,1.02,0,6
"2.5%298","Jackson","Residential Improved","Redding",0.89,0.91,0.93,11.27,15.56,1.02,0,86
"2.5%299","Jackson","Residential Improved","Vernon",0.85,0.92,0.94,9.37,13.31,1.01,0,25
"df_sp128","Jackson","Residential Improved","Washington",0.86,0.9,0.93,6.13,8.4,1,0,12
"1125","Jasper","Industrial Vacant","Countywide",NA,NA,NA,NA,NA,NA,NA,0
"df_sp129","Jasper","Industrial Improved","Countywide",0.48,0.91,1.35,22.3,34.13,0.83,0,5
"1126","Jasper","Commercial Vacant","Countywide",NA,NA,NA,NA,NA,NA,NA,0
"2.5%300","Jasper","Commercial Improved","Countywide",0.9,0.92,0.96,10.55,14.33,1.05,0,23
"df_sp130","Jasper","Commercial Improved","Keener",0.83,0.91,0.96,5.24,7.44,0.99,0,7
"df_sp131","Jasper","Commercial Improved","Marion",0.9,0.92,1.05,11.58,15.68,1.02,0,9
"df_sp132","Jasper","Commercial Improved","Barkley",0.77,0.96,1,12.97,17.43,1.08,0,7
"2.5%301","Jasper","Residential Vacant","Countywide",0.84,0.88,0.93,12.67,16.46,1.02,0,90
"2.5%302","Jasper","Residential Vacant","Keener",0.84,0.9,0.93,9.7,12.63,1.01,0,35
"1127","Jasper","Residential Vacant","Marion",NA,NA,NA,NA,NA,NA,NA,0
"1128","Jasper","Residential Vacant","Newton",NA,NA,NA,NA,NA,NA,NA,0
"1129","Jasper","Residential Vacant","Union",NA,NA,NA,NA,NA,NA,NA,0
"2.5%303","Jasper","Residential Vacant","Walker",0.82,0.85,1,12.47,14.42,1,0,28
"df_sp133","Jasper","Residential Vacant","Wheatfield",0.8,0.88,1.04,9.21,11.47,0.99,0,8
"df_sp134","Jasper","Residential Vacant","Barkley",0.54,0.66,1.04,32.05,34.1,1.08,0,8
"2.5%304","Jasper","Residential Improved","Countywide",0.96,0.97,0.98,58.01,149.25,1.38,0,981
"2.5%305","Jasper","Residential Improved","Carpenter",0.86,0.93,0.99,11.94,14.55,1.03,0,47
"2.5%306","Jasper","Residential Improved","Kankakee",0.89,0.97,1.04,44.2,120.98,1.28,0,22
"2.5%307","Jasper","Residential Improved","Keener",0.98,0.99,1,40.87,130.43,1.27,0,378
"2.5%308","Jasper","Residential Improved","Marion",0.95,0.97,0.99,21.82,76.68,1.1,0,210
"df_sp135","Jasper","Residential Improved","Jordan",0.9,0.94,1.02,8.15,9.94,1,0,12
"df_sp136","Jasper","Residential Improved","Newton",0.87,0.98,1.06,218.3,211.01,2.69,0,19
"2.5%309","Jasper","Residential Improved","Union",0.88975,0.94,1.04,80.84,144.2,1.52,0,23
"2.5%310","Jasper","Residential Improved","Walker",0.92,0.94,0.96,124.74,155.52,1.82,0,130
"2.5%311","Jasper","Residential Improved","Wheatfield",0.93,0.95,1,95.41,148.48,1.63,0,140
"1130","Jay","Industrial Vacant","Countywide",NA,NA,NA,NA,NA,NA,NA,0
"1131","Jay","Industrial Improved","Countywide",NA,NA,NA,NA,NA,NA,NA,0
"1132","Jay","Commercial Vacant","Countywide",NA,NA,NA,NA,NA,NA,NA,0
"df_sp137","Jay","Commercial Improved","Countywide",0.78,0.96,1.1,15.89,19.74,1.02,0,11
"1133","Jay","Residential Vacant","Countywide",NA,NA,NA,NA,NA,NA,NA,0
"2.5%312","Jay","Residential Improved","Countywide",0.94,0.96,0.98,12.95,16.11,1.03,0,389
"2.5%313","Jay","Residential Improved","Jefferson",0.89,0.96,1.04,11.8,14.54,1.03,0,24
"2.5%314","Jay","Residential Improved","Bearcreek",0.93,0.96,1.04,9.6,12.77,1.02,0,21
"df_sp138","Jay","Residential Improved","Knox",0.79,0.96,1.04,13.19,15.77,1.02,0,19
"df_sp139","Jay","Residential Improved","Greene",0.86,0.96,1.04,9.34,10.96,1.02,0,15
"2.5%315","Jay","Residential Improved","Richland",0.9,0.95,1.01,14.11,16.68,1.02,0,94
"2.5%316","Jay","Residential Improved","Wayne",0.93,0.96,0.98,13.15,16.67,1.03,0,216
"1134","Jefferson","Industrial Vacant","Countywide",NA,NA,NA,NA,NA,NA,NA,0
"1135","Jefferson","Industrial Improved","Countywide",NA,NA,NA,NA,NA,NA,NA,0
"1136","Jefferson","Commercial Vacant","Countywide",NA,NA,NA,NA,NA,NA,NA,0
"df_sp140","Jefferson","Commercial Improved","Countywide",0.87,0.91,0.93,6.15,10.42,1,0,9
"df_sp141","Jefferson","Residential Vacant","Countywide",0.86,0.88,1.23,12.99,16.91,1.01,0,8
"2.5%317","Jefferson","Residential Improved","Countywide",0.9,0.91,0.93,11.4,14.59,1.02,0,390
"df_sp142","Jefferson","Residential Improved","Lancaster",0.85,0.92,0.95,11.36,14.98,1,0,17
"df_sp143","Jefferson","Residential Improved","Milton",0.88,0.95,1.01,6.33,8.85,1,0,8
"df_sp144","Jefferson","Residential Improved","Republican",0.91,0.97,1.04,9.22,12.18,1,0,11
"df_sp145","Jefferson","Residential Improved","Graham",0.79,0.93,1.13,14.61,17.67,1.01,0,7
"2.5%318","Jefferson","Residential Improved","Hanover",0.84,0.9,0.93,12.63,15.49,1.02,0,77
"2.5%319","Jefferson","Residential Improved","Madison",0.89,0.91,0.92,11.15,14.5,1.02,0,263
"df_sp146","Jefferson","Residential Improved","Saluda",0.82,0.93,0.98,9.55,15.12,1.02,0,7
"1137","Jennings","Industrial Vacant","Countywide",NA,NA,NA,NA,NA,NA,NA,0
"1138","Jennings","Industrial Improved","Countywide",NA,NA,NA,NA,NA,NA,NA,0
"1139","Jennings","Commercial Vacant","Countywide",NA,NA,NA,NA,NA,NA,NA,0
"df_sp147","Jennings","Commercial Improved","Countywide",0.8,0.97,1.01,14.7,18.85,0.99,0,15
"1140","Jennings","Residential Vacant","Countywide",NA,NA,NA,NA,NA,NA,NA,0
"2.5%320","Jennings","Residential Improved","Countywide",0.89,0.91,0.92,11.3,14.52,1.01,0,251
"2.5%321","Jennings","Residential Improved","Bigger",0.84,0.91,0.96,12.47,15.71,1.02,0,48
"df_sp148","Jennings","Residential Improved","Columbia",0.81,0.91,0.94,6.5,9.34,1,0,7
"df_sp149","Jennings","Residential Improved","Campbell",0.82,0.93,0.99,10.33,13.41,1.01,0,6
"2.5%322","Jennings","Residential Improved","Center",0.87,0.91,0.92,11.37,14.45,1.01,0,99
"2.5%323","Jennings","Residential Improved","Geneva",0.86975,0.91,0.94,12.24,16.06,1.01,0,48
"df_sp150","Jennings","Residential Improved","Lovett",0.8,0.93,0.96,9.35,13.57,1.02,0,7
"df_sp151","Jennings","Residential Improved","Montgomery",0.84,0.91,0.95,6.14,8.51,1.01,0,6
"2.5%324","Jennings","Residential Improved","Spencer",0.84,0.91,0.96,10.25,13.13,1.02,0,30
"1141","Johnson","Industrial Vacant","Countywide",NA,NA,NA,NA,NA,NA,NA,0
"1142","Johnson","Industrial Improved","Countywide",NA,NA,NA,NA,NA,NA,NA,0
"1143","Johnson","Commercial Vacant","Countywide",NA,NA,NA,NA,NA,NA,NA,0
"2.5%325","Johnson","Commercial Improved","Countywide",0.87,0.92,0.96,11,15.43,1,0,21
"2.5%326","Johnson","Residential Vacant","Countywide",0.87,0.93,0.96,12.21,17.06,0.99,0,42
"df_sp152","Johnson","Residential Vacant","Blue River",0.83,0.97,0.97,10.7,19.95,0.99,0,9
"1144","Johnson","Residential Vacant","Needham",NA,NA,NA,NA,NA,NA,NA,0
"2.5%327","Johnson","Residential Vacant","White River",0.86,0.93,0.96,12.5,16.77,1,0,29
"2.5%328","Johnson","Residential Improved","Countywide",0.91,0.91,0.91,9.47,42.81,1.03,0,2264
"2.5%329","Johnson","Residential Improved","Blue River",0.87,0.91,0.95,8.66,11.94,1,0,27
"df_sp153","Johnson","Residential Improved","Clark",0.85,0.92,0.97,8.4,12.11,1.02,0,9
"2.5%330","Johnson","Residential Improved","Franklin",0.89,0.9,0.92,5.81,7.51,1,0,225
"2.5%331","Johnson","Residential Improved","Hensley",0.89,0.91,0.92,6.17,8.74,1.01,0,43
"2.5%332","Johnson","Residential Improved","Needham",0.9,0.91,0.93,11.28,43.87,1.04,0,98
"2.5%333","Johnson","Residential Improved","Nineveh",0.88,0.91,0.94,8.09,13.03,1.01,0,37
"2.5%334","Johnson","Residential Improved","Pleasant",0.9,0.91,0.91,6.46,10.13,1.01,0,987
"df_sp154","Johnson","Residential Improved","Union",0.9,0.91,0.96,5.42,6.91,1,0,16
"2.5%335","Johnson","Residential Improved","White River",0.91,0.91,0.92,14.15,64.79,1.06,0,822
"1145","Knox","Industrial Vacant","Countywide",NA,NA,NA,NA,NA,NA,NA,0
"1146","Knox","Industrial Improved","Countywide",NA,NA,NA,NA,NA,NA,NA,0
"1147","Knox","Commercial Vacant","Countywide",NA,NA,NA,NA,NA,NA,NA,0
"2.5%336","Knox","Commercial Improved","Countywide",0.81,0.91,0.98,15.62,20.32,1.01,0,23
"df_sp155","Knox","Commercial Improved","Busseron",0.71,0.91,1.01,10.25,14.01,0.99,0,5
"df_sp156","Knox","Commercial Improved","Vincennes",0.82,0.91,1.05,17.04,21.63,1.01,0,18
"df_sp157","Knox","Residential Vacant","Countywide",0.85,0.96,1,6.75,8.67,0.99,0,14
"1148","Knox","Residential Vacant","Busseron",NA,NA,NA,NA,NA,NA,NA,0
"df_sp158","Knox","Residential Vacant","Vincennes",0.85,0.95,0.99,5.99,8.21,1.01,0,11
"2.5%337","Knox","Residential Improved","Countywide",0.89,0.91,0.92,14,18.19,1.02,0,360
"df_sp159","Knox","Residential Improved","Busseron",0.85,0.92,0.99,7.46,9.62,1.03,0,10
"df_sp160","Knox","Residential Improved","Decker",0.85,0.92,0.94,5.38,7.34,0.98,0,8
"2.5%338","Knox","Residential Improved","Harrison",0.84,0.92,0.99,14.09,18.07,1.02,0,20
"df_sp161","Knox","Residential Improved","Palmyra",0.85,0.91,1.03,12.91,15.31,1.03,0,17
"df_sp162","Knox","Residential Improved","Steen",0.82,0.94,1.03,10.9,14.09,1.02,0,9
"2.5%339","Knox","Residential Improved","Vigo",0.9,0.93,1.01,14.02,18.57,1.03,0,37
"2.5%340","Knox","Residential Improved","Vincennes",0.88,0.9,0.92,14.8,19.04,1.03,0,241
"df_sp163","Knox","Residential Improved","Washington",0.86,0.91,0.95,12.84,18.85,1.01,0,18
"df_sp164","Kosciusko","Industrial Vacant","Countywide",0.89,0.98,1.2,13.95,18.79,1.01,0,6
"df_sp165","Kosciusko","Industrial Improved","Countywide",0.83,1,1.06,17.24,22.69,1.05,0,13
"df_sp166","Kosciusko","Industrial Improved","Plain",0.84,0.99,1.29,18.38,21.09,0.99,0,6
"df_sp167","Kosciusko","Industrial Improved","Clay",0.65,1,1.06,16.46,22.93,1.03,0,7
"df_sp168","Kosciusko","Commercial Vacant","Countywide",0.77,1,1.09,14.78,20.38,1.01,0,6
"2.5%341","Kosciusko","Commercial Improved","Countywide",0.94,0.98,1.01,16.19,20.42,1.02,0,138
"2.5%342","Kosciusko","Commercial Improved","Wayne",0.93,0.98,1.01,16.79,21.07,1.02,0,96
"df_sp169","Kosciusko","Commercial Improved","Tippecanoe",0.82,1,1.06,13.39,18.98,1.02,0,11
"df_sp170","Kosciusko","Commercial Improved","Turkey Creek",0.88,0.98,1.1,15.41,20.35,1.02,0,19
"df_sp171","Kosciusko","Commercial Improved","Clay",0.9,0.99,1.06,14.67,17.8,1.03,0,12
"2.5%343","Kosciusko","Residential Vacant","Countywide",0.97,1,1,12.44,17.43,1,0,154
"df_sp172","Kosciusko","Residential Vacant","Plain",0.85,1,1.05,12.03,19.55,1,0,10
"df_sp173","Kosciusko","Residential Vacant","Van Buren",0.95,1,1.02,4.36,6.18,0.97,0,10
"2.5%344","Kosciusko","Residential Vacant","Turkey Creek",0.81,1,1.06,17.14,20.71,0.98,0,32
"2.5%345","Kosciusko","Residential Vacant","Tippecanoe",0.9,1,1.03,15.56,22.63,0.98,0,29
"2.5%346","Kosciusko","Residential Vacant","Wayne",0.94,1,1.01,10.11,13.92,1.02,0,63
"df_sp174","Kosciusko","Residential Vacant","Clay",0.97,1,1.02,10.62,17.94,0.99,0,9
"2.5%347","Kosciusko","Residential Improved","Countywide",1,1,1,9.67,14.68,1.01,0,1312
"2.5%348","Kosciusko","Residential Improved","Clay",0.91,1,1.02,6.48,8.7,1.02,0,24
"df_sp175","Kosciusko","Residential Improved","Monroe",0.97,1,1,7.31,11.64,1.02,0,18
"2.5%349","Kosciusko","Residential Improved","Harrison",0.93,1,1.01,8.33,11.21,1.01,0,43
"df_sp176","Kosciusko","Residential Improved","Franklin",0.92,1,1.03,5.88,8.7,1,0,10
"2.5%350","Kosciusko","Residential Improved","Lake",0.9,0.99,1.01,12.02,16.54,0.99,0,29
"2.5%351","Kosciusko","Residential Improved","Plain",0.98,1,1,9.13,12.89,0.99,0,134
"df_sp177","Kosciusko","Residential Improved","Prairie",0.86,1,1.01,10.09,14.6,1.01,0,14
"2.5%352","Kosciusko","Residential Improved","Tippecanoe",0.94,1,1.01,12.22,15.82,1.03,0,151
"2.5%353","Kosciusko","Residential Improved","Turkey Creek",0.99,1,1.01,10.89,15.15,1.03,0,204
"2.5%354","Kosciusko","Residential Improved","Van Buren",0.92,1,1.01,10.03,13.38,1,0,55
"2.5%355","Kosciusko","Residential Improved","Washington",0.87,1,1,17.33,41.15,1.08,0,35
"2.5%356","Kosciusko","Residential Improved","Wayne",0.99,1,1,8.26,11.4,1,0,527
"df_sp178","Kosciusko","Residential Improved","Etna",0.98,1,1.02,9.12,16.85,1,0,13
"2.5%357","Kosciusko","Residential Improved","Seward",0.94,1,1.02,10.91,15.68,1.03,0,37
"df_sp179","Kosciusko","Residential Improved","Scott",0.9,1,1.04,9.63,12.89,1.02,0,18
"1149","Lagrange","Industrial Vacant","Countywide",NA,NA,NA,NA,NA,NA,NA,0
"df_sp180","Lagrange","Industrial Improved","Countywide",0.48,0.52,0.56,13.59,22.19,1.03,0,8
"1150","Lagrange","Commercial Vacant","Countywide",NA,NA,NA,NA,NA,NA,NA,0
"2.5%358","Lagrange","Commercial Improved","Countywide",0.74,0.84,0.94,26.03,36.05,1.03,0,20
"2.5%359","Lagrange","Residential Vacant","Countywide",0.78,0.9,1.05,22.15,29.2,1.08,0,22
"df_sp181","Lagrange","Residential Vacant","Johnson",0.82,0.95,1.09,15.88,19.15,0.94,0,10
"df_sp182","Lagrange","Residential Vacant","Bloomfield",0.67,0.89,1.05,26.78,36.84,1.24,0,12
"2.5%360","Lagrange","Residential Improved","Countywide",0.93,0.94,0.96,12.6,15.67,1.02,0,616
"2.5%361","Lagrange","Residential Improved","Bloomfield",0.91,0.94,0.99,12.99,15.96,1.02,0,110
"2.5%362","Lagrange","Residential Improved","Clay",0.91,0.94,1,12.4,15.99,1.02,0,45
"2.5%363","Lagrange","Residential Improved","Clearspring",0.86,0.93,0.96,12.78,16.47,1.02,0,45
"df_sp183","Lagrange","Residential Improved","Eden",0.86,0.95,0.99,12.42,15.42,1.02,0,18
"2.5%364","Lagrange","Residential Improved","Greenfield",0.87,0.95,1.03,12.58,15.82,1.03,0,22
"2.5%365","Lagrange","Residential Improved","Johnson",0.91,0.94,0.98,12.3,15.18,1.02,0,120
"2.5%366","Lagrange","Residential Improved","Lima",0.84,0.95,1.01,13.68,16.31,1.01,0,38
"2.5%367","Lagrange","Residential Improved","Milford",0.88,0.93,0.97,12.5,15.58,1.02,0,100
"2.5%368","Lagrange","Residential Improved","Newbury",0.92,0.96,0.98,12.84,16.89,1.01,0,75
"df_sp184","Lagrange","Residential Improved","Springfield",0.81,0.95,1,11.21,13.76,1.02,0,12
"2.5%369","Lagrange","Residential Improved","Van Buren",0.89,0.94,0.99,11.08,13.14,1.02,0,31
"df_sp185","Lake","Industrial Vacant","Countywide",1,1.01,1.14,13.49,22.8,1.05,0,7
"2.5%370","Lake","Industrial Improved","Countywide",0.95,0.97,0.98,12,40.03,1.04,0,47
"df_sp186","Lake","Industrial Improved","Calumet",0.94,0.98,1,6.77,10.27,1,0,9
"df_sp187","Lake","Industrial Improved","Center",0.95,0.97,1.17,43.7,72.79,1.33,0,7
"df_sp188","Lake","Industrial Improved","North",0.95,0.98,0.99,5.32,9.1,0.98,0,19
"df_sp189","Lake","Industrial Improved","Ross",0.89,0.91,0.95,6.47,9.67,1.01,0,9
"1151","Lake","Industrial Improved","Cedar Creek",NA,NA,NA,NA,NA,NA,NA,0
"2.5%371","Lake","Commercial Vacant","Countywide",0.97,0.99,1,9.79,16.22,1,0,31
"df_sp190","Lake","Commercial Vacant","Center",0.87,0.98,1.01,8.48,12.9,1.02,0,6
"df_sp191","Lake","Commercial Vacant","North",0.98,1.01,1.07,8.09,12.98,1.02,0,10
"df_sp192","Lake","Commercial Vacant","Ross",0.91,1.04,1.21,8.06,11.18,0.96,0,5
"df_sp193","Lake","Commercial Vacant","Calumet",0.83,0.98,0.99,11.98,20.61,0.93,0,10
"2.5%372","Lake","Commercial Improved","Countywide",0.97,0.98,0.98,7.89,13.69,1.02,0,553
"2.5%373","Lake","Commercial Improved","Calumet",0.94,0.97,0.99,7.16,10.36,1.02,0,53
"df_sp194","Lake","Commercial Improved","Cedar Creek",0.91,0.97,1.02,9.99,15.79,1.01,0,15
"2.5%374","Lake","Commercial Improved","Center",0.91,0.96,1,8.98,14.3,1.02,0,36
"2.5%375","Lake","Commercial Improved","Hanover",0.94,0.97,0.99,6.06,11.24,0.99,0,20
"2.5%376","Lake","Commercial Improved","Hobart",0.96,0.97,0.99,5.63,11.3,1,0,46
"2.5%377","Lake","Commercial Improved","North",0.98,0.98,0.99,7.94,14.45,1.02,0,308
"2.5%378","Lake","Commercial Improved","Ross",0.84,0.89,0.95,9.59,10.97,1.03,0,41
"2.5%379","Lake","Commercial Improved","St. John",0.97,0.99,1.03,7.93,12.32,1.01,0,28
"df_sp195","Lake","Commercial Improved","Eagle Creek",0.96,0.98,0.99,2.14,3.33,1,0,6
"2.5%380","Lake","Residential Vacant","Countywide",0.97,0.99,1,10.19,14.67,0.99,0,254
"df_sp196","Lake","Residential Vacant","Calumet",0.95,0.98,1.02,6.63,8.67,1.02,0,17
"2.5%381","Lake","Residential Vacant","Cedar Creek",0.99,1,1.02,5.32,8.72,1.02,0,24
"2.5%382","Lake","Residential Vacant","Center",0.91,0.93,1,14.73,19.55,1.01,0,48
"df_sp197","Lake","Residential Vacant","Hanover",0.93,0.94,1.07,9.8,11.6,1.01,0,9
"df_sp198","Lake","Residential Vacant","Hobart",0.76,0.91,0.99,14.67,20.72,1.03,0,7
"2.5%383","Lake","Residential Vacant","North",0.91,0.94,0.99,10.03,13.62,1,0,49
"2.5%384","Lake","Residential Vacant","St. John",0.93,0.97,0.99025,10.82,15.42,1,0,54
"df_sp199","Lake","Residential Vacant","Winfield",0.92,0.99,1.03,8.82,12.2,1.01,0,16
"2.5%385","Lake","Residential Vacant","Eagle Creek",1,1.01,1.03,6.24,8.93,0.99,0,30
"2.5%386","Lake","Residential Improved","Countywide",0.98,0.99,0.99,10.81,39.02,1.02,0,14215
"2.5%387","Lake","Residential Improved","Calumet",0.98,0.98,0.99,9.45,13.29,1.02,0,1320
"2.5%388","Lake","Residential Improved","Cedar Creek",0.98,0.99,0.99,11.09,44.97,1.04,0,466
"2.5%389","Lake","Residential Improved","Center",0.96,0.96,0.97,16.52,62.81,1.06,0,1842
"2.5%390","Lake","Residential Improved","Eagle Creek",0.97,1,1.04,6.62,8.77,1.01,0,22
"2.5%391","Lake","Residential Improved","Hanover",0.98,0.98,0.99,11.44,48.27,1.04,0,1479
"2.5%392","Lake","Residential Improved","Hobart",1,1,1,7.91,26.6,1.01,0,1285
"2.5%393","Lake","Residential Improved","North",0.97,0.97,0.98,10.89,30.09,1.02,0,4162
"2.5%394","Lake","Residential Improved","Ross",0.98,0.99,1,8.17,10.97,1.01,0,776
"2.5%395","Lake","Residential Improved","St. John",0.99,1,1,8.85,38.42,1.02,0,1940
"2.5%396","Lake","Residential Improved","West Creek",0.99,0.99,1,7.68,10.75,1.01,0,317
"2.5%397","Lake","Residential Improved","Winfield",0.99,1,1,11.38,50.12,1.04,0,606
"1152","Laporte","Industrial Vacant","Countywide",NA,NA,NA,NA,NA,NA,NA,0
"1153","Laporte","Industrial Improved","Countywide",NA,NA,NA,NA,NA,NA,NA,0
"1154","Laporte","Commercial Vacant","Countywide",NA,NA,NA,NA,NA,NA,NA,0
"df_sp200","Laporte","Commercial Improved","Countywide",0.93,0.97,1,5.27,6.43,1.01,0,18
"2.5%398","Laporte","Residential Vacant","Countywide",0.93,0.98,0.99,6.34,9.25,1.01,0,44
"df_sp201","Laporte","Residential Vacant","Center",0.95,0.99,1.08,10.22,15.93,1.02,0,6
"df_sp202","Laporte","Residential Vacant","Coolspring",0.91,0.92,0.98,3.18,4.52,1.01,0,6
"df_sp203","Laporte","Residential Vacant","Kankakee",0.9,0.97,0.99,3.54,4.73,1,0,5
"df_sp204","Laporte","Residential Vacant","Michigan",0.94,0.98,1,5.82,8.2,1.02,0,9
"df_sp205","Laporte","Residential Vacant","New Durham",0.88,1,1.09,5.67,8.1,1,0,5
"df_sp206","Laporte","Residential Vacant","Galena",0.89,0.96,1.03,6.41,7.93,1.03,0,8
"df_sp207","Laporte","Residential Vacant","Lincoln",0.83,0.93,1,5.72,7.66,0.98,0,5
"2.5%399","Laporte","Residential Improved","Countywide",0.9,0.9,0.9,9.13,12.34,1.01,0,823
"df_sp208","Laporte","Residential Improved","Clinton",0.74,0.9,0.95,11.87,14.98,1.01,0,10
"df_sp209","Laporte","Residential Improved","Cass",0.74,0.9,0.94,7.08,9.93,1.01,0,5
"2.5%400","Laporte","Residential Improved","Center",0.9,0.9,0.91,8.95,12.56,1.01,0,224
"2.5%401","Laporte","Residential Improved","Coolspring",0.88,0.9,0.9,9.13,12.97,1,0,82
"df_sp210","Laporte","Residential Improved","Galena",0.86,0.93,1.01,4.34,6.01,1.02,0,5
"df_sp211","Laporte","Residential Improved","Hanna",0.82,0.92,0.93,6.2,8.8,1.01,0,11
"df_sp212","Laporte","Residential Improved","Hudson",0.91,0.95,0.97,2.18,2.85,1,0,5
"2.5%402","Laporte","Residential Improved","Kankakee",0.8,0.9,0.91,8.71,11.2,0.98,0,21
"df_sp213","Laporte","Residential Improved","Lincoln",0.9,0.91,0.98,6.03,8.4,1.01,0,12
"2.5%403","Laporte","Residential Improved","Michigan",0.87,0.9,0.91,10.28,13.44,1.01,0,277
"2.5%404","Laporte","Residential Improved","New Durham",0.84,0.9,0.92,8.12,10.88,1,0,37
"df_sp214","Laporte","Residential Improved","Noble",0.85,0.9,0.98,8.47,12.1,1.01,0,9
"2.5%405","Laporte","Residential Improved","Pleasant",0.88,0.9,0.91,6.75,9.92,1.01,0,21
"2.5%406","Laporte","Residential Improved","Scipio",0.83,0.9,0.9,7.31,9.44,1.01,0,31
"2.5%407","Laporte","Residential Improved","Springfield",0.83,0.9,0.96,8.62,10.81,0.98,0,25
"2.5%408","Laporte","Residential Improved","Union",0.84,0.9,0.92025,8.46,10.6,1.02,0,30
"df_sp215","Laporte","Residential Improved","Washington",0.71,0.92,0.99,11.45,16.05,1,0,11
"df_sp216","Laporte","Residential Improved","Wills",0.84,0.9,0.92,3.76,5.2,1,0,7
"1155","Lawrence","Industrial Vacant","Countywide",NA,NA,NA,NA,NA,NA,NA,0
"1156","Lawrence","Industrial Improved","Countywide",NA,NA,NA,NA,NA,NA,NA,0
"1157","Lawrence","Commercial Vacant","Countywide",NA,NA,NA,NA,NA,NA,NA,0
"2.5%409","Lawrence","Commercial Improved","Countywide",0.89,1.05,1.09,11.06,13.33,1.01,0,34
"2.5%410","Lawrence","Commercial Improved","Shawswick",0.87,0.95,1.07,12.12,13.5,1.02,0,22
"df_sp217","Lawrence","Commercial Improved","Indian Creek",1.02,1.08,1.1,8.93,12.54,0.98,0,12
"2.5%411","Lawrence","Residential Vacant","Countywide",0.97,1.02,1.07,8.56,10.86,0.97,0,24
"df_sp218","Lawrence","Residential Vacant","Shawswick",0.97,1.03,1.07,7.7,9.78,0.98,0,16
"df_sp219","Lawrence","Residential Vacant","Indian Creek",0.81,1.02,1.11,10.09,13.14,0.99,0,8
"2.5%412","Lawrence","Residential Improved","Countywide",0.91,0.93,0.94,9.99,12.92,1.02,0,344
"2.5%413","Lawrence","Residential Improved","Guthrie",0.9,0.94,0.99,7.32,9.32,1.02,0,20
"df_sp220","Lawrence","Residential Improved","Indian Creek",0.89,0.91,0.94,6.55,9.03,1.01,0,17
"2.5%414","Lawrence","Residential Improved","Marion",0.89,0.92,0.97,10.61,13.07,1.01,0,66
"2.5%415","Lawrence","Residential Improved","Marshall",0.88,0.93,0.96,9.48,13.71,1.01,0,35
"2.5%416","Lawrence","Residential Improved","Perry",0.92,0.93,0.97,7.73,10.62,1,0,31
"2.5%417","Lawrence","Residential Improved","Shawswick",0.9,0.93,0.95,10.87,13.69,1.03,0,168
"1158","Madison","Industrial Vacant","Countywide",NA,NA,NA,NA,NA,NA,NA,0
"1159","Madison","Industrial Improved","Countywide",NA,NA,NA,NA,NA,NA,NA,0
"1160","Madison","Commercial Vacant","Countywide",NA,NA,NA,NA,NA,NA,NA,0
"1161","Madison","Commercial Improved","Countywide",NA,NA,NA,NA,NA,NA,NA,0
"1162","Madison","Residential Vacant","Countywide",NA,NA,NA,NA,NA,NA,NA,0
"2.5%418","Madison","Residential Improved","Countywide",0.93,0.93,0.94,11.31,14.32,1.03,0,740
"df_sp221","Madison","Residential Improved","Adams",0.9,0.95,1.03,8.34,11.2,1.03,0,12
"2.5%419","Madison","Residential Improved","Anderson",0.92,0.94,0.95,11.19,14.14,1.03,0,346
"2.5%420","Madison","Residential Improved","Boone",0.86,0.93,1.01,14.39,16.51,1.03,0,42
"2.5%421","Madison","Residential Improved","Duck Creek",0.91,0.95,0.99,12.14,15,1.03,0,70
"2.5%422","Madison","Residential Improved","Fall Creek",0.9,0.93,0.95,10.91,14.52,1.01,0,93
"2.5%423","Madison","Residential Improved","Green",0.88,0.91,0.94,9.49,12.2,1.01,0,66
"2.5%424","Madison","Residential Improved","Lafayette",0.81,0.92,0.95,12.08,15.05,1.03,0,24
"df_sp222","Madison","Residential Improved","Richland",0.93,0.98,1.05,10.75,14.6,1.03,0,16
"2.5%425","Madison","Residential Improved","Stony Creek",0.9,0.94,0.98,9.59,13.79,1.02,0,28
"2.5%426","Madison","Residential Improved","Union",0.89,0.93,0.99,12.03,15.51,1.03,0,43
"df_sp223","Marion","Industrial Vacant","Countywide",0.94,0.97,1.2,12.33,16.91,0.97,0,6
"2.5%427","Marion","Industrial Improved","Countywide",0.9,0.94,0.99025,10.09,13.94,1.04,0,28
"df_sp224","Marion","Industrial Improved","Center",0.84,0.94,1,11.35,15.81,1.03,0,17
"df_sp225","Marion","Industrial Improved","Decatur",0.77,0.91,0.99,5.97,9.1,1.02,0,5
"df_sp226","Marion","Industrial Improved","Warren",0.93,0.97,1.1,8.7,10.45,0.99,0,6
"df_sp227","Marion","Commercial Vacant","Countywide",0.8,0.99,1.05,15.21,19.67,1.04,0,13
"2.5%428","Marion","Commercial Improved","Countywide",0.92,0.94,0.97,14.8,18.97,1,0,199
"2.5%429","Marion","Commercial Improved","Center",0.96,1.03,1.09,17.61,23.81,0.98,0,53
"df_sp228","Marion","Commercial Improved","Decatur",0.84,0.91,0.96,6.88,8.14,1.02,0,6
"df_sp229","Marion","Commercial Improved","Franklin",0.75,0.91,1.08,10.71,14.25,1.03,0,5
"2.5%430","Marion","Commercial Improved","Lawrence",0.84,0.95,1.01,12.49,15.25,1.03,0,24
"2.5%431","Marion","Commercial Improved","Perry",0.87,0.91,0.95,7.11,8.9,1,0,30
"df_sp230","Marion","Commercial Improved","Pike",0.84,0.91,1.08,16.21,20.08,0.99,0,10
"2.5%432","Marion","Commercial Improved","Warren",0.81,0.93,1.03,18.92,22.43,0.99,0,29
"df_sp231","Marion","Commercial Improved","Washington",0.92,0.94,1,10.1,14.14,1,0,15
"2.5%433","Marion","Commercial Improved","Wayne",0.8,0.96,1.01,13.51,16.67,1.03,0,27
"2.5%434","Marion","Residential Vacant","Countywide",0.9,0.94,0.96,15.51,24.76,1.01,0,127
"2.5%435","Marion","Residential Vacant","Center",0.81,0.85,0.95,16.98,20.72,0.95,0,32
"1163","Marion","Residential Vacant","Decatur",NA,NA,NA,NA,NA,NA,NA,0
"df_sp232","Marion","Residential Vacant","Franklin",0.82,1.04,1.36,24.49,31.31,1.03,0,7
"df_sp233","Marion","Residential Vacant","Lawrence",0.74,0.93,1.01,14.81,18.96,1.04,0,14
"df_sp234","Marion","Residential Vacant","Perry",0.88,1,1.09,12.65,15.49,1.04,0,14
"df_sp235","Marion","Residential Vacant","Pike",0.79,0.94,1.03,12.12,15.05,1.01,0,7
"df_sp236","Marion","Residential Vacant","Warren",0.83,0.91,1.01,28.44,48.35,1.11,0,13
"2.5%436","Marion","Residential Vacant","Washington",0.9,0.94,0.99,10.09,13.57,1.01,0,29
"df_sp237","Marion","Residential Vacant","Wayne",0.83,0.94,0.96,5.64,8.65,1,0,7
"2.5%437","Marion","Residential Improved","Countywide",0.94,0.95,0.95,13.53,36.33,1.03,0,16874
"2.5%438","Marion","Residential Improved","Center",0.95,0.96,0.96,13.1,18.17,1.02,0,3989
"2.5%439","Marion","Residential Improved","Decatur",0.91,0.92,0.93,9.25,13.12,1,0,636
"2.5%440","Marion","Residential Improved","Franklin",0.92,0.93,0.94,26.89,83.26,1.14,0,1332
"2.5%441","Marion","Residential Improved","Lawrence",0.94,0.95,0.95,10.32,18.53,1.01,0,1918
"2.5%442","Marion","Residential Improved","Perry",0.94,0.94,0.95,11.52,28.76,1.02,0,1951
"2.5%443","Marion","Residential Improved","Pike",0.93,0.93,0.94,13.96,20.39,1.02,0,1261
"2.5%444","Marion","Residential Improved","Warren",0.94,0.94,0.95,15.8,46.49,1.03,0,2049
"2.5%445","Marion","Residential Improved","Washington",0.95,0.96,0.96,10.38,20.24,1.01,0,2427
"2.5%446","Marion","Residential Improved","Wayne",0.91,0.92,0.93,12.47,17.73,1.01,0,1311
"1164","Marshall","Industrial Vacant","Countywide",NA,NA,NA,NA,NA,NA,NA,0
"1165","Marshall","Industrial Improved","Countywide",NA,NA,NA,NA,NA,NA,NA,0
"df_sp238","Marshall","Commercial Vacant","Countywide",0.97,0.99,1,6.94,13.83,0.99,0,6
"df_sp239","Marshall","Commercial Improved","Countywide",0.93,0.98,1.02,7.23,9.7,1.02,0,16
"df_sp240","Marshall","Commercial Improved","Union",0.82,0.99,1.02,5.22,8.34,0.98,0,5
"df_sp241","Marshall","Commercial Improved","Center",0.91,0.93,1.02,6.17,10.53,1.03,0,7
"1166","Marshall","Commercial Improved","Bourbon",NA,NA,NA,NA,NA,NA,NA,0
"2.5%447","Marshall","Residential Vacant","Countywide",0.92,0.97,0.99,8.72,14.52,0.99,0,20
"df_sp242","Marshall","Residential Vacant","Center",0.76,0.97,1.03,13.1,21.26,0.99,0,7
"df_sp243","Marshall","Residential Vacant","Bourbon",0.94,0.97,0.98,6.29,10.48,0.99,0,13
"2.5%448","Marshall","Residential Improved","Countywide",0.93,0.94,0.94,11.07,16.72,1.03,0,584
"2.5%449","Marshall","Residential Improved","Bourbon",0.9195,0.95,1.01,12.53,15.93,1.03,0,35
"2.5%450","Marshall","Residential Improved","German",0.9,0.93,0.97,13.26,20.59,1.02,0,99
"2.5%451","Marshall","Residential Improved","North",0.87,0.93,1,13.48,19.76,1,0,27
"2.5%452","Marshall","Residential Improved","Polk",0.88,0.93,1.00025,12.62,18.27,1.02,0,22
"df_sp244","Marshall","Residential Improved","Tippecanoe",0.91,0.95,1.03,8.47,11.29,1.03,0,12
"2.5%453","Marshall","Residential Improved","Union",0.87,0.93,0.96,10.26,13.27,1.03,0,43
"2.5%454","Marshall","Residential Improved","Walnut",0.9,0.92,0.95,8.83,12.4,1.02,0,45
"2.5%455","Marshall","Residential Improved","West",0.91,0.95,0.97,11.2,15.66,1.01,0,62
"2.5%456","Marshall","Residential Improved","Center",0.93,0.94,0.95,10.08,16.16,1.02,0,239
"1167","Martin","Industrial Vacant","Countywide",NA,NA,NA,NA,NA,NA,NA,0
"1168","Martin","Industrial Improved","Countywide",NA,NA,NA,NA,NA,NA,NA,0
"1169","Martin","Commercial Vacant","Countywide",NA,NA,NA,NA,NA,NA,NA,0
"df_sp245","Martin","Commercial Improved","Countywide",0.91,0.96,0.99,8.06,10.5,0.98,0,17
"df_sp246","Martin","Residential Vacant","Countywide",0.03,0.95,1.16,27.59,55.24,2.14,0,5
"2.5%457","Martin","Residential Improved","Countywide",0.94,0.97,0.99,9.03,11.98,1.02,0,57
"df_sp247","Martin","Residential Improved","Helbert",0.97,1,1.09,7.97,10.69,1.04,0,11
"2.5%458","Martin","Residential Improved","Perry",0.91,0.96,0.98,8.9,11.99,1.02,0,40
"1170","Miami","Industrial Vacant","Countywide",NA,NA,NA,NA,NA,NA,NA,0
"1171","Miami","Industrial Improved","Countywide",NA,NA,NA,NA,NA,NA,NA,0
"1172","Miami","Commercial Vacant","Countywide",NA,NA,NA,NA,NA,NA,NA,0
"1173","Miami","Commercial Improved","Countywide",NA,NA,NA,NA,NA,NA,NA,0
"1174","Miami","Residential Vacant","Countywide",NA,NA,NA,NA,NA,NA,NA,0
"2.5%459","Miami","Residential Improved","Countywide",0.89,0.92,0.95,13.79,17.39,1.02,0,173
"2.5%460","Miami","Residential Improved","Peru",0.87,0.92,0.97,14.82,17.95,1.03,0,72
"df_sp248","Miami","Residential Improved","Washington",0.86,0.9,0.98,12.58,17.51,1.02,0,17
"2.5%461","Miami","Residential Improved","Pipe Creek",0.83,0.9,0.98,13.99,18.36,1.02,0,34
"df_sp249","Miami","Residential Improved","Union",0.9,0.96,1.02,9.22,12.12,1.01,0,16
"2.5%462","Miami","Residential Improved","Butler",0.88,0.95,1,12.95,17.17,1.02,0,31
"1175","Monroe","Industrial Vacant","Countywide",NA,NA,NA,NA,NA,NA,NA,0
"1176","Monroe","Industrial Improved","Countywide",NA,NA,NA,NA,NA,NA,NA,0
"1177","Monroe","Commercial Vacant","Countywide",NA,NA,NA,NA,NA,NA,NA,0
"2.5%463","Monroe","Commercial Improved","Countywide",0.92,0.95,0.98,10.35,12.88,1.01,0,90
"2.5%464","Monroe","Residential Vacant","Countywide",0.85,0.9,0.96,12.13,15.23,1.05,0,47
"2.5%465","Monroe","Residential Improved","Countywide",0.95,0.96,0.97,10.48,15.85,1.01,0,1749
"df_sp250","Monroe","Residential Improved","Bean Blossom",0.88,0.91,0.98,9.45,13.08,1.02,0,13
"2.5%466","Monroe","Residential Improved","Benton",0.86,0.95,1.04,13.39,15.36,1.02,0,32
"2.5%467","Monroe","Residential Improved","Bloomington",0.87,0.9,0.92,11.04,13.35,1.01,0,201
"2.5%468","Monroe","Residential Improved","Clear Creek",0.94,0.95,0.99,12.48,15.84,1.02,0,153
"df_sp251","Monroe","Residential Improved","Indian Creek",0.86,0.95,1.17,9.57,13.04,1.01,0,5
"2.5%469","Monroe","Residential Improved","Perry",0.94,0.95,0.96,10.85,14.11,1.01,0,766
"2.5%470","Monroe","Residential Improved","Richland",0.99,0.99,1,4.97,9.11,1.01,0,349
"df_sp252","Monroe","Residential Improved","Salt Creek",0.77,0.92,0.95,12.52,16.22,1.01,0,17
"2.5%471","Monroe","Residential Improved","Van Buren",0.9,0.94,0.95,12.42,15.66,1.01,0,193
"df_sp253","Monroe","Residential Improved","Washington",0.85,0.91,0.98,10.67,14.3,1.02,0,16
"1178","Montgomery","Industrial Vacant","Countywide",NA,NA,NA,NA,NA,NA,NA,0
"1179","Montgomery","Industrial Improved","Countywide",NA,NA,NA,NA,NA,NA,NA,0
"1180","Montgomery","Commercial Vacant","Countywide",NA,NA,NA,NA,NA,NA,NA,0
"df_sp254","Montgomery","Commercial Improved","Countywide",0.8,1,1.05,13.24,20.46,0.98,0,11
"1181","Montgomery","Residential Vacant","Countywide",NA,NA,NA,NA,NA,NA,NA,0
"2.5%472","Montgomery","Residential Improved","Countywide",0.94,0.97,0.98,13.92,17.37,1.01,0,301
"2.5%473","Montgomery","Residential Improved","Brown",0.96,1.02,1.07,14.38,17.61,1.01,0,41
"2.5%474","Montgomery","Residential Improved","Madison",0.9,0.96,0.99,12.02,15.4,1.01,0,40
"2.5%475","Montgomery","Residential Improved","Union",0.93,0.96,0.98025,14.07,17.66,1.01,0,220
"1182","Morgan","Industrial Vacant","Countywide",NA,NA,NA,NA,NA,NA,NA,0
"1183","Morgan","Industrial Improved","Countywide",NA,NA,NA,NA,NA,NA,NA,0
"df_sp255","Morgan","Commercial Vacant","Countywide",0.71,1,1.02,16.06,22.95,0.98,0,14
"2.5%476","Morgan","Commercial Improved","Countywide",0.93,0.98,1.15,124.98,116.91,1.17,0,25
"2.5%477","Morgan","Residential Vacant","Countywide",0.94,0.97,1,9.72,13.11,1.01,0,193
"2.5%478","Morgan","Residential Vacant","Adams",1,1,1,8.13,12.88,1.02,0,76
"2.5%479","Morgan","Residential Vacant","Ray",0.91,0.96,0.99,10.04,13.36,1.01,0,50
"2.5%480","Morgan","Residential Vacant","Brown",0.9,0.94,0.97,9.77,13.48,1.03,0,32
"2.5%481","Morgan","Residential Vacant","Jackson",0.92,0.97,1.02,10.18,12.93,0.99,0,34
"2.5%482","Morgan","Residential Improved","Countywide",0.92,0.93,0.94,36.84,107.75,1.22,0,1312
"2.5%483","Morgan","Residential Improved","Adams",0.87,0.92,1.05,46.87,116.32,1.26,0,21
"2.5%484","Morgan","Residential Improved","Baker",0.83,0.91,1,17.31,31.07,1,0,24
"2.5%485","Morgan","Residential Improved","Brown",0.9,0.91,0.93,19.48,81.18,1.09,0,227
"2.5%486","Morgan","Residential Improved","Clay",0.9,0.93,0.98,9.68,12.07,1,0,47
"2.5%487","Morgan","Residential Improved","Green",0.89,0.91,0.94,6.99,9.73,1,0,34
"2.5%488","Morgan","Residential Improved","Gregg",0.87,0.92,0.97,13.88,28.25,1.02,0,42
"df_sp256","Morgan","Residential Improved","Harrison",0.9,0.94,1.07,13.02,15.83,1.01,0,16
"2.5%489","Morgan","Residential Improved","Jackson",0.83,0.89,0.93025,12.29,15.46,1,0,43
"2.5%490","Morgan","Residential Improved","Jefferson",0.84925,0.91,0.95,13.73,18.2,1.01,0,31
"2.5%491","Morgan","Residential Improved","Madison",0.91,0.93,0.95,59.47,118.16,1.39,0,355
"2.5%492","Morgan","Residential Improved","Monroe",0.93,0.94,0.96,53.01,80.39,1.37,0,184
"2.5%493","Morgan","Residential Improved","Washington",0.93,0.94,0.96,31.14,137.04,1.15,0,288
"1184","Newton","Industrial Vacant","Countywide",NA,NA,NA,NA,NA,NA,NA,0
"1185","Newton","Industrial Improved","Countywide",NA,NA,NA,NA,NA,NA,NA,0
"1186","Newton","Commercial Vacant","Countywide",NA,NA,NA,NA,NA,NA,NA,0
"2.5%494","Newton","Commercial Improved","Countywide",0.84975,0.93,1.01,87.41,185.07,1.39,0,30
"2.5%495","Newton","Residential Vacant","Countywide",0.88,0.94,1.05,20.22,23.47,1.02,0,43
"2.5%496","Newton","Residential Improved","Countywide",0.94,0.96,0.97,57.69,144.72,1.39,0,673
"2.5%497","Newton","Residential Improved","Beaver",0.9,0.93,0.99,33.63,111.99,1.16,0,79
"2.5%498","Newton","Residential Improved","Grant",0.88,0.96,1,13.04,17.32,1.03,0,42
"2.5%499","Newton","Residential Improved","Iroquois",0.87,0.94,0.98,14.47,18.37,1.01,0,54
"2.5%500","Newton","Residential Improved","Jefferson",0.92,0.94,0.98,81.22,163.21,1.58,0,133
"2.5%501","Newton","Residential Improved","Lake",0.94,0.97,1.02,77.32,133.5,1.52,0,126
"2.5%502","Newton","Residential Improved","Lincoln",0.95,0.97,0.99,59.63,149.74,1.44,0,236
"1187","Noble","Industrial Vacant","Countywide",NA,NA,NA,NA,NA,NA,NA,0
"1188","Noble","Industrial Improved","Countywide",NA,NA,NA,NA,NA,NA,NA,0
"1189","Noble","Commercial Vacant","Countywide",NA,NA,NA,NA,NA,NA,NA,0
"2.5%503","Noble","Commercial Improved","Countywide",0.81,0.95,1.04,17.51,23.69,1.03,0,20
"df_sp257","Noble","Residential Vacant","Countywide",0.93,1,1.05,10.85,14.85,1.02,0,18
"2.5%504","Noble","Residential Improved","Countywide",0.94,0.95,0.96,11.63,27.86,1.02,0,1076
"2.5%505","Noble","Residential Improved","Albion",0.88,0.94,1.01,14.52,18.12,1.01,0,46
"2.5%506","Noble","Residential Improved","Allen",0.93,0.95,0.97,9.72,12.9,1.01,0,202
"2.5%507","Noble","Residential Improved","Elkhart",0.88,0.99,1.02,12.69,17.42,1.03,0,32
"2.5%508","Noble","Residential Improved","Green",0.91,0.94,1.01,9.65,13.07,1.02,0,20
"2.5%509","Noble","Residential Improved","Jefferson",0.9,0.96,0.99,8.05,11.59,1.01,0,21
"2.5%510","Noble","Residential Improved","Noble",0.91,0.95,1.01,13.97,18.31,1.01,0,79
"2.5%511","Noble","Residential Improved","Orange",0.91,0.94,0.96,9.44,12.2,1,0,113
"2.5%512","Noble","Residential Improved","Perry",0.93,0.97,0.99,16.11,57.19,1.06,0,101
"2.5%513","Noble","Residential Improved","Sparta",0.92,0.96,1.02,11.65,15.41,0.99,0,32
"2.5%514","Noble","Residential Improved","Swan",0.9,0.96,0.99,9.61,13.93,1.01,0,32
"2.5%515","Noble","Residential Improved","Washington",0.88,0.92,0.98,11.94,15.18,1.03,0,36
"2.5%516","Noble","Residential Improved","Wayne",0.94,0.95,0.97,11.55,31.31,1.02,0,335
"2.5%517","Noble","Residential Improved","York",0.87,0.92,0.97,11.13,13.88,1.02,0,27
"1190","Ohio","Industrial Vacant","Countywide",NA,NA,NA,NA,NA,NA,NA,0
"1191","Ohio","Industrial Improved","Countywide",NA,NA,NA,NA,NA,NA,NA,0
"1192","Ohio","Commercial Vacant","Countywide",NA,NA,NA,NA,NA,NA,NA,0
"df_sp258","Ohio","Commercial Improved","Countywide",0.86,0.99,1.12,21.06,25.76,1.04,0,17
"2.5%518","Ohio","Residential Vacant","Countywide",0.77,0.88,0.95,17.71,21.88,1.01,0,23
"2.5%519","Ohio","Residential Improved","Countywide",0.89,0.93,0.95,15.06,18.55,1.03,0,203
"2.5%520","Ohio","Residential Improved","Cass",0.84,0.91,0.96,15.76,21.63,1.04,0,32
"2.5%521","Ohio","Residential Improved","Randolph",0.89,0.93,0.95,14.95,17.98,1.02,0,171
"1193","Orange","Industrial Vacant","Countywide",NA,NA,NA,NA,NA,NA,NA,0
"1194","Orange","Industrial Improved","Countywide",NA,NA,NA,NA,NA,NA,NA,0
"1195","Orange","Commercial Vacant","Countywide",NA,NA,NA,NA,NA,NA,NA,0
"2.5%522","Orange","Commercial Improved","Countywide",0.94,1.02,1.06,9.03,11.78,0.97,0,28
"df_sp259","Orange","Commercial Improved","Orleans",0.93,1.04,1.12,7.05,8.85,1.02,0,6
"df_sp260","Orange","Commercial Improved","Paoli",0.92,0.94,1.03,6.51,8.15,0.98,0,11
"df_sp261","Orange","Commercial Improved","French Lick",0.89,1.06,1.12,10.53,15.29,0.98,0,11
"df_sp262","Orange","Residential Vacant","Countywide",0.9,0.97,1.11,9.91,11.44,1.01,0,17
"df_sp263","Orange","Residential Vacant","French Lick",0.9,0.92,1.11,11.29,12.21,1.01,0,15
"1196","Orange","Residential Vacant","Southeast",NA,NA,NA,NA,NA,NA,NA,0
"2.5%523","Orange","Residential Improved","Countywide",0.92,0.93,0.95,8.27,10.89,1.01,0,129
"2.5%524","Orange","Residential Improved","French Lick",0.87,0.92,0.94,6.19,8.2,1,0,25
"df_sp264","Orange","Residential Improved","Greenfield",0.87,0.97,1.08,11.81,14.33,1.01,0,12
"df_sp265","Orange","Residential Improved","Jackson",0.88,0.96,1.02,10.39,13.16,1.01,0,14
"2.5%525","Orange","Residential Improved","Orleans",0.92,0.93,0.97,6.95,9.96,1.02,0,22
"2.5%526","Orange","Residential Improved","Paoli",0.89,0.92,0.96,8.01,10.96,1.02,0,45
"df_sp266","Orange","Residential Improved","Stampers Creek",0.93,1,1.08,6.45,8.19,1.02,0,8
"1197","Owen","Industrial Vacant","Countywide",NA,NA,NA,NA,NA,NA,NA,0
"1198","Owen","Industrial Improved","Countywide",NA,NA,NA,NA,NA,NA,NA,0
"1199","Owen","Commercial Vacant","Countywide",NA,NA,NA,NA,NA,NA,NA,0
"df_sp267","Owen","Commercial Improved","Countywide",0.85,0.95,1.04,9.51,13.01,1,0,7
"2.5%527","Owen","Residential Vacant","Countywide",0.71,0.87,0.911249999999999,20.11,24.51,0.97,0,25
"2.5%528","Owen","Residential Improved","Countywide",0.89,0.91,0.92,13.69,17.4,1.02,0,211
"df_sp268","Owen","Residential Improved","Clay",0.78,0.9,0.94,12.54,15.76,1.02,0,19
"df_sp269","Owen","Residential Improved","Franklin",0.74,0.93,1.04,11.86,15.03,1.01,0,8
"df_sp270","Owen","Residential Improved","Harrison",0.75,0.9,1.1,13.97,17.17,1.02,0,5
"2.5%529","Owen","Residential Improved","Jackson",0.86,0.91,0.95,13.3,18.08,1.03,0,29
"df_sp271","Owen","Residential Improved","Jefferson",0.88,0.91,0.92,6.18,9.04,1.02,0,9
"df_sp272","Owen","Residential Improved","Jennings",0.65,0.89,1.02,15.62,19.98,0.99,0,8
"df_sp273","Owen","Residential Improved","Lafayette",0.8,0.91,0.95,13.17,18,1,0,19
"df_sp274","Owen","Residential Improved","Montgomery",0.79,0.93,0.96,12.67,17.87,1.03,0,12
"df_sp275","Owen","Residential Improved","Morgan",0.68,0.9,1.01,14.96,21.27,1,0,7
"df_sp276","Owen","Residential Improved","Taylor",0.68,0.92,1.01,13.3,17.49,0.98,0,8
"2.5%530","Owen","Residential Improved","Washington",0.83,0.9,0.93,14.95,18,1.02,0,62
"2.5%531","Owen","Residential Improved","Wayne",0.80975,0.91,0.94,14.99,19.55,1.01,0,25
"1200","Parke","Industrial Vacant","Countywide",NA,NA,NA,NA,NA,NA,NA,0
"1201","Parke","Industrial Improved","Countywide",NA,NA,NA,NA,NA,NA,NA,0
"1202","Parke","Commercial Vacant","Countywide",NA,NA,NA,NA,NA,NA,NA,0
"df_sp277","Parke","Commercial Improved","Countywide",0.71,0.99,1.04,17.2,25.36,0.98,0,7
"2.5%532","Parke","Residential Vacant","Countywide",0.75,0.91,1,17.74,22.13,1,0,27
"df_sp278","Parke","Residential Vacant","Union",0.78,0.91,1.03,17.05,22.89,1,0,12
"df_sp279","Parke","Residential Vacant","Adams",0.66,0.94,1.03,17.26,21.93,0.98,0,14
"2.5%533","Parke","Residential Improved","Countywide",0.85975,0.91,0.93,14.33,18,1.01,0,162
"2.5%534","Parke","Residential Improved","Adams",0.84,0.93,0.96,14.5,18.22,1.01,0,76
"2.5%535","Parke","Residential Improved","Florida",0.81,0.91,0.97,14.67,18.87,1,0,24
"df_sp280","Parke","Residential Improved","Reserve",0.81,1.07,1.12,11.74,15.97,1,0,6
"2.5%536","Parke","Residential Improved","Union",0.78,0.91,0.95,13.19,17.01,1,0,35
"2.5%537","Parke","Residential Improved","Greene",0.77,0.85,0.91,13.16,16.85,1,0,21
"1203","Perry","Industrial Vacant","Countywide",NA,NA,NA,NA,NA,NA,NA,0
"1204","Perry","Industrial Improved","Countywide",NA,NA,NA,NA,NA,NA,NA,0
"1205","Perry","Commercial Vacant","Countywide",NA,NA,NA,NA,NA,NA,NA,0
"df_sp281","Perry","Commercial Improved","Countywide",0.67,0.9,0.94,12.39,17.28,0.99,0,7
"1206","Perry","Residential Vacant","Countywide",NA,NA,NA,NA,NA,NA,NA,0
"2.5%538","Perry","Residential Improved","Countywide",0.89,0.91,0.95,10.38,12.53,1.03,0,122
"df_sp282","Perry","Residential Improved","Anderson",0.89,0.95,1.01,10.42,13.6,1.03,0,17
"2.5%539","Perry","Residential Improved","Troy",0.89,0.9,0.95,10.34,12.42,1.03,0,105
"1207","Pike","Industrial Vacant","Countywide",NA,NA,NA,NA,NA,NA,NA,0
"1208","Pike","Industrial Improved","Countywide",NA,NA,NA,NA,NA,NA,NA,0
"1209","Pike","Commercial Vacant","Countywide",NA,NA,NA,NA,NA,NA,NA,0
"df_sp283","Pike","Commercial Improved","Countywide",0.91,0.95,0.99,4.32,5.8,1,0,9
"df_sp284","Pike","Residential Vacant","Countywide",0.93,1,1.03,8.08,12.65,0.99,0,6
"2.5%540","Pike","Residential Improved","Countywide",0.92,0.95,0.98,8.48,10.52,1.01,0,103
"df_sp285","Pike","Residential Improved","Clay",0.98,1,1.05,5.9,7.69,1.02,0,15
"2.5%541","Pike","Residential Improved","Jefferson",0.89,0.93,0.96,6.96,9.09,0.99,0,32
"2.5%542","Pike","Residential Improved","Patoka",0.9,0.92,0.96,7.4,9.41,1,0,21
"2.5%543","Pike","Residential Improved","Washington",0.91,0.97,1,9.94,12.69,1.02,0,34
"1210","Porter","Industrial Vacant","Countywide",NA,NA,NA,NA,NA,NA,NA,0
"1211","Porter","Industrial Improved","Countywide",NA,NA,NA,NA,NA,NA,NA,0
"1212","Porter","Commercial Vacant","Countywide",NA,NA,NA,NA,NA,NA,NA,0
"2.5%544","Porter","Commercial Improved","Countywide",0.9,0.95,0.99,9.36,13.66,1.02,0,27
"df_sp286","Porter","Commercial Improved","Center",0.82,0.95,0.99,7.2,10.55,0.99,0,7
"df_sp287","Porter","Commercial Improved","Portage",0.81,0.96,1.06,11.08,14.3,1.01,0,11
"df_sp288","Porter","Commercial Improved","Boone",0.9,0.95,0.99,8.67,14.64,1.01,0,9
"2.5%545","Porter","Residential Vacant","Countywide",0.89,0.97,0.99,13.84,18.18,1.02,0,80
"2.5%546","Porter","Residential Vacant","Boone",0.88,0.99,1,13.64,18.7,1.03,0,29
"2.5%547","Porter","Residential Vacant","Center",0.83,0.96,0.99,12.94,16.33,1.01,0,34
"df_sp289","Porter","Residential Vacant","Liberty",0.85,0.95,1.01,14.85,19.44,1.01,0,10
"df_sp290","Porter","Residential Vacant","Portage",0.86,0.96,1.21,16.87,21.75,1,0,7
"2.5%548","Porter","Residential Improved","Countywide",0.94,0.95,0.96,13.23,17.46,1.01,0,2210
"2.5%549","Porter","Residential Improved","Boone",0.89,0.96,1,14.34,18.39,1.01,0,68
"2.5%550","Porter","Residential Improved","Center",0.93,0.95,0.96,12.92,16.96,1.01,0,679
"2.5%551","Porter","Residential Improved","Jackson",0.88,0.95,1,14.06,18.09,1,0,59
"2.5%552","Porter","Residential Improved","Liberty",0.95,0.96,0.97,11.46,16.55,1.01,0,117
"2.5%553","Porter","Residential Improved","Morgan",0.9,0.95,1,10.74,13.38,0.99,0,43
"2.5%554","Porter","Residential Improved","Pine",0.81,0.96,1.04,14.53,17.54,1.01,0,24
"2.5%555","Porter","Residential Improved","Pleasant",0.88,0.95,0.98,12.77,16.93,1.01,0,62
"2.5%556","Porter","Residential Improved","Portage",0.93,0.94,0.96,13.68,17.92,1.02,0,609
"2.5%557","Porter","Residential Improved","Porter",0.91,0.95,0.97,12.61,16.65,1.02,0,114
"2.5%558","Porter","Residential Improved","Union",0.92,0.95,0.96,14.27,18.38,1.01,0,128
"2.5%559","Porter","Residential Improved","Washington",0.88,0.95,0.97,11.68,15.37,1,0,49
"2.5%560","Porter","Residential Improved","Westchester",0.92,0.95,0.97,13.81,18.32,1.02,0,258
"1213","Posey","Industrial Vacant","Countywide",NA,NA,NA,NA,NA,NA,NA,0
"1214","Posey","Industrial Improved","Countywide",NA,NA,NA,NA,NA,NA,NA,0
"1215","Posey","Commercial Vacant","Countywide",NA,NA,NA,NA,NA,NA,NA,0
"df_sp291","Posey","Commercial Improved","Countywide",0.91,0.94,1.01,11.05,14.98,1.02,0,18
"df_sp292","Posey","Commercial Improved","Black",0.88,0.93,1.01,10.06,13.97,0.99,0,10
"df_sp293","Posey","Commercial Improved","Bethel",0.88,0.96,1.2,11.91,16.12,1.03,0,8
"2.5%561","Posey","Residential Vacant","Countywide",0.84,0.92,0.98,9.85,12.24,1.01,0,23
"df_sp294","Posey","Residential Vacant","Bethel",0.79,0.9,0.98,6.4,8.7,0.98,0,5
"df_sp295","Posey","Residential Vacant","Black",0.86,0.95,0.99,10.3,13.02,1.02,0,18
"2.5%562","Posey","Residential Improved","Countywide",0.91,0.92,0.94,12.18,16.59,1.01,0,335
"df_sp296","Posey","Residential Improved","Bethel",0.82,0.94,1.01,12.57,16.43,0.99,0,16
"2.5%563","Posey","Residential Improved","Black",0.89,0.92,0.92,13.71,19.29,1.02,0,150
"2.5%564","Posey","Residential Improved","Center",0.91,0.93,0.99,11.77,16.59,1,0,21
"2.5%565","Posey","Residential Improved","Harmony",0.89,0.91,0.95,9.6,13.19,1.01,0,22
"df_sp297","Posey","Residential Improved","Lynn",0.81,0.92,0.96,7.4,11.05,1.02,0,8
"2.5%566","Posey","Residential Improved","Marrs",0.91,0.94,1,9.24,10.84,1.01,0,55
"2.5%567","Posey","Residential Improved","Robb",0.86,0.93,0.96,12.16,16.93,1.01,0,21
"2.5%568","Posey","Residential Improved","Robinson",0.9,0.94,0.98,11.91,15,1.01,0,42
"1216","Pulaski","Industrial Vacant","Countywide",NA,NA,NA,NA,NA,NA,NA,0
"1217","Pulaski","Industrial Improved","Countywide",NA,NA,NA,NA,NA,NA,NA,0
"1218","Pulaski","Commercial Vacant","Countywide",NA,NA,NA,NA,NA,NA,NA,0
"df_sp298","Pulaski","Commercial Improved","Countywide",0.83,0.97,1.01,13.63,18.81,1,0,17
"2.5%569","Pulaski","Residential Vacant","Countywide",0.92,0.97,1,12.21,18.16,1,0,26
"df_sp299","Pulaski","Residential Vacant","Franklin",0.86,0.97,1.14,16.51,23.2,0.99,0,7
"df_sp300","Pulaski","Residential Vacant","Rich Grove",0.7,0.74,1.12,18.59,22.39,0.95,0,5
"df_sp301","Pulaski","Residential Vacant","Harrison",0.89,0.96,0.97,9.17,16.98,0.97,0,6
"df_sp302","Pulaski","Residential Vacant","Van Buren",0.97,0.98,1.08,6,9.63,1.05,0,8
"2.5%570","Pulaski","Residential Improved","Countywide",0.94,0.95,0.96,9.51,12.69,1.02,0,300
"df_sp303","Pulaski","Residential Improved","Cass",0.85,0.94,0.95,6.18,8.89,1,0,9
"df_sp304","Pulaski","Residential Improved","Jefferson",0.9,0.94,0.99,9.62,15.12,1.01,0,15
"df_sp305","Pulaski","Residential Improved","Harrison",0.83,0.96,1.02,10.38,15.39,1.01,0,8
"2.5%571","Pulaski","Residential Improved","Indian Creek",0.92,0.96,1.06,10.37,13.09,1.02,0,20
"2.5%572","Pulaski","Residential Improved","Monroe",0.93,0.95,0.97,9.34,12.53,1.01,0,138
"2.5%573","Pulaski","Residential Improved","Salem",0.89,0.93,0.97,9.32,11.55,1.01,0,50
"df_sp306","Pulaski","Residential Improved","Tippecanoe",0.87,0.91,1.05,8.8,11.26,1.02,0,14
"2.5%574","Pulaski","Residential Improved","Van Buren",0.95,0.97,1,9.55,13.61,1.03,0,24
"2.5%575","Pulaski","Residential Improved","White Post",0.89,0.97,1.04,10.24,13.09,1.03,0,22
"1219","Putnam","Industrial Vacant","Countywide",NA,NA,NA,NA,NA,NA,NA,0
"1220","Putnam","Industrial Improved","Countywide",NA,NA,NA,NA,NA,NA,NA,0
"1221","Putnam","Commercial Vacant","Countywide",NA,NA,NA,NA,NA,NA,NA,0
"df_sp307","Putnam","Commercial Improved","Countywide",0.92,0.92,0.95,7.86,12.21,1.02,0,12
"df_sp308","Putnam","Commercial Improved","Cloverdale",0.88,0.92,0.99,6.94,11.61,1.02,0,8
"1222","Putnam","Commercial Improved","Greencastle",NA,NA,NA,NA,NA,NA,NA,0
"2.5%576","Putnam","Residential Vacant","Countywide",0.87,0.93,0.97,8.95,11.45,0.98,0,28
"2.5%577","Putnam","Residential Vacant","Floyd",0.88,0.92,0.97,8.11,10.51,0.98,0,23
"df_sp309","Putnam","Residential Vacant","Clinton",0.81,0.95,1.17,12.11,15.31,1,0,5
"2.5%578","Putnam","Residential Improved","Countywide",0.86,0.9,0.91,7.76,9.68,1.02,0,313
"2.5%579","Putnam","Residential Improved","Clinton",0.84,0.9,0.94,7.12,8.59,1.03,0,22
"2.5%580","Putnam","Residential Improved","Cloverdale",0.85,0.9,0.94,8.19,9.94,1.02,0,45
"df_sp310","Putnam","Residential Improved","Floyd",0.84,0.9,0.95,7.53,9,1.02,0,17
"2.5%581","Putnam","Residential Improved","Franklin",0.83,0.9,0.92,6.72,8.41,1.02,0,24
"2.5%582","Putnam","Residential Improved","Greencastle",0.86,0.9,0.91,7.93,10.07,1.02,0,141
"df_sp311","Putnam","Residential Improved","Jackson",0.81,0.91,0.96,9.18,13.24,1.02,0,8
"df_sp312","Putnam","Residential Improved","Marion",0.83,0.9,0.91,7.2,9.53,1.02,0,15
"df_sp313","Putnam","Residential Improved","Monroe",0.84,0.91,0.93,6.27,8.17,1.02,0,12
"df_sp314","Putnam","Residential Improved","Russell",0.83,0.9,1.06,9.97,13.66,1,0,7
"df_sp315","Putnam","Residential Improved","Warren",0.81,0.92,1.01,9.23,10.99,1.05,0,7
"df_sp316","Putnam","Residential Improved","Washington",0.84,0.91,0.93,6.44,7.94,1.02,0,15
"1223","Randolph","Industrial Vacant","Countywide",NA,NA,NA,NA,NA,NA,NA,0
"1224","Randolph","Industrial Improved","Countywide",NA,NA,NA,NA,NA,NA,NA,0
"1225","Randolph","Commercial Vacant","Countywide",NA,NA,NA,NA,NA,NA,NA,0
"1226","Randolph","Commercial Improved","Countywide",NA,NA,NA,NA,NA,NA,NA,0
"1227","Randolph","Residential Vacant","Countywide",NA,NA,NA,NA,NA,NA,NA,0
"2.5%583","Randolph","Residential Improved","Countywide",0.95,0.97,0.98,11.49,14.26,1.03,0,264
"df_sp317","Randolph","Residential Improved","Franklin",0.86,1,1.11,11.85,17.67,1.02,0,7
"df_sp318","Randolph","Residential Improved","Green",0.71,1.03,1.05,8.25,15.12,1,0,5
"df_sp319","Randolph","Residential Improved","Greensfork",0.83,0.97,1.2,18.11,23.16,1.05,0,12
"2.5%584","Randolph","Residential Improved","Monroe",0.9,0.94,1.01,11.38,13.84,1.03,0,54
"df_sp320","Randolph","Residential Improved","Stoney Creek",0.85,0.93,1.1,12.46,14.11,1.06,0,6
"df_sp321","Randolph","Residential Improved","Union",0.81,0.98,1.09,11.24,14.28,1.01,0,11
"2.5%585","Randolph","Residential Improved","Washington",0.89,0.95,1.05,9.62,10.83,1.03,0,21
"2.5%586","Randolph","Residential Improved","Wayne",0.9,0.98,1.01,11.29,14.08,1.03,0,35
"2.5%587","Randolph","Residential Improved","White River",0.94,0.96,0.99,11.2,14.03,1.02,0,113
"1228","Ripley","Industrial Vacant","Countywide",NA,NA,NA,NA,NA,NA,NA,0
"1229","Ripley","Industrial Improved","Countywide",NA,NA,NA,NA,NA,NA,NA,0
"1230","Ripley","Commercial Vacant","Countywide",NA,NA,NA,NA,NA,NA,NA,0
"df_sp322","Ripley","Commercial Improved","Countywide",0.77,0.96,1.05,15.6,18.45,1,0,13
"df_sp323","Ripley","Residential Vacant","Countywide",0.77,0.92,1.09,17.43,20.23,1.04,0,13
"2.5%588","Ripley","Residential Improved","Countywide",0.89,0.92,0.94,10.96,14.33,1.02,0,128
"2.5%589","Ripley","Residential Improved","Brown",0.83,0.92,0.97,14.21,17.77,1.02,0,30
"2.5%590","Ripley","Residential Improved","Center",0.89,0.96,1.04,12.4,15.91,1.02,0,25
"2.5%591","Ripley","Residential Improved","Adams",0.88,0.91,0.94,7.75,11.24,1,0,24
"df_sp324","Ripley","Residential Improved","Johnson",0.86,0.89,0.97,5.94,7.94,1.01,0,11
"2.5%592","Ripley","Residential Improved","Laughery",0.86,0.91,0.95,10.04,13.07,1.02,0,38
"1231","Rush","Industrial Vacant","Countywide",NA,NA,NA,NA,NA,NA,NA,0
"1232","Rush","Industrial Improved","Countywide",NA,NA,NA,NA,NA,NA,NA,0
"1233","Rush","Commercial Vacant","Countywide",NA,NA,NA,NA,NA,NA,NA,0
"1234","Rush","Commercial Improved","Countywide",NA,NA,NA,NA,NA,NA,NA,0
"1235","Rush","Residential Vacant","Countywide",NA,NA,NA,NA,NA,NA,NA,0
"2.5%593","Rush","Residential Improved","Countywide",0.95,0.97,0.99,8.31,11.39,1.01,0,80
"2.5%594","Rush","Residential Improved","Rushville",0.95,0.99,1,7.41,10.7,1,0,41
"2.5%595","Rush","Residential Improved","Anderson",0.93,0.96,1,9.16,12.22,1.01,0,39
"1236","Scott","Industrial Vacant","Countywide",NA,NA,NA,NA,NA,NA,NA,0
"1237","Scott","Industrial Improved","Countywide",NA,NA,NA,NA,NA,NA,NA,0
"1238","Scott","Commercial Vacant","Countywide",NA,NA,NA,NA,NA,NA,NA,0
"df_sp325","Scott","Commercial Improved","Countywide",0.73,0.92,1.04,16.93,20.62,1.03,0,10
"2.5%596","Scott","Residential Vacant","Countywide",0.81,0.9,0.94,10.43,13.49,1,0,22
"2.5%597","Scott","Residential Improved","Countywide",0.89,0.91,0.92,10.01,12.79,1.01,0,279
"df_sp326","Scott","Residential Improved","Finley",0.79,0.9,1.03,13.29,15.84,1.01,0,13
"2.5%598","Scott","Residential Improved","Jennings",0.9,0.93,0.99,10.19,12.73,1.02,0,40
"df_sp327","Scott","Residential Improved","Johnson",0.8,0.91,0.94,12.55,16.46,1.01,0,18
"2.5%599","Scott","Residential Improved","Lexington",0.85,0.9,0.95,10.99,14.18,1.01,0,44
"2.5%600","Scott","Residential Improved","Vienna",0.88,0.91,0.92,9.11,11.79,1.01,0,164
"1239","Shelby","Industrial Vacant","Countywide",NA,NA,NA,NA,NA,NA,NA,0
"1240","Shelby","Industrial Improved","Countywide",NA,NA,NA,NA,NA,NA,NA,0
"1241","Shelby","Commercial Vacant","Countywide",NA,NA,NA,NA,NA,NA,NA,0
"1242","Shelby","Commercial Improved","Countywide",NA,NA,NA,NA,NA,NA,NA,0
"1243","Shelby","Residential Vacant","Countywide",NA,NA,NA,NA,NA,NA,NA,0
"2.5%601","Shelby","Residential Improved","Countywide",0.93,0.95,0.97,11.89,16.29,1.02,0,364
"2.5%602","Shelby","Residential Improved","Hanover",0.93,0.98,1.02,12.26,15.77,1.02,0,27
"2.5%603","Shelby","Residential Improved","Jackson",0.92,0.96,1.04,11,13.97,1.02,0,24
"2.5%604","Shelby","Residential Improved","Moral",0.9,0.97,0.99,8.46,11.93,1,0,35
"df_sp328","Shelby","Residential Improved","Noble",0.83,1.01,1.07,9.86,12.71,1,0,13
"2.5%605","Shelby","Residential Improved","Addison",0.91,0.94,0.95025,11.91,16.59,1.03,0,210
"df_sp329","Shelby","Residential Improved","Marion",0.86,0.95,1.01,10.62,13.69,0.99,0,14
"df_sp330","Shelby","Residential Improved","Brandywine",0.8,0.99,1.08,13.67,16.53,1.02,0,14
"df_sp331","Shelby","Residential Improved","Shelby",0.88,0.95,1,12.08,15.71,1.01,0,18
"1244","Spencer","Industrial Vacant","Countywide",NA,NA,NA,NA,NA,NA,NA,0
"1245","Spencer","Industrial Improved","Countywide",NA,NA,NA,NA,NA,NA,NA,0
"1246","Spencer","Commercial Vacant","Countywide",NA,NA,NA,NA,NA,NA,NA,0
"1247","Spencer","Commercial Improved","Countywide",NA,NA,NA,NA,NA,NA,NA,0
"1248","Spencer","Residential Vacant","Countywide",NA,NA,NA,NA,NA,NA,NA,0
"1249","Spencer","Residential Vacant","Carter",NA,NA,NA,NA,NA,NA,NA,0
"1250","Spencer","Residential Vacant","Clay",NA,NA,NA,NA,NA,NA,NA,0
"2.5%606","Spencer","Residential Improved","Countywide",0.89,0.91,0.91,6.98,9.18,1.01,0,143
"2.5%607","Spencer","Residential Improved","Carter",0.86,0.91,0.97,7.61,9.45,1.01,0,25
"2.5%608","Spencer","Residential Improved","Clay",0.87,0.9,0.93,6.9,9.17,1.01,0,42
"df_sp332","Spencer","Residential Improved","Grass",0.83,0.91,0.98,7.97,8.97,1.01,0,10
"df_sp333","Spencer","Residential Improved","Hammond",0.89,0.95,1.01,6.35,9.53,1.03,0,8
"df_sp334","Spencer","Residential Improved","Harrison",0.88,0.9,0.91,2.99,4.1,1,0,9
"df_sp335","Spencer","Residential Improved","Luce",0.86,0.91,0.97,7.89,10.41,1.01,0,16
"2.5%609","Spencer","Residential Improved","Ohio",0.86,0.9,0.91,6.61,9.71,1.01,0,33
"1251","St. Joseph","Industrial Vacant","Countywide",NA,NA,NA,NA,NA,NA,NA,0
"1252","St. Joseph","Industrial Improved","Countywide",NA,NA,NA,NA,NA,NA,NA,0
"1253","St. Joseph","Commercial Vacant","Countywide",NA,NA,NA,NA,NA,NA,NA,0
"2.5%610","St. Joseph","Commercial Improved","Countywide",0.93,1,1.06,19.22,25.63,0.99,0,33
"df_sp336","St. Joseph","Residential Vacant","Countywide",0.99,1.1,1.17,14.3,21.48,1.01,0,10
"2.5%611","St. Joseph","Residential Improved","Countywide",0.91,0.92,0.93,13.85,17.76,1.02,0,3222
"2.5%612","St. Joseph","Residential Improved","Centre",0.89,0.9,0.92,13.16,17.18,1.02,0,264
"2.5%613","St. Joseph","Residential Improved","Clay",0.9,0.91,0.93,12.72,16.8,1.02,0,541
"2.5%614","St. Joseph","Residential Improved","German",0.88,0.9,0.9,10.65,14.86,1.02,0,166
"2.5%615","St. Joseph","Residential Improved","Greene",0.86,0.9,1.03,13.2,15.61,1.02,0,28
"2.5%616","St. Joseph","Residential Improved","Harris",0.9,0.91,0.93,11.2,15.89,1.02,0,316
"2.5%617","St. Joseph","Residential Improved","Liberty",0.85,0.9,0.94,14.36,18.73,1.03,0,39
"2.5%618","St. Joseph","Residential Improved","Lincoln",0.84,0.91,1.03,13.5,15.6,1.02,0,25
"df_sp337","St. Joseph","Residential Improved","Madison",0.86,0.9,0.98,12.26,19.48,1,0,10
"2.5%619","St. Joseph","Residential Improved","Olive",0.88,0.93,1,13.82,16.86,1.02,0,52
"2.5%620","St. Joseph","Residential Improved","Penn",0.9,0.9,0.91,11.54,15.55,1.01,0,375
"2.5%621","St. Joseph","Residential Improved","Portage",0.94,0.96,0.97,15.4,19.13,1.02,0,1251
"2.5%622","St. Joseph","Residential Improved","Union",0.89,0.92,1.02,14.06,17.05,0.99,0,42
"2.5%623","St. Joseph","Residential Improved","Warren",0.88,0.92,0.94,13.97,18.29,1,0,113
"1254","Starke","Industrial Vacant","Countywide",NA,NA,NA,NA,NA,NA,NA,0
"1255","Starke","Industrial Improved","Countywide",NA,NA,NA,NA,NA,NA,NA,0
"1256","Starke","Commercial Vacant","Countywide",NA,NA,NA,NA,NA,NA,NA,0
"2.5%624","Starke","Commercial Improved","Countywide",0.87,0.93,0.96,11.1,16.34,1.04,0,20
"2.5%625","Starke","Residential Vacant","Countywide",0.92,0.97,0.99,10.29,14.49,1.01,0,68
"1257","Starke","Residential Vacant","California",NA,NA,NA,NA,NA,NA,NA,0
"df_sp338","Starke","Residential Vacant","Center",0.94,1.01,1.04,9.05,13.07,1,0,16
"df_sp339","Starke","Residential Vacant","Davis",0.88,0.92,0.97,8.02,12.28,0.99,0,13
"2.5%626","Starke","Residential Vacant","North Bend",0.92,0.98,1,8.04,11.41,1,0,23
"df_sp340","Starke","Residential Vacant","Railroad",0.87,1.06,1.2,10.12,13.79,1.01,0,5
"df_sp341","Starke","Residential Vacant","Washington",0.8,0.91,1.01,18.4,28.05,1.07,0,7
"2.5%627","Starke","Residential Improved","Countywide",0.91,0.92,0.93,9.78,13.03,1.01,0,697
"2.5%628","Starke","Residential Improved","California",0.9,0.92,0.95,10.74,14.08,1,0,83
"2.5%629","Starke","Residential Improved","Center",0.91,0.93,0.94,9.07,12.33,1.01,0,192
"2.5%630","Starke","Residential Improved","Davis",0.87,0.9,0.96,9.71,12.66,1.01,0,37
"df_sp342","Starke","Residential Improved","Jackson",0.76,0.9,0.98,9.59,11.8,1.03,0,10
"2.5%631","Starke","Residential Improved","North Bend",0.89,0.91,0.93,8.85,11.87,1.02,0,54
"2.5%632","Starke","Residential Improved","Oregon",0.89,0.92,0.95,9.55,12.3,1.01,0,89
"2.5%633","Starke","Residential Improved","Railroad",0.9,0.93,0.96,8.46,13.23,1.01,0,21
"2.5%634","Starke","Residential Improved","Washington",0.87,0.9,0.97,11.32,14.48,1.02,0,56
"2.5%635","Starke","Residential Improved","Wayne",0.91,0.92,0.93,10.17,13.85,1.02,0,155
"1258","Steuben","Industrial Vacant","Countywide",NA,NA,NA,NA,NA,NA,NA,0
"1259","Steuben","Industrial Improved","Countywide",NA,NA,NA,NA,NA,NA,NA,0
"1260","Steuben","Commercial Vacant","Countywide",NA,NA,NA,NA,NA,NA,NA,0
"df_sp343","Steuben","Commercial Improved","Countywide",0.71,0.88,0.98,15.02,18.77,1.02,0,13
"df_sp344","Steuben","Commercial Improved","Pleasant",0.71,0.88,0.98,15.02,18.77,1.02,0,13
"1261","Steuben","Commercial Improved","Clear Lake",NA,NA,NA,NA,NA,NA,NA,0
"df_sp345","Steuben","Residential Vacant","Countywide",0.87,1.01,1.07,8.02,10.17,1.03,0,7
"df_sp346","Steuben","Residential Vacant","Pleasant",0.87,0.98,1.07,8.78,10.68,1.03,0,6
"1262","Steuben","Residential Vacant","Clear Lake",NA,NA,NA,NA,NA,NA,NA,0
"2.5%636","Steuben","Residential Improved","Countywide",0.95,0.97,0.99,19.17,59.65,1.09,0,377
"2.5%637","Steuben","Residential Improved","Clear Lake",0.94,0.99,1,12.08,15.89,1.03,0,60
"2.5%638","Steuben","Residential Improved","Jackson",0.88,0.94,1.01,11.65,14.32,1,0,30
"2.5%639","Steuben","Residential Improved","Jamestown",0.86,0.94,1.02,12.44,14.31,1.03,0,37
"2.5%640","Steuben","Residential Improved","Otsego",0.89,0.92,0.97,13.36,17.98,1.02,0,46
"2.5%641","Steuben","Residential Improved","Pleasant",0.95,0.98,1,26.96,78.44,1.16,0,173
"2.5%642","Steuben","Residential Improved","Salem",0.93,0.95,1,10.93,15.07,1.02,0,31
"1263","Sullivan","Industrial Vacant","Countywide",NA,NA,NA,NA,NA,NA,NA,0
"1264","Sullivan","Industrial Improved","Countywide",NA,NA,NA,NA,NA,NA,NA,0
"1265","Sullivan","Commercial Vacant","Countywide",NA,NA,NA,NA,NA,NA,NA,0
"df_sp347","Sullivan","Commercial Improved","Countywide",0.83,1.03,1.16,16.63,20.08,0.99,0,10
"1266","Sullivan","Residential Vacant","Countywide",NA,NA,NA,NA,NA,NA,NA,0
"2.5%643","Sullivan","Residential Improved","Countywide",0.88,0.92,0.97,13.72,16.12,1.02,0,168
"2.5%644","Sullivan","Residential Improved","Cass",0.88,0.97,1.01,12.68,15.57,1.02,0,52
"df_sp348","Sullivan","Residential Improved","Haddon",0.92,0.99,1.09,12.46,17.37,1.02,0,9
"2.5%645","Sullivan","Residential Improved","Hamilton",0.87,0.9,0.95,13.72,16.14,1.02,0,107
"1267","Switzerland","Industrial Vacant","Countywide",NA,NA,NA,NA,NA,NA,NA,0
"1268","Switzerland","Industrial Improved","Countywide",NA,NA,NA,NA,NA,NA,NA,0
"1269","Switzerland","Commercial Vacant","Countywide",NA,NA,NA,NA,NA,NA,NA,0
"df_sp349","Switzerland","Commercial Improved","Countywide",0.89,0.95,1.12,14.78,20.8,1.02,0,6
"1270","Switzerland","Residential Vacant","Countywide",NA,NA,NA,NA,NA,NA,NA,0
"2.5%646","Switzerland","Residential Improved","Countywide",0.88,0.92,0.96,11.04,13.23,1.03,0,82
"2.5%647","Switzerland","Residential Improved","Craig",0.85,0.92,0.95,11.07,14.01,1.01,0,34
"df_sp350","Switzerland","Residential Improved","Cotton",0.83,0.92,1.11,11.03,13.97,1.03,0,11
"2.5%648","Switzerland","Residential Improved","Jefferson",0.86,0.93,0.99,11,12.58,1.03,0,37
"1271","Tippecanoe","Industrial Vacant","Countywide",NA,NA,NA,NA,NA,NA,NA,0
"df_sp351","Tippecanoe","Industrial Improved","Countywide",0.97,1,1.33,16.59,22.15,1.03,0,6
"1272","Tippecanoe","Commercial Vacant","Countywide",NA,NA,NA,NA,NA,NA,NA,0
"2.5%649","Tippecanoe","Commercial Improved","Countywide",0.87,0.91,0.95,15.73,19.69,1,0,58
"2.5%650","Tippecanoe","Residential Vacant","Countywide",0.92,0.94,0.94,7.21,9.88,1.01,0,178
"2.5%651","Tippecanoe","Residential Vacant","Fairfield",0.86,0.9,0.94,7.34,10.55,1.01,0,36
"df_sp352","Tippecanoe","Residential Vacant","Perry",0.87,0.9,0.94,5.69,7.77,1.01,0,11
"df_sp353","Tippecanoe","Residential Vacant","Shelby",0.86,0.93,0.96,6.36,9.07,1.01,0,7
"2.5%652","Tippecanoe","Residential Vacant","Tippecanoe",0.94,0.94,0.94,6.41,9.22,1.02,0,56
"2.5%653","Tippecanoe","Residential Vacant","Union",0.89,0.94,0.96,4.6,5.8,1,0,26
"2.5%654","Tippecanoe","Residential Vacant","Wabash",0.84,0.92,0.94,9.65,12.38,0.99,0,42
"2.5%655","Tippecanoe","Residential Improved","Countywide",0.89,0.9,0.9,11.32,20.17,1.02,0,2857
"2.5%656","Tippecanoe","Residential Improved","Fairfield",0.89,0.89,0.91,13.78,19.17,1.03,0,848
"df_sp354","Tippecanoe","Residential Improved","Jackson",0.86,0.9,0.94,7.07,9.24,1,0,17
"2.5%657","Tippecanoe","Residential Improved","Lauramie",0.84,0.9,0.94,13.79,17.19,1.02,0,33
"2.5%658","Tippecanoe","Residential Improved","Perry",0.89,0.91,0.93,11.92,19.06,1.02,0,202
"2.5%659","Tippecanoe","Residential Improved","Sheffield",0.87,0.9,0.93,8.9,11.71,1,0,62
"2.5%660","Tippecanoe","Residential Improved","Shelby",0.84,0.89,0.95,9.53,11.77,1.01,0,28
"2.5%661","Tippecanoe","Residential Improved","Tippecanoe",0.89,0.9,0.91,8.47,12.5,1.01,0,271
"2.5%662","Tippecanoe","Residential Improved","Union",0.88,0.9,0.92,10.19,15.29,0.99,0,41
"2.5%663","Tippecanoe","Residential Improved","Wabash",0.88,0.9,0.9,9.36,15.51,1.01,0,543
"df_sp355","Tippecanoe","Residential Improved","Wayne",0.79,0.9,0.96,14.87,19.14,1.02,0,13
"2.5%664","Tippecanoe","Residential Improved","Wea",0.89,0.9,0.91,11.05,26.76,1.01,0,783
"1273","Tipton","Industrial Vacant","Countywide",NA,NA,NA,NA,NA,NA,NA,0
"1274","Tipton","Industrial Improved","Countywide",NA,NA,NA,NA,NA,NA,NA,0
"1275","Tipton","Commercial Vacant","Countywide",NA,NA,NA,NA,NA,NA,NA,0
"df_sp356","Tipton","Commercial Improved","Countywide",0.88,0.95,1.03,11.87,15.17,1.03,0,6
"df_sp357","Tipton","Residential Vacant","Countywide",0.65,0.95,1.17,17.43,23.01,0.99,0,5
"2.5%665","Tipton","Residential Improved","Countywide",0.92,0.94,0.96,13.72,17.28,1.02,0,401
"2.5%666","Tipton","Residential Improved","Cicero",0.92,0.94,0.96,14.47,18.12,1.03,0,279
"df_sp358","Tipton","Residential Improved","Jefferson",0.89,0.94,1.01,10.76,13.4,1.03,0,19
"2.5%667","Tipton","Residential Improved","Liberty",0.88,0.94,0.98,11.83,14.88,1.01,0,52
"df_sp359","Tipton","Residential Improved","Madison",0.89,0.95,1.05,12.8,16.18,1.01,0,18
"df_sp360","Tipton","Residential Improved","Prairie",0.91,0.94,1.03,13.3,17.18,1.02,0,18
"df_sp361","Tipton","Residential Improved","Wildcat",0.91,0.94,1.1,11.81,14.25,1,0,15
"1276","Union","Industrial Vacant","Countywide",NA,NA,NA,NA,NA,NA,NA,0
"1277","Union","Industrial Improved","Countywide",NA,NA,NA,NA,NA,NA,NA,0
"1278","Union","Commercial Vacant","Countywide",NA,NA,NA,NA,NA,NA,NA,0
"1279","Union","Commercial Improved","Countywide",NA,NA,NA,NA,NA,NA,NA,0
"1280","Union","Residential Vacant","Countywide",NA,NA,NA,NA,NA,NA,NA,0
"2.5%668","Union","Residential Improved","Countywide",0.92975,0.96,0.98,13.84,17.21,1.02,0,123
"2.5%669","Union","Residential Improved","Brownsville",0.91,0.97,0.99,13.53,17.62,1.01,0,32
"2.5%670","Union","Residential Improved","Harrison",0.85,0.96,1.05025,13.32,16.1,1.03,0,24
"2.5%671","Union","Residential Improved","Center",0.91,0.96,0.99,14.21,17.59,1.03,0,67
"1281","Vanderburgh","Industrial Vacant","Countywide",NA,NA,NA,NA,NA,NA,NA,0
"1282","Vanderburgh","Industrial Improved","Countywide",NA,NA,NA,NA,NA,NA,NA,0
"1283","Vanderburgh","Commercial Vacant","Countywide",NA,NA,NA,NA,NA,NA,NA,0
"2.5%672","Vanderburgh","Commercial Improved","Countywide",0.83,0.91,0.96,17,20.14,1.01,0,80
"df_sp362","Vanderburgh","Commercial Improved","Center",0.75,0.91,1.04,16.52,19.93,1,0,16
"2.5%673","Vanderburgh","Commercial Improved","Knight",0.81,0.93,1.02,17.99,21.64,1.02,0,40
"2.5%674","Vanderburgh","Commercial Improved","Pigeon",0.81,0.9,1.01,15.25,18.53,1.01,0,23
"1284","Vanderburgh","Commercial Improved","Armstrong",NA,NA,NA,NA,NA,NA,NA,0
"2.5%675","Vanderburgh","Residential Vacant","Countywide",0.72,0.78,0.93,21.49,23.83,1,0,21
"2.5%676","Vanderburgh","Residential Improved","Countywide",0.97,0.98,0.98,13.23,17.97,1.01,0,2594
"2.5%677","Vanderburgh","Residential Improved","Armstrong",0.85,0.9,0.99,14.61,18.46,1.03,0,28
"2.5%678","Vanderburgh","Residential Improved","Center",0.98,0.99,1,11.38,16.35,1.01,0,729
"2.5%679","Vanderburgh","Residential Improved","Perry",0.89,0.92,0.94,15.01,18.41,1.01,0,308
"2.5%680","Vanderburgh","Residential Improved","Knight",0.97,0.98,0.99,14.31,19.33,1.01,0,984
"2.5%681","Vanderburgh","Residential Improved","Pigeon",0.92,0.95,0.97025,14.89,18.02,1.01,0,264
"2.5%682","Vanderburgh","Residential Improved","Scott",0.98,0.99,1,9.99,14.28,1.01,0,281
"1285","Vermillion","Industrial Vacant","Countywide",NA,NA,NA,NA,NA,NA,NA,0
"1286","Vermillion","Industrial Improved","Countywide",NA,NA,NA,NA,NA,NA,NA,0
"1287","Vermillion","Commercial Vacant","Countywide",NA,NA,NA,NA,NA,NA,NA,0
"1288","Vermillion","Commercial Improved","Countywide",NA,NA,NA,NA,NA,NA,NA,0
"df_sp363","Vermillion","Residential Vacant","Countywide",0.84,0.93,1.07,15.14,19.27,1,0,6
"2.5%683","Vermillion","Residential Improved","Countywide",0.84,0.91,0.93,13.67,17.05,1.01,0,100
"2.5%684","Vermillion","Residential Improved","Clinton",0.82,0.9,0.93,14.8,18,1.03,0,63
"df_sp364","Vermillion","Residential Improved","Eugene",0.83,0.92,0.98,11.23,16.31,1.02,0,6
"df_sp365","Vermillion","Residential Improved","Helt",0.83,0.95,1.02,11.79,14.77,0.98,0,16
"df_sp366","Vermillion","Residential Improved","Highland",0.78,0.92,0.95,13.9,20.2,1,0,10
"df_sp367","Vermillion","Residential Improved","Vermillion",0.79,0.9,0.93,5.18,7.07,1,0,5
"1289","Vigo","Industrial Vacant","Countywide",NA,NA,NA,NA,NA,NA,NA,0
"1290","Vigo","Industrial Improved","Countywide",NA,NA,NA,NA,NA,NA,NA,0
"1291","Vigo","Commercial Vacant","Countywide",NA,NA,NA,NA,NA,NA,NA,0
"2.5%685","Vigo","Commercial Improved","Countywide",0.82,0.95,1.01,14.67,18.17,1,0,35
"df_sp368","Vigo","Residential Vacant","Countywide",0.91,1,1.07,12.56,16.7,1.03,0,18
"2.5%686","Vigo","Residential Improved","Countywide",0.89,0.91,0.92,13.99,16.57,1.03,0,769
"df_sp369","Vigo","Residential Improved","Fayette",0.87,1.02,1.16,15.1,16.64,1.03,0,16
"2.5%687","Vigo","Residential Improved","Harrison",0.88,0.9,0.92,14.36,16.93,1.03,0,453
"2.5%688","Vigo","Residential Improved","Honey Creek",0.87,0.9,0.93,13.88,17.53,1.03,0,79
"2.5%689","Vigo","Residential Improved","Lost Creek",0.87,0.9,0.92,11.7,15.06,1.03,0,96
"2.5%690","Vigo","Residential Improved","Otter Creek",0.84,0.93,1.02,14.09,15.38,1.03,0,40
"2.5%691","Vigo","Residential Improved","Pierson",0.83,0.93,0.99,12.74,16.29,1.04,0,22
"2.5%692","Vigo","Residential Improved","Riley",0.87,0.91,1.03025,11.43,14.21,1.02,0,24
"2.5%693","Vigo","Residential Improved","Sugar Creek",0.9,0.99,1.1,12.69,14.51,1.03,0,33
"1292","Wabash","Industrial Vacant","Countywide",NA,NA,NA,NA,NA,NA,NA,0
"1293","Wabash","Industrial Improved","Countywide",NA,NA,NA,NA,NA,NA,NA,0
"1294","Wabash","Commercial Vacant","Countywide",NA,NA,NA,NA,NA,NA,NA,0
"df_sp370","Wabash","Commercial Improved","Countywide",0.82,0.94,1,11.66,14.07,1,0,17
"df_sp371","Wabash","Commercial Improved","Chester",0.73,1,1.13,13.27,18.52,1,0,5
"df_sp372","Wabash","Commercial Improved","Noble",0.82,0.92,0.98,10.46,12.56,1,0,12
"1295","Wabash","Residential Vacant","Countywide",NA,NA,NA,NA,NA,NA,NA,0
"2.5%694","Wabash","Residential Improved","Countywide",0.93,0.95,0.96,12.4,15.29,1.02,0,709
"2.5%695","Wabash","Residential Improved","Chester",0.93,0.97,0.99,11.76,15.02,1.01,0,149
"2.5%696","Wabash","Residential Improved","Lagro",0.88,0.95,1.031,13.2,15.08,1.03,0,35
"2.5%697","Wabash","Residential Improved","Liberty",0.91,0.95,1.02,12.78,15.63,1.03,0,38
"2.5%698","Wabash","Residential Improved","Noble",0.92,0.94,0.96,13.03,15.81,1.03,0,403
"2.5%699","Wabash","Residential Improved","Paw Paw",0.87,0.91,0.98,10.53,13.53,1.01,0,27
"2.5%700","Wabash","Residential Improved","Pleasant",0.89,0.94,0.99,11.52,14.89,1.03,0,33
"2.5%701","Wabash","Residential Improved","Waltz",0.94,0.98,1.04,6.92,8.76,1.01,0,24
"1296","Warren","Industrial Vacant","Countywide",NA,NA,NA,NA,NA,NA,NA,0
"1297","Warren","Industrial Improved","Countywide",NA,NA,NA,NA,NA,NA,NA,0
"1298","Warren","Commercial Vacant","Countywide",NA,NA,NA,NA,NA,NA,NA,0
"df_sp373","Warren","Commercial Improved","Countywide",0.8,0.88,1.01,18.95,25.88,1.2,0,6
"df_sp374","Warren","Residential Vacant","Countywide",0.87,0.94,1.06,15.48,21.75,1.01,0,14
"2.5%702","Warren","Residential Improved","Countywide",0.89,0.95,0.99,25.52,79.37,1.11,0,193
"2.5%703","Warren","Residential Improved","Adams",0.89,0.96,1.02025,18.55,34.69,1.03,0,57
"2.5%704","Warren","Residential Improved","Jordan",0.87,0.95,1.02,14.7,17.52,1.03,0,51
"2.5%705","Warren","Residential Improved","Washington",0.87,0.92,0.99,37.26,104.09,1.2,0,85
"1299","Warrick","Industrial Vacant","Countywide",NA,NA,NA,NA,NA,NA,NA,0
"df_sp375","Warrick","Industrial Improved","Countywide",0.71,0.94,0.98,12.87,19.87,0.99,0,7
"df_sp376","Warrick","Commercial Vacant","Countywide",0.79,0.96,1,7.26,9.8,0.96,0,8
"2.5%706","Warrick","Commercial Improved","Countywide",0.85,0.9,0.93,14.39,20.17,1.01,0,39
"df_sp377","Warrick","Commercial Improved","Boon",0.81,0.88,0.91,11.04,15.22,1.01,0,12
"2.5%707","Warrick","Commercial Improved","Ohio",0.71,0.92,0.93,15.58,22.33,1.01,0,27
"2.5%708","Warrick","Residential Vacant","Countywide",0.92,0.93,0.96,11.79,17.08,1.01,0,197
"df_sp378","Warrick","Residential Vacant","Hart",0.98,0.98,1.02,9.52,16.92,1.02,0,10
"2.5%709","Warrick","Residential Vacant","Boon",0.9,0.93,0.97,14.59,20.41,1,0,69
"df_sp379","Warrick","Residential Vacant","Campbell",0.91,0.94,1,7.07,11.49,0.99,0,9
"df_sp380","Warrick","Residential Vacant","Greer",0.94,0.96,1.07,7.79,12.11,0.98,0,8
"2.5%710","Warrick","Residential Vacant","Ohio",0.9,0.92,0.94,10.38,15.57,1.02,0,101
"2.5%711","Warrick","Residential Improved","Countywide",0.9,0.91,0.91,9.91,14.24,1.01,0,1129
"df_sp381","Warrick","Residential Improved","Anderson",0.79,0.91,0.99,14.12,18.52,0.99,0,13
"2.5%712","Warrick","Residential Improved","Boon",0.9,0.91,0.92,12.35,17.2,1.02,0,241
"df_sp382","Warrick","Residential Improved","Campbell",0.84,0.9,0.95,9.6,13.75,0.99,0,9
"2.5%713","Warrick","Residential Improved","Greer",0.86,0.91,0.96,12.13,17.32,1.01,0,26
"df_sp383","Warrick","Residential Improved","Hart",0.86,0.9,0.97,11.25,17.57,1.02,0,14
"df_sp384","Warrick","Residential Improved","Pigeon",0.81,0.92,0.96,11.71,15.56,0.99,0,19
"2.5%714","Warrick","Residential Improved","Ohio",0.9,0.91,0.92,8.88,12.78,1.01,0,789
"df_sp385","Warrick","Residential Improved","Skelton",0.87,0.91,0.93,13.55,19.93,1.01,0,18
"1300","Washington","Industrial Vacant","Countywide",NA,NA,NA,NA,NA,NA,NA,0
"1301","Washington","Industrial Improved","Countywide",NA,NA,NA,NA,NA,NA,NA,0
"1302","Washington","Commercial Vacant","Countywide",NA,NA,NA,NA,NA,NA,NA,0
"df_sp386","Washington","Commercial Improved","Countywide",0.81,0.91,1.14,16.17,21.61,1.02,0,10
"df_sp387","Washington","Residential Vacant","Countywide",0.91,0.96,1.07,15.51,18.93,1,0,18
"2.5%715","Washington","Residential Improved","Countywide",0.89,0.91,0.93,12.79,15.74,1.02,0,284
"df_sp388","Washington","Residential Improved","Brown",0.83,0.91,1.01,10.85,13.46,1.02,0,13
"df_sp389","Washington","Residential Improved","Franklin",0.85,0.93,1.01,10.17,12.07,1.01,0,12
"df_sp390","Washington","Residential Improved","Howard",0.8,0.94,0.97,10.55,13.93,1,0,17
"2.5%716","Washington","Residential Improved","Pierce",0.87,0.92,0.99,13.97,17.22,1.02,0,34
"df_sp391","Washington","Residential Improved","Polk",0.86,0.9,0.94,8.79,14.14,1.01,0,9
"df_sp392","Washington","Residential Improved","Posey",0.83,0.92,0.97,10.44,13.3,1.02,0,15
"2.5%717","Washington","Residential Improved","Washington",0.87,0.9,0.93,13.41,16.36,1.02,0,184
"1303","Wayne","Industrial Vacant","Countywide",NA,NA,NA,NA,NA,NA,NA,0
"1304","Wayne","Industrial Improved","Countywide",NA,NA,NA,NA,NA,NA,NA,0
"1305","Wayne","Commercial Vacant","Countywide",NA,NA,NA,NA,NA,NA,NA,0
"2.5%718","Wayne","Commercial Improved","Countywide",0.9195,0.95,0.97,6.23,7.63,1,0,39
"df_sp393","Wayne","Commercial Improved","Center",0.87,0.95,0.99,5.02,6.47,1,0,8
"2.5%719","Wayne","Commercial Improved","Wayne",0.9,0.95,0.98,6.55,8,1,0,31
"df_sp394","Wayne","Residential Vacant","Countywide",0.92,0.94,0.96,2.89,3.76,1.01,0,14
"2.5%720","Wayne","Residential Improved","Countywide",0.95,0.95,0.96,5.97,27.18,1.01,0,934
"df_sp395","Wayne","Residential Improved","Dalton",0.96,0.97,0.98,1.47,1.99,1,0,6
"df_sp396","Wayne","Residential Improved","Clay",0.86,0.96,0.97,4.61,6.7,1,0,13
"2.5%721","Wayne","Residential Improved","Center",0.94,0.95,0.96,4.3,5.53,1,0,114
"df_sp397","Wayne","Residential Improved","Franklin",0.86,0.96,0.98,5.59,6.79,0.99,0,14
"2.5%722","Wayne","Residential Improved","Jackson",0.9,0.95,0.96,5.51,6.61,1,0,69
"2.5%723","Wayne","Residential Improved","Jefferson",0.92,0.95,0.96,5.14,6.06,1,0,61
"2.5%724","Wayne","Residential Improved","Wayne",0.95,0.95,0.96,6.59,33.98,1.01,0,580
"df_sp398","Wayne","Residential Improved","Abington",0.87,0.96,0.98,3.79,5.35,1,0,5
"df_sp399","Wayne","Residential Improved","Boston",0.85,0.95,0.97,5.74,7.32,0.99,0,13
"df_sp400","Wayne","Residential Improved","Greene",0.85,0.96,0.98,5.17,6.77,1,0,8
"2.5%725","Wayne","Residential Improved","New Garden",0.89,0.95,0.97,5.35,6.63,1,0,26
"df_sp401","Wayne","Residential Improved","Washington",0.87,0.95,0.98,5.44,6.78,1,0,13
"df_sp402","Wayne","Residential Improved","Webster",0.89,0.95,0.98,5.3,6.19,1,0,12
"1306","Wells","Industrial Vacant","Countywide",NA,NA,NA,NA,NA,NA,NA,0
"1307","Wells","Industrial Improved","Countywide",NA,NA,NA,NA,NA,NA,NA,0
"1308","Wells","Commercial Vacant","Countywide",NA,NA,NA,NA,NA,NA,NA,0
"df_sp403","Wells","Commercial Improved","Countywide",0.87,1.01,1.1,103.48,144.87,1.6,0,9
"2.5%726","Wells","Residential Vacant","Countywide",0.98,1,1.04,9.04,13.31,0.99,0,20
"1309","Wells","Residential Vacant","Jefferson",NA,NA,NA,NA,NA,NA,NA,0
"df_sp404","Wells","Residential Vacant","Lancaster",0.99,1.01,1.14,8.54,11.7,1.02,0,10
"1310","Wells","Residential Vacant","Rockcreek",NA,NA,NA,NA,NA,NA,NA,0
"df_sp405","Wells","Residential Vacant","Chester",0.79,0.99,1.3,12.29,18.95,1.01,0,5
"2.5%727","Wells","Residential Improved","Countywide",1,1,1.01,21.32,76.88,1.1,0,617
"df_sp406","Wells","Residential Improved","Chester",0.97,1.01,1.08,41.06,96.14,1.25,0,14
"2.5%728","Wells","Residential Improved","Harrison",0.99,1,1.02,11.03,15.19,1.01,0,229
"df_sp407","Wells","Residential Improved","Jackson",0.96,1.02,1.38,28.61,42.35,1.02,0,7
"2.5%729","Wells","Residential Improved","Jefferson",1,1,1.02,26.82,94.28,1.16,0,163
"2.5%730","Wells","Residential Improved","Lancaster",0.99,1,1.02,26.45,95.03,1.15,0,127
"df_sp408","Wells","Residential Improved","Liberty",0.94,0.99,1.04,10.43,15.93,0.99,0,14
"df_sp409","Wells","Residential Improved","Nottingham",0.91,1,1.12,9.89,11.99,1,0,11
"2.5%731","Wells","Residential Improved","Rockcreek",0.96,1.02,1.1,58.33,94.97,1.33,0,28
"2.5%732","Wells","Residential Improved","Union",0.94,1,1.07,7.94,9.32,1.01,0,24
"1311","White","Industrial Vacant","Countywide",NA,NA,NA,NA,NA,NA,NA,0
"1312","White","Industrial Improved","Countywide",NA,NA,NA,NA,NA,NA,NA,0
"1313","White","Commercial Vacant","Countywide",NA,NA,NA,NA,NA,NA,NA,0
"df_sp410","White","Commercial Improved","Countywide",0.84,0.92,1.02,18.82,24.15,1.01,0,19
"df_sp411","White","Residential Vacant","Countywide",0.88,0.94,1.07,19.66,26.18,0.99,0,16
"1314","White","Residential Vacant","Liberty",NA,NA,NA,NA,NA,NA,NA,0
"df_sp412","White","Residential Vacant","Monon",0.87,1.04,1.28,19.8,27.34,0.96,0,6
"df_sp413","White","Residential Vacant","Union",0.74,0.93,0.96,16.24,27.21,1,0,7
"1315","White","Residential Vacant","Big Creek",NA,NA,NA,NA,NA,NA,NA,0
"2.5%733","White","Residential Improved","Countywide",0.89,0.91,0.92,17.18,59.56,1.04,0,803
"2.5%734","White","Residential Improved","Big Creek",0.79,0.9,0.95,12.65,15.81,1.01,0,22
"df_sp414","White","Residential Improved","Cass",0.78,0.9,0.91,5.73,8.66,1,0,6
"2.5%735","White","Residential Improved","Honey Creek",0.85,0.91,1,15.18,19.23,1,0,26
"df_sp415","White","Residential Improved","Jackson",0.82,0.91,0.98,8.41,9.74,1,0,10
"2.5%736","White","Residential Improved","Liberty",0.86,0.9,0.94,17.79,35.01,1.03,0,104
"df_sp416","White","Residential Improved","Lincoln",0.61,0.91,0.98,13.66,19.91,1,0,5
"2.5%737","White","Residential Improved","Monon",0.88,0.92,0.96,19.64,53.45,1.07,0,99
"2.5%738","White","Residential Improved","Prairie",0.88,0.91,0.96,14.69,18.1,1.02,0,123
"2.5%739","White","Residential Improved","Princeton",0.86,0.9,0.94,11.21,16.4,1.03,0,27
"df_sp417","White","Residential Improved","Round Grove",0.82,0.9,0.97,8.04,11.29,1,0,6
"2.5%740","White","Residential Improved","Union",0.88,0.9,0.92,18.58,78.45,1.05,0,375
"1316","Whitley","Industrial Vacant","Countywide",NA,NA,NA,NA,NA,NA,NA,0
"df_sp418","Whitley","Industrial Improved","Countywide",0.44,0.68,0.91,22.6,28.34,0.97,0,5
"1317","Whitley","Commercial Vacant","Countywide",NA,NA,NA,NA,NA,NA,NA,0
"df_sp419","Whitley","Commercial Improved","Countywide",0.67,1.03,1.19,29.23,45.53,1.92,0,9
"1318","Whitley","Commercial Improved","Columbia",NA,NA,NA,NA,NA,NA,NA,0
"df_sp420","Whitley","Commercial Improved","Cleveland",0.15,1.19,1.7,35.69,60.71,2.9,0,5
"df_sp421","Whitley","Residential Vacant","Countywide",0.35,0.61,0.86,48.58,67.8,1.41,0,8
"2.5%741","Whitley","Residential Improved","Countywide",0.94,0.95,0.95,11.38,15.58,1.01,0,671
"2.5%742","Whitley","Residential Improved","Cleveland",0.88,0.95,1.03,14.02,16.83,1.01,0,41
"2.5%743","Whitley","Residential Improved","Columbia",0.94,0.95,0.96,10.89,14.72,1.01,0,338
"2.5%744","Whitley","Residential Improved","Etna Troy",0.85,0.94,0.96,10.63,14.4,0.98,0,26
"2.5%745","Whitley","Residential Improved","Jefferson",0.90975,0.94,0.99,8.13,10.7,1.03,0,26
"df_sp422","Whitley","Residential Improved","Richland",0.84,0.93,1.07,14.12,16.82,1,0,15
"2.5%746","Whitley","Residential Improved","Smith",0.92,0.95,0.96,11.14,15.04,1.01,0,95
"2.5%747","Whitley","Residential Improved","Thorncreek",0.89,0.94,0.97,14.41,21.87,1.01,0,69
"2.5%748","Whitley","Residential Improved","Union",0.92,0.95,0.97,9.1,12.79,1.01,0,50
"df_sp423","Whitley","Residential Improved","Washington",0.83,0.95,1.05,13.84,18.85,1.01,0,11
